timestamp,ticker,close
2026-07-17 15:15,VNM,59000.0
2026-07-17 15:15,VIC,220000.0
2026-07-17 15:15,VHM,140500.0
2026-07-17 15:15,HPG,21850.0
2026-07-17 15:15,FPT,67000.0
2026-07-17 15:15,MWG,76700.0
2026-07-17 15:15,VCB,58500.0
2026-07-17 15:15,TCB,31450.0
2026-07-17 15:15,MBB,23750.0
2026-07-17 15:15,SSI,24250.0
2026-07-17 15:25,VNM,59000.0
2026-07-17 15:25,VIC,220000.0
2026-07-17 15:25,VHM,140500.0
2026-07-17 15:25,HPG,21850.0
2026-07-17 15:25,FPT,67000.0
2026-07-17 15:25,MWG,76700.0
2026-07-17 15:25,VCB,58500.0
2026-07-17 15:25,TCB,31450.0
2026-07-17 15:25,MBB,23750.0
2026-07-17 15:25,SSI,24250.0
2026-07-17 15:30,VNM,59000.0
2026-07-17 15:30,VIC,220000.0
2026-07-17 15:30,VHM,140500.0
2026-07-17 15:30,HPG,21850.0
2026-07-17 15:30,FPT,67000.0
2026-07-17 15:30,MWG,76700.0
2026-07-17 15:30,VCB,58500.0
2026-07-17 15:30,TCB,31450.0
2026-07-17 15:30,MBB,23750.0
2026-07-17 15:30,SSI,24250.0
2026-07-17 16:31,VNM,59000.0
2026-07-17 16:31,VIC,220000.0
2026-07-17 16:31,VHM,140500.0
2026-07-17 16:31,HPG,21850.0
2026-07-17 16:31,FPT,67000.0
2026-07-17 16:31,MWG,76700.0
2026-07-17 16:31,VCB,58500.0
2026-07-17 16:31,TCB,31450.0
2026-07-17 16:31,MBB,23750.0
2026-07-17 16:31,SSI,24250.0
2026-07-17 22:01,VNM,59000.0
2026-07-17 22:01,VIC,220000.0
2026-07-17 22:01,VHM,140500.0
2026-07-17 22:01,HPG,21850.0
2026-07-17 22:01,FPT,67000.0
2026-07-17 22:01,MWG,76700.0
2026-07-17 22:01,VCB,58500.0
2026-07-17 22:01,TCB,31450.0
2026-07-17 22:01,MBB,23750.0
2026-07-17 22:01,SSI,24250.0
2026-07-18 01:44,VNM,56200.0
2026-07-18 01:44,VIC,223000.0
2026-07-18 01:44,VHM,142800.0
2026-07-18 01:44,HPG,22200.0
2026-07-18 01:44,FPT,68000.0
2026-07-18 01:44,MWG,76700.0
2026-07-18 01:44,VCB,59400.0
2026-07-18 01:44,TCB,31900.0
2026-07-18 01:44,MBB,24150.0
2026-07-18 01:44,SSI,25000.0
2026-07-18 04:38,VNM,56200.0
2026-07-18 04:38,VIC,223000.0
2026-07-18 04:38,VHM,142800.0
2026-07-18 04:38,HPG,22200.0
2026-07-18 04:38,FPT,68000.0
2026-07-18 04:38,MWG,76700.0
2026-07-18 04:38,VCB,59400.0
2026-07-18 04:38,TCB,31900.0
2026-07-18 04:38,MBB,24150.0
2026-07-18 04:38,SSI,25000.0
2026-07-18 08:56,VNM,59000.0
2026-07-18 08:56,VIC,220000.0
2026-07-18 08:56,VHM,140500.0
2026-07-18 08:56,HPG,21850.0
2026-07-18 08:56,FPT,67000.0
2026-07-18 08:56,MWG,76700.0
2026-07-18 08:56,VCB,58500.0
2026-07-18 08:56,TCB,31450.0
2026-07-18 08:56,MBB,23750.0
2026-07-18 08:56,SSI,24250.0
2026-07-18 09:36,VNM,59000.0
2026-07-18 09:36,VIC,220000.0
2026-07-18 09:36,VHM,140500.0
2026-07-18 09:36,HPG,21850.0
2026-07-18 09:36,FPT,67000.0
2026-07-18 09:36,MWG,76700.0
2026-07-18 09:36,VCB,58500.0
2026-07-18 09:36,TCB,31450.0
2026-07-18 09:36,MBB,23750.0
2026-07-18 09:36,SSI,24250.0
2026-07-18 09:45,VCB,58500.0
2026-07-18 09:45,TCB,31450.0
2026-07-18 09:45,MBB,23750.0
2026-07-18 09:45,BID,38800.0
2026-07-18 09:45,CTG,32000.0
2026-07-18 09:45,ACB,23550.0
2026-07-18 09:45,VPB,25850.0
2026-07-18 09:45,VIC,220000.0
2026-07-18 09:45,VHM,140500.0
2026-07-18 09:45,NVL,12650.0
2026-07-18 09:45,KDH,18450.0
2026-07-18 09:45,MWG,76700.0
2026-07-18 09:45,PNJ,43000.0
2026-07-18 09:45,VNM,59000.0
2026-07-18 09:45,SAB,46900.0
2026-07-18 09:45,HPG,21850.0
2026-07-18 09:45,GVR,29700.0
2026-07-18 09:45,DGC,44800.0
2026-07-18 09:45,FPT,67000.0
2026-07-18 09:45,SSI,24250.0
2026-07-18 09:45,GAS,76200.0
2026-07-18 09:45,PLX,35200.0
2026-07-18 09:45,POW,13900.0
2026-07-18 09:45,VJC,131300.0
2026-07-18 09:56,VCB,58500.0
2026-07-18 09:56,TCB,31450.0
2026-07-18 09:56,MBB,23750.0
2026-07-18 09:56,BID,38800.0
2026-07-18 09:56,CTG,32000.0
2026-07-18 09:56,ACB,23550.0
2026-07-18 09:56,VPB,25850.0
2026-07-18 09:56,VIC,220000.0
2026-07-18 09:56,VHM,140500.0
2026-07-18 09:56,NVL,12650.0
2026-07-18 09:56,KDH,18450.0
2026-07-18 09:56,MWG,76700.0
2026-07-18 09:56,PNJ,43000.0
2026-07-18 09:56,VNM,59000.0
2026-07-18 09:56,SAB,46900.0
2026-07-18 09:56,HPG,21850.0
2026-07-18 09:56,GVR,29700.0
2026-07-18 09:56,DGC,44800.0
2026-07-18 09:56,FPT,67000.0
2026-07-18 09:56,SSI,24250.0
2026-07-18 09:56,GAS,76200.0
2026-07-18 09:56,PLX,35200.0
2026-07-18 09:56,POW,13900.0
2026-07-18 09:56,VJC,131300.0
2026-07-18 09:56,BSR,24900.0
2026-07-18 09:56,MCH,138900.0
2026-07-18 12:55,VCB,58500.0
2026-07-18 12:55,TCB,31450.0
2026-07-18 12:55,MBB,23750.0
2026-07-18 12:55,BID,38800.0
2026-07-18 12:55,CTG,32000.0
2026-07-18 12:55,ACB,23550.0
2026-07-18 12:55,VPB,25850.0
2026-07-18 12:55,VIC,220000.0
2026-07-18 12:55,VHM,140500.0
2026-07-18 12:55,NVL,12650.0
2026-07-18 12:55,KDH,18450.0
2026-07-18 12:55,MWG,76700.0
2026-07-18 12:55,PNJ,43000.0
2026-07-18 12:55,VNM,59000.0
2026-07-18 12:55,SAB,46900.0
2026-07-18 12:55,HPG,21850.0
2026-07-18 12:55,GVR,29700.0
2026-07-18 12:55,DGC,44800.0
2026-07-18 12:55,FPT,67000.0
2026-07-18 12:55,SSI,24250.0
2026-07-18 12:55,GAS,76200.0
2026-07-18 12:55,PLX,35200.0
2026-07-18 12:55,POW,13900.0
2026-07-18 12:55,VJC,131300.0
2026-07-18 12:55,BSR,24900.0
2026-07-18 12:55,MCH,138900.0
2026-07-18 17:48,VCB,58500.0
2026-07-18 17:48,TCB,31450.0
2026-07-18 17:48,MBB,23750.0
2026-07-18 17:48,BID,38800.0
2026-07-18 17:48,CTG,32000.0
2026-07-18 17:48,ACB,23550.0
2026-07-18 17:48,VPB,25850.0
2026-07-18 17:48,VIC,220000.0
2026-07-18 17:48,VHM,140500.0
2026-07-18 17:48,NVL,12650.0
2026-07-18 17:48,KDH,18450.0
2026-07-18 17:48,MWG,76700.0
2026-07-18 17:48,PNJ,43000.0
2026-07-18 17:48,VNM,59000.0
2026-07-18 17:48,SAB,46900.0
2026-07-18 17:48,HPG,21850.0
2026-07-18 17:48,GVR,29700.0
2026-07-18 17:48,DGC,44800.0
2026-07-18 17:48,FPT,67000.0
2026-07-18 17:48,SSI,24250.0
2026-07-18 17:48,GAS,76200.0
2026-07-18 17:48,PLX,35200.0
2026-07-18 17:48,POW,13900.0
2026-07-18 17:48,VJC,131300.0
2026-07-18 17:48,BSR,24900.0
2026-07-18 17:48,MCH,138900.0
2026-07-18 21:39,VCB,58500.0
2026-07-18 21:39,TCB,31450.0
2026-07-18 21:39,MBB,23750.0
2026-07-18 21:39,BID,38800.0
2026-07-18 21:39,CTG,32000.0
2026-07-18 21:39,ACB,23550.0
2026-07-18 21:39,VPB,25850.0
2026-07-18 21:39,VIC,220000.0
2026-07-18 21:39,VHM,140500.0
2026-07-18 21:39,NVL,12650.0
2026-07-18 21:39,KDH,18450.0
2026-07-18 21:39,MWG,76700.0
2026-07-18 21:39,PNJ,43000.0
2026-07-18 21:39,VNM,59000.0
2026-07-18 21:39,SAB,46900.0
2026-07-18 21:39,HPG,21850.0
2026-07-18 21:39,GVR,29700.0
2026-07-18 21:39,DGC,44800.0
2026-07-18 21:39,FPT,67000.0
2026-07-18 21:39,SSI,24250.0
2026-07-18 21:39,GAS,76200.0
2026-07-18 21:39,PLX,35200.0
2026-07-18 21:39,POW,13900.0
2026-07-18 21:39,VJC,131300.0
2026-07-18 21:39,BSR,24900.0
2026-07-18 21:39,MCH,138900.0
2026-07-19 01:11,VCB,58500.0
2026-07-19 01:11,TCB,31450.0
2026-07-19 01:11,MBB,23750.0
2026-07-19 01:11,BID,38800.0
2026-07-19 01:11,CTG,32000.0
2026-07-19 01:11,ACB,23550.0
2026-07-19 01:11,VPB,25850.0
2026-07-19 01:11,VIC,220000.0
2026-07-19 01:11,VHM,140500.0
2026-07-19 01:11,NVL,12650.0
2026-07-19 01:11,KDH,18450.0
2026-07-19 01:11,MWG,76700.0
2026-07-19 01:11,PNJ,43000.0
2026-07-19 01:11,VNM,59000.0
2026-07-19 01:11,SAB,46900.0
2026-07-19 01:11,HPG,21850.0
2026-07-19 01:11,GVR,29700.0
2026-07-19 01:11,DGC,44800.0
2026-07-19 01:11,FPT,67000.0
2026-07-19 01:11,SSI,24250.0
2026-07-19 01:11,GAS,76200.0
2026-07-19 01:11,PLX,35200.0
2026-07-19 01:11,POW,13900.0
2026-07-19 01:11,VJC,131300.0
2026-07-19 01:11,BSR,24900.0
2026-07-19 01:11,MCH,138900.0
2026-07-19 04:13,VCB,58500.0
2026-07-19 04:13,TCB,31450.0
2026-07-19 04:13,MBB,23750.0
2026-07-19 04:13,BID,38800.0
2026-07-19 04:13,CTG,32000.0
2026-07-19 04:13,ACB,23550.0
2026-07-19 04:13,VPB,25850.0
2026-07-19 04:13,VIC,220000.0
2026-07-19 04:13,VHM,140500.0
2026-07-19 04:13,NVL,12650.0
2026-07-19 04:13,KDH,18450.0
2026-07-19 04:13,MWG,76700.0
2026-07-19 04:13,PNJ,43000.0
2026-07-19 04:13,VNM,59000.0
2026-07-19 04:13,SAB,46900.0
2026-07-19 04:13,HPG,21850.0
2026-07-19 04:13,GVR,29700.0
2026-07-19 04:13,DGC,44800.0
2026-07-19 04:13,FPT,67000.0
2026-07-19 04:13,SSI,24250.0
2026-07-19 04:13,GAS,76200.0
2026-07-19 04:13,PLX,35200.0
2026-07-19 04:13,POW,13900.0
2026-07-19 04:13,VJC,131300.0
2026-07-19 04:13,BSR,24900.0
2026-07-19 04:13,MCH,138900.0
2026-07-19 13:49,VCB,58500.0
2026-07-19 13:49,TCB,31450.0
2026-07-19 13:49,MBB,23750.0
2026-07-19 13:49,BID,38800.0
2026-07-19 13:49,CTG,32000.0
2026-07-19 13:49,ACB,23550.0
2026-07-19 13:49,VPB,25850.0
2026-07-19 13:49,VIC,220000.0
2026-07-19 13:49,VHM,140500.0
2026-07-19 13:49,NVL,12650.0
2026-07-19 13:49,KDH,18450.0
2026-07-19 13:49,MWG,76700.0
2026-07-19 13:49,PNJ,43000.0
2026-07-19 13:49,VNM,59000.0
2026-07-19 13:49,SAB,46900.0
2026-07-19 13:49,HPG,21850.0
2026-07-19 13:49,GVR,29700.0
2026-07-19 13:49,DGC,44800.0
2026-07-19 13:49,FPT,67000.0
2026-07-19 13:49,SSI,24250.0
2026-07-19 13:49,GAS,76200.0
2026-07-19 13:49,PLX,35200.0
2026-07-19 13:49,POW,13900.0
2026-07-19 13:49,VJC,131300.0
2026-07-19 13:49,BSR,24900.0
2026-07-19 13:49,MCH,138900.0
2026-07-19 18:35,VCB,58500.0
2026-07-19 18:35,TCB,31450.0
2026-07-19 18:35,MBB,23750.0
2026-07-19 18:35,BID,38800.0
2026-07-19 18:35,CTG,32000.0
2026-07-19 18:35,ACB,23550.0
2026-07-19 18:35,VPB,25850.0
2026-07-19 18:35,VIC,220000.0
2026-07-19 18:35,VHM,140500.0
2026-07-19 18:35,NVL,12650.0
2026-07-19 18:35,KDH,18450.0
2026-07-19 18:35,MWG,76700.0
2026-07-19 18:35,PNJ,43000.0
2026-07-19 18:35,VNM,59000.0
2026-07-19 18:35,SAB,46900.0
2026-07-19 18:35,HPG,21850.0
2026-07-19 18:35,GVR,29700.0
2026-07-19 18:35,DGC,44800.0
2026-07-19 18:35,FPT,67000.0
2026-07-19 18:35,SSI,24250.0
2026-07-19 18:35,GAS,76200.0
2026-07-19 18:35,PLX,35200.0
2026-07-19 18:35,POW,13900.0
2026-07-19 18:35,VJC,131300.0
2026-07-19 18:35,BSR,24900.0
2026-07-19 18:35,MCH,138900.0
2026-07-19 22:34,VCB,58500.0
2026-07-19 22:34,TCB,31450.0
2026-07-19 22:34,MBB,23750.0
2026-07-19 22:34,BID,38800.0
2026-07-19 22:34,CTG,32000.0
2026-07-19 22:34,ACB,23550.0
2026-07-19 22:34,VPB,25850.0
2026-07-19 22:34,VIC,220000.0
2026-07-19 22:34,VHM,140500.0
2026-07-19 22:34,NVL,12650.0
2026-07-19 22:34,KDH,18450.0
2026-07-19 22:34,MWG,76700.0
2026-07-19 22:34,PNJ,43000.0
2026-07-19 22:34,VNM,59000.0
2026-07-19 22:34,SAB,46900.0
2026-07-19 22:34,HPG,21850.0
2026-07-19 22:34,GVR,29700.0
2026-07-19 22:34,DGC,44800.0
2026-07-19 22:34,FPT,67000.0
2026-07-19 22:34,SSI,24250.0
2026-07-19 22:34,GAS,76200.0
2026-07-19 22:34,PLX,35200.0
2026-07-19 22:34,POW,13900.0
2026-07-19 22:34,VJC,131300.0
2026-07-19 22:34,BSR,24900.0
2026-07-19 22:34,MCH,138900.0
2026-07-20 03:11,VCB,58500.0
2026-07-20 03:11,TCB,31450.0
2026-07-20 03:11,MBB,23750.0
2026-07-20 03:11,BID,38800.0
2026-07-20 03:11,CTG,32000.0
2026-07-20 03:11,ACB,23550.0
2026-07-20 03:11,VPB,25850.0
2026-07-20 03:11,VIC,220000.0
2026-07-20 03:11,VHM,140500.0
2026-07-20 03:11,NVL,12650.0
2026-07-20 03:11,KDH,18450.0
2026-07-20 03:11,MWG,76700.0
2026-07-20 03:11,PNJ,43000.0
2026-07-20 03:11,VNM,59000.0
2026-07-20 03:11,SAB,46900.0
2026-07-20 03:11,HPG,21850.0
2026-07-20 03:11,GVR,29700.0
2026-07-20 03:11,DGC,44800.0
2026-07-20 03:11,FPT,67000.0
2026-07-20 03:11,SSI,24250.0
2026-07-20 03:11,GAS,76200.0
2026-07-20 03:11,PLX,35200.0
2026-07-20 03:11,POW,13900.0
2026-07-20 03:11,VJC,131300.0
2026-07-20 03:11,BSR,24900.0
2026-07-20 03:11,MCH,138900.0
2026-07-20 06:42,VCB,58500.0
2026-07-20 06:42,TCB,31450.0
2026-07-20 06:42,MBB,23750.0
2026-07-20 06:42,BID,38800.0
2026-07-20 06:42,CTG,32000.0
2026-07-20 06:42,ACB,23550.0
2026-07-20 06:42,VPB,25850.0
2026-07-20 06:42,VIC,220000.0
2026-07-20 06:42,VHM,140500.0
2026-07-20 06:42,NVL,12650.0
2026-07-20 06:42,KDH,18450.0
2026-07-20 06:42,MWG,76700.0
2026-07-20 06:42,PNJ,43000.0
2026-07-20 06:42,VNM,59000.0
2026-07-20 06:42,SAB,46900.0
2026-07-20 06:42,HPG,21850.0
2026-07-20 06:42,GVR,29700.0
2026-07-20 06:42,DGC,44800.0
2026-07-20 06:42,FPT,67000.0
2026-07-20 06:42,SSI,24250.0
2026-07-20 06:42,GAS,76200.0
2026-07-20 06:42,PLX,35200.0
2026-07-20 06:42,POW,13900.0
2026-07-20 06:42,VJC,131300.0
2026-07-20 06:42,BSR,24900.0
2026-07-20 06:42,MCH,138900.0
2026-07-20 17:35,VCB,56700.0
2026-07-20 17:35,TCB,29950.0
2026-07-20 17:35,MBB,22800.0
2026-07-20 17:35,BID,37000.0
2026-07-20 17:35,CTG,30800.0
2026-07-20 17:35,ACB,22850.0
2026-07-20 17:35,VPB,25000.0
2026-07-20 17:35,VIC,220000.0
2026-07-20 17:35,VHM,136900.0
2026-07-20 17:35,NVL,12450.0
2026-07-20 17:35,KDH,17800.0
2026-07-20 17:35,MWG,75200.0
2026-07-20 17:35,PNJ,41000.0
2026-07-20 17:35,VNM,58500.0
2026-07-20 17:35,SAB,47300.0
2026-07-20 17:35,HPG,20600.0
2026-07-20 17:35,GVR,27900.0
2026-07-20 17:35,DGC,43000.0
2026-07-20 17:35,FPT,67100.0
2026-07-20 17:35,SSI,22700.0
2026-07-20 17:35,GAS,73100.0
2026-07-20 17:35,PLX,34300.0
2026-07-20 17:35,POW,13550.0
2026-07-20 17:35,VJC,132000.0
2026-07-20 17:35,BSR,24650.0
2026-07-20 17:35,MCH,135300.0
2026-07-20 23:18,VCB,56700.0
2026-07-20 23:18,TCB,29950.0
2026-07-20 23:18,MBB,22800.0
2026-07-20 23:18,BID,37000.0
2026-07-20 23:18,CTG,30800.0
2026-07-20 23:18,ACB,22850.0
2026-07-20 23:18,VPB,25000.0
2026-07-20 23:18,VIC,220000.0
2026-07-20 23:18,VHM,136900.0
2026-07-20 23:18,NVL,12450.0
2026-07-20 23:18,KDH,17800.0
2026-07-20 23:18,MWG,75200.0
2026-07-20 23:18,PNJ,41000.0
2026-07-20 23:18,VNM,58500.0
2026-07-20 23:18,SAB,47300.0
2026-07-20 23:18,HPG,20600.0
2026-07-20 23:18,GVR,27900.0
2026-07-20 23:18,DGC,43000.0
2026-07-20 23:18,FPT,67100.0
2026-07-20 23:18,SSI,22700.0
2026-07-20 23:18,GAS,73100.0
2026-07-20 23:18,PLX,34300.0
2026-07-20 23:18,POW,13550.0
2026-07-20 23:18,VJC,132000.0
2026-07-20 23:18,BSR,24650.0
2026-07-20 23:18,MCH,135300.0
2026-07-21 03:53,VCB,58500.0
2026-07-21 03:53,TCB,31450.0
2026-07-21 03:53,MBB,23750.0
2026-07-21 03:53,BID,38800.0
2026-07-21 03:53,CTG,32000.0
2026-07-21 03:53,ACB,23550.0
2026-07-21 03:53,VPB,25850.0
2026-07-21 03:53,VIC,220000.0
2026-07-21 03:53,VHM,140500.0
2026-07-21 03:53,NVL,12650.0
2026-07-21 03:53,KDH,18450.0
2026-07-21 03:53,MWG,76700.0
2026-07-21 03:53,PNJ,43000.0
2026-07-21 03:53,VNM,59000.0
2026-07-21 03:53,SAB,46900.0
2026-07-21 03:53,HPG,21850.0
2026-07-21 03:53,GVR,29700.0
2026-07-21 03:53,DGC,44800.0
2026-07-21 03:53,FPT,67000.0
2026-07-21 03:53,SSI,24250.0
2026-07-21 03:53,GAS,76200.0
2026-07-21 03:53,PLX,35200.0
2026-07-21 03:53,POW,13900.0
2026-07-21 03:53,VJC,131300.0
2026-07-21 03:53,BSR,24900.0
2026-07-21 03:53,MCH,138900.0
2026-07-21 07:16,VCB,56700.0
2026-07-21 07:16,TCB,29950.0
2026-07-21 07:16,MBB,22800.0
2026-07-21 07:16,BID,37000.0
2026-07-21 07:16,CTG,30800.0
2026-07-21 07:16,ACB,22850.0
2026-07-21 07:16,VPB,25000.0
2026-07-21 07:16,VIC,220000.0
2026-07-21 07:16,VHM,136900.0
2026-07-21 07:16,NVL,12450.0
2026-07-21 07:16,KDH,17800.0
2026-07-21 07:16,MWG,75200.0
2026-07-21 07:16,PNJ,41000.0
2026-07-21 07:16,VNM,58500.0
2026-07-21 07:16,SAB,47300.0
2026-07-21 07:16,HPG,20600.0
2026-07-21 07:16,GVR,27900.0
2026-07-21 07:16,DGC,43000.0
2026-07-21 07:16,FPT,67100.0
2026-07-21 07:16,SSI,22700.0
2026-07-21 07:16,GAS,73100.0
2026-07-21 07:16,PLX,34300.0
2026-07-21 07:16,POW,13550.0
2026-07-21 07:16,VJC,132000.0
2026-07-21 07:16,BSR,24650.0
2026-07-21 07:16,MCH,135300.0
2026-07-21 09:35,VCB,56900.0
2026-07-21 09:35,TCB,30050.0
2026-07-21 09:35,MBB,22800.0
2026-07-21 09:35,BID,37400.0
2026-07-21 09:35,CTG,30950.0
2026-07-21 09:35,ACB,22850.0
2026-07-21 09:35,VPB,24950.0
2026-07-21 09:35,STB,72700.0
2026-07-21 09:35,HDB,26750.0
2026-07-21 09:35,TPB,14600.0
2026-07-21 09:35,VIC,217700.0
2026-07-21 09:35,VHM,138000.0
2026-07-21 09:35,NVL,12550.0
2026-07-21 09:35,KDH,18100.0
2026-07-21 09:35,DXG,11250.0
2026-07-21 09:35,PDR,12400.0
2026-07-21 09:35,MWG,75000.0
2026-07-21 09:35,PNJ,41050.0
2026-07-21 09:35,VNM,58300.0
2026-07-21 09:35,SAB,47200.0
2026-07-21 09:35,MSN,65000.0
2026-07-21 09:35,HPG,20950.0
2026-07-21 09:35,GVR,28250.0
2026-07-21 09:35,DGC,43000.0
2026-07-21 09:35,HSG,10700.0
2026-07-21 09:35,FPT,67200.0
2026-07-21 09:35,SSI,23150.0
2026-07-21 09:35,VND,17350.0
2026-07-21 09:35,VCI,20200.0
2026-07-21 09:35,HCM,25550.0
2026-07-21 09:35,GAS,73500.0
2026-07-21 09:35,PLX,34100.0
2026-07-21 09:35,POW,13600.0
2026-07-21 09:35,VJC,130800.0
2026-07-21 09:35,HVN,22200.0
2026-07-21 09:35,BSR,24600.0
2026-07-21 09:35,MCH,135000.0
2026-07-21 09:35,SHS,15300.0
2026-07-21 09:35,PVS,36900.0
2026-07-21 09:35,IDC,36900.0
2026-07-21 09:35,VCS,33800.0
2026-07-21 09:35,CEO,12300.0
2026-07-21 09:35,NTP,48500.0
2026-07-21 09:35,PVI,74400.0
2026-07-21 09:35,TNG,17000.0
2026-07-21 09:35,BAB,10800.0
2026-07-21 09:35,MBS,18800.0
2026-07-21 09:35,VC3,25600.0
2026-07-21 09:35,ACV,40000.0
2026-07-21 09:35,VEA,34500.0
2026-07-21 09:35,QNS,48200.0
2026-07-21 09:35,VGI,79300.0
2026-07-21 09:35,FOX,63600.0
2026-07-21 09:35,VGT,10900.0
2026-07-21 09:35,LTG,5300.0
2026-07-21 09:46,VCB,56900.0
2026-07-21 09:46,TCB,30050.0
2026-07-21 09:46,MBB,22850.0
2026-07-21 09:46,BID,37300.0
2026-07-21 09:46,CTG,30900.0
2026-07-21 09:46,ACB,22900.0
2026-07-21 09:46,VPB,25100.0
2026-07-21 09:46,STB,72700.0
2026-07-21 09:46,HDB,26650.0
2026-07-21 09:46,TPB,14550.0
2026-07-21 09:46,VIC,218200.0
2026-07-21 09:46,VHM,138200.0
2026-07-21 09:46,NVL,12500.0
2026-07-21 09:46,KDH,18100.0
2026-07-21 09:46,DXG,11150.0
2026-07-21 09:46,PDR,12450.0
2026-07-21 09:46,MWG,74900.0
2026-07-21 09:46,PNJ,41100.0
2026-07-21 09:46,VNM,58700.0
2026-07-21 09:46,SAB,47150.0
2026-07-21 09:46,MSN,65500.0
2026-07-21 09:46,HPG,21100.0
2026-07-21 09:46,GVR,28150.0
2026-07-21 09:46,DGC,43000.0
2026-07-21 09:46,HSG,10700.0
2026-07-21 09:46,FPT,67000.0
2026-07-21 09:46,SSI,23200.0
2026-07-21 09:46,VND,17300.0
2026-07-21 09:46,VCI,20200.0
2026-07-21 09:46,HCM,25400.0
2026-07-21 09:46,GAS,73500.0
2026-07-21 09:46,PLX,33900.0
2026-07-21 09:46,POW,13550.0
2026-07-21 09:46,VJC,130900.0
2026-07-21 09:46,HVN,22250.0
2026-07-21 09:46,YEG,7750.0
2026-07-21 09:46,BSR,24500.0
2026-07-21 09:46,MCH,134500.0
2026-07-21 09:46,SHS,15200.0
2026-07-21 09:46,PVS,36600.0
2026-07-21 09:46,IDC,37100.0
2026-07-21 09:46,VCS,33800.0
2026-07-21 09:46,CEO,12200.0
2026-07-21 09:46,NTP,48000.0
2026-07-21 09:46,PVI,74400.0
2026-07-21 09:46,TNG,17000.0
2026-07-21 09:46,BAB,10800.0
2026-07-21 09:46,MBS,18800.0
2026-07-21 09:46,VC3,25600.0
2026-07-21 09:46,ACV,40000.0
2026-07-21 09:46,VEA,34300.0
2026-07-21 09:46,QNS,48200.0
2026-07-21 09:46,VGI,79400.0
2026-07-21 09:46,FOX,65500.0
2026-07-21 09:46,VGT,10900.0
2026-07-21 09:46,LTG,5300.0
2026-07-21 09:50,VCB,57000.0
2026-07-21 09:50,TCB,30200.0
2026-07-21 09:50,MBB,22900.0
2026-07-21 09:50,BID,37400.0
2026-07-21 09:50,CTG,31000.0
2026-07-21 09:50,ACB,22950.0
2026-07-21 09:50,VPB,25200.0
2026-07-21 09:50,STB,72700.0
2026-07-21 09:50,HDB,26700.0
2026-07-21 09:50,TPB,14650.0
2026-07-21 09:50,VIC,218200.0
2026-07-21 09:50,VHM,138000.0
2026-07-21 09:50,NVL,12550.0
2026-07-21 09:50,KDH,18100.0
2026-07-21 09:50,DXG,11200.0
2026-07-21 09:50,PDR,12500.0
2026-07-21 09:50,MWG,75300.0
2026-07-21 09:50,PNJ,41000.0
2026-07-21 09:50,VNM,58800.0
2026-07-21 09:50,SAB,47100.0
2026-07-21 09:50,MSN,65500.0
2026-07-21 09:50,HPG,21050.0
2026-07-21 09:50,GVR,28200.0
2026-07-21 09:50,DGC,43000.0
2026-07-21 09:50,HSG,10800.0
2026-07-21 09:50,FPT,67400.0
2026-07-21 09:50,SSI,23150.0
2026-07-21 09:50,VND,17300.0
2026-07-21 09:50,VCI,20400.0
2026-07-21 09:50,HCM,25500.0
2026-07-21 09:50,GAS,73700.0
2026-07-21 09:50,PLX,33850.0
2026-07-21 09:50,POW,13600.0
2026-07-21 09:50,VJC,130500.0
2026-07-21 09:50,HVN,22400.0
2026-07-21 09:50,YEG,7800.0
2026-07-21 09:50,BSR,24600.0
2026-07-21 09:50,MCH,135000.0
2026-07-21 09:50,SHS,15300.0
2026-07-21 09:50,PVS,36700.0
2026-07-21 09:50,IDC,37700.0
2026-07-21 09:50,VCS,33800.0
2026-07-21 09:50,CEO,12300.0
2026-07-21 09:50,NTP,48000.0
2026-07-21 09:50,PVI,75000.0
2026-07-21 09:50,TNG,16900.0
2026-07-21 09:50,BAB,10800.0
2026-07-21 09:50,MBS,18800.0
2026-07-21 09:50,VC3,25600.0
2026-07-21 09:50,ACV,40000.0
2026-07-21 09:50,VEA,34400.0
2026-07-21 09:50,QNS,48200.0
2026-07-21 09:50,VGI,79400.0
2026-07-21 09:50,FOX,65500.0
2026-07-21 09:50,VGT,10900.0
2026-07-21 09:50,LTG,5300.0
2026-07-21 10:04,VCB,57100.0
2026-07-21 10:04,TCB,30100.0
2026-07-21 10:04,MBB,22950.0
2026-07-21 10:04,BID,37550.0
2026-07-21 10:04,CTG,31100.0
2026-07-21 10:04,ACB,22900.0
2026-07-21 10:04,VPB,25300.0
2026-07-21 10:04,STB,72600.0
2026-07-21 10:04,HDB,26800.0
2026-07-21 10:04,TPB,14650.0
2026-07-21 10:04,VIC,218600.0
2026-07-21 10:04,VHM,138000.0
2026-07-21 10:04,NVL,12500.0
2026-07-21 10:04,KDH,18350.0
2026-07-21 10:04,DXG,11200.0
2026-07-21 10:04,PDR,12400.0
2026-07-21 10:04,MWG,75200.0
2026-07-21 10:04,PNJ,40900.0
2026-07-21 10:04,VNM,58600.0
2026-07-21 10:04,SAB,47300.0
2026-07-21 10:04,MSN,65900.0
2026-07-21 10:04,HPG,21100.0
2026-07-21 10:04,GVR,28400.0
2026-07-21 10:04,DGC,43300.0
2026-07-21 10:04,HSG,10800.0
2026-07-21 10:04,FPT,67500.0
2026-07-21 10:04,SSI,23400.0
2026-07-21 10:04,VND,17350.0
2026-07-21 10:04,VCI,20400.0
2026-07-21 10:04,HCM,25500.0
2026-07-21 10:04,GAS,74000.0
2026-07-21 10:04,PLX,34150.0
2026-07-21 10:04,POW,13700.0
2026-07-21 10:04,VJC,131000.0
2026-07-21 10:04,HVN,22650.0
2026-07-21 10:04,YEG,7820.0
2026-07-21 10:04,BSR,24650.0
2026-07-21 10:04,MCH,136000.0
2026-07-21 10:04,SHS,15400.0
2026-07-21 10:04,PVS,36900.0
2026-07-21 10:04,IDC,37800.0
2026-07-21 10:04,VCS,33000.0
2026-07-21 10:04,CEO,12200.0
2026-07-21 10:04,NTP,48800.0
2026-07-21 10:04,PVI,75000.0
2026-07-21 10:04,TNG,16900.0
2026-07-21 10:04,BAB,11000.0
2026-07-21 10:04,MBS,19000.0
2026-07-21 10:04,VC3,25600.0
2026-07-21 10:04,ACV,40100.0
2026-07-21 10:04,VEA,34400.0
2026-07-21 10:04,QNS,48400.0
2026-07-21 10:04,VGI,80000.0
2026-07-21 10:04,FOX,66000.0
2026-07-21 10:04,VGT,10900.0
2026-07-21 10:04,LTG,5300.0
2026-07-21 16:15,VCB,56700.0
2026-07-21 16:15,TCB,29800.0
2026-07-21 16:15,MBB,22700.0
2026-07-21 16:15,BID,36800.0
2026-07-21 16:15,CTG,30900.0
2026-07-21 16:15,ACB,22850.0
2026-07-21 16:15,VPB,25350.0
2026-07-21 16:15,STB,72700.0
2026-07-21 16:15,HDB,26950.0
2026-07-21 16:15,TPB,14550.0
2026-07-21 16:15,VIC,217300.0
2026-07-21 16:15,VHM,136400.0
2026-07-21 16:15,NVL,12600.0
2026-07-21 16:15,KDH,17900.0
2026-07-21 16:15,DXG,11000.0
2026-07-21 16:15,PDR,12400.0
2026-07-21 16:15,MWG,75900.0
2026-07-21 16:15,PNJ,38150.0
2026-07-21 16:15,VNM,58400.0
2026-07-21 16:15,SAB,47000.0
2026-07-21 16:15,MSN,64900.0
2026-07-21 16:15,HPG,20800.0
2026-07-21 16:15,GVR,27350.0
2026-07-21 16:15,DGC,43000.0
2026-07-21 16:15,HSG,10550.0
2026-07-21 16:15,FPT,64800.0
2026-07-21 16:15,SSI,23200.0
2026-07-21 16:15,VND,17150.0
2026-07-21 16:15,VCI,20150.0
2026-07-21 16:15,HCM,25750.0
2026-07-21 16:15,GAS,68000.0
2026-07-21 16:15,PLX,32650.0
2026-07-21 16:15,POW,13550.0
2026-07-21 16:15,VJC,130800.0
2026-07-21 16:15,HVN,22500.0
2026-07-21 16:15,YEG,7710.0
2026-07-21 16:15,BSR,23050.0
2026-07-21 16:15,MCH,137800.0
2026-07-21 16:15,SHS,15000.0
2026-07-21 16:15,PVS,33700.0
2026-07-21 16:15,IDC,37800.0
2026-07-21 16:15,VCS,33100.0
2026-07-21 16:15,CEO,11900.0
2026-07-21 16:15,NTP,48200.0
2026-07-21 16:15,PVI,74000.0
2026-07-21 16:15,TNG,16900.0
2026-07-21 16:15,BAB,10900.0
2026-07-21 16:15,MBS,18500.0
2026-07-21 16:15,VC3,25700.0
2026-07-21 16:15,ACV,39600.0
2026-07-21 16:15,VEA,34400.0
2026-07-21 16:15,QNS,48200.0
2026-07-21 16:15,VGI,77600.0
2026-07-21 16:15,FOX,63800.0
2026-07-21 16:15,VGT,10700.0
2026-07-21 16:15,LTG,5300.0
2026-07-21 16:19,VCB,56700.0
2026-07-21 16:19,TCB,29800.0
2026-07-21 16:19,MBB,22700.0
2026-07-21 16:19,BID,36800.0
2026-07-21 16:19,CTG,30900.0
2026-07-21 16:19,ACB,22850.0
2026-07-21 16:19,VPB,25350.0
2026-07-21 16:19,STB,72700.0
2026-07-21 16:19,HDB,26950.0
2026-07-21 16:19,TPB,14550.0
2026-07-21 16:19,VIC,217300.0
2026-07-21 16:19,VHM,136400.0
2026-07-21 16:19,NVL,12600.0
2026-07-21 16:19,KDH,17900.0
2026-07-21 16:19,DXG,11000.0
2026-07-21 16:19,PDR,12400.0
2026-07-21 16:19,MWG,75900.0
2026-07-21 16:19,PNJ,38150.0
2026-07-21 16:19,VNM,58400.0
2026-07-21 16:19,SAB,47000.0
2026-07-21 16:19,MSN,64900.0
2026-07-21 16:19,HPG,20800.0
2026-07-21 16:19,GVR,27350.0
2026-07-21 16:19,DGC,43000.0
2026-07-21 16:19,HSG,10550.0
2026-07-21 16:19,FPT,64800.0
2026-07-21 16:19,SSI,23200.0
2026-07-21 16:19,VND,17150.0
2026-07-21 16:19,VCI,20150.0
2026-07-21 16:19,HCM,25750.0
2026-07-21 16:19,GAS,68000.0
2026-07-21 16:19,PLX,32650.0
2026-07-21 16:19,POW,13550.0
2026-07-21 16:19,VJC,130800.0
2026-07-21 16:19,HVN,22500.0
2026-07-21 16:19,YEG,7710.0
2026-07-21 16:19,BSR,23050.0
2026-07-21 16:19,MCH,137800.0
2026-07-21 16:19,SHS,15000.0
2026-07-21 16:19,PVS,33700.0
2026-07-21 16:19,IDC,37800.0
2026-07-21 16:19,VCS,33100.0
2026-07-21 16:19,CEO,11900.0
2026-07-21 16:19,NTP,48200.0
2026-07-21 16:19,PVI,74000.0
2026-07-21 16:19,TNG,16900.0
2026-07-21 16:19,BAB,10900.0
2026-07-21 16:19,MBS,18500.0
2026-07-21 16:19,VC3,25700.0
2026-07-21 16:19,ACV,39600.0
2026-07-21 16:19,VEA,34400.0
2026-07-21 16:19,QNS,48200.0
2026-07-21 16:19,VGI,77600.0
2026-07-21 16:19,FOX,63800.0
2026-07-21 16:19,VGT,10700.0
2026-07-21 16:19,LTG,5300.0
2026-07-21 16:45,VCB,56700.0
2026-07-21 16:45,TCB,29800.0
2026-07-21 16:45,MBB,22700.0
2026-07-21 16:45,BID,36800.0
2026-07-21 16:45,CTG,30900.0
2026-07-21 16:45,ACB,22850.0
2026-07-21 16:45,VPB,25350.0
2026-07-21 16:45,STB,72700.0
2026-07-21 16:45,HDB,26950.0
2026-07-21 16:45,TPB,14550.0
2026-07-21 16:45,VIC,217300.0
2026-07-21 16:45,VHM,136400.0
2026-07-21 16:45,NVL,12600.0
2026-07-21 16:45,KDH,17900.0
2026-07-21 16:45,DXG,11000.0
2026-07-21 16:45,PDR,12400.0
2026-07-21 16:45,MWG,75900.0
2026-07-21 16:45,VNM,58400.0
2026-07-21 16:45,SAB,47000.0
2026-07-21 16:45,MSN,64900.0
2026-07-21 16:45,HPG,20800.0
2026-07-21 16:45,GVR,27350.0
2026-07-21 16:45,DGC,43000.0
2026-07-21 16:45,HSG,10550.0
2026-07-21 16:45,FPT,64800.0
2026-07-21 16:45,SSI,23200.0
2026-07-21 16:45,VND,17150.0
2026-07-21 16:45,VCI,20150.0
2026-07-21 16:45,HCM,25750.0
2026-07-21 16:45,GAS,68000.0
2026-07-21 16:45,PLX,32650.0
2026-07-21 16:45,POW,13550.0
2026-07-21 16:45,VJC,130800.0
2026-07-21 16:45,HVN,22500.0
2026-07-21 16:45,YEG,7710.0
2026-07-21 16:45,BSR,23050.0
2026-07-21 16:45,MCH,137800.0
2026-07-21 16:45,PNJ,38150.0
2026-07-21 16:45,SHS,15000.0
2026-07-21 16:45,PVS,33700.0
2026-07-21 16:45,IDC,37800.0
2026-07-21 16:45,VCS,33100.0
2026-07-21 16:45,CEO,11900.0
2026-07-21 16:45,NTP,48200.0
2026-07-21 16:45,PVI,74000.0
2026-07-21 16:45,TNG,16900.0
2026-07-21 16:45,BAB,10900.0
2026-07-21 16:45,MBS,18500.0
2026-07-21 16:45,VC3,25700.0
2026-07-21 16:45,ACV,39600.0
2026-07-21 16:45,VEA,34400.0
2026-07-21 16:45,QNS,48200.0
2026-07-21 16:45,VGI,77600.0
2026-07-21 16:45,FOX,63800.0
2026-07-21 16:45,VGT,10700.0
2026-07-21 16:45,LTG,5300.0
2026-07-21 22:58,VCB,56700.0
2026-07-21 22:58,TCB,29800.0
2026-07-21 22:58,MBB,22700.0
2026-07-21 22:58,BID,36800.0
2026-07-21 22:58,CTG,30900.0
2026-07-21 22:58,ACB,22850.0
2026-07-21 22:58,VPB,25350.0
2026-07-21 22:58,STB,72700.0
2026-07-21 22:58,HDB,26950.0
2026-07-21 22:58,TPB,14550.0
2026-07-21 22:58,VIC,217300.0
2026-07-21 22:58,VHM,136400.0
2026-07-21 22:58,NVL,12600.0
2026-07-21 22:58,KDH,17900.0
2026-07-21 22:58,DXG,11000.0
2026-07-21 22:58,PDR,12400.0
2026-07-21 22:58,MWG,75900.0
2026-07-21 22:58,PNJ,38150.0
2026-07-21 22:58,VNM,58400.0
2026-07-21 22:58,SAB,47000.0
2026-07-21 22:58,MSN,64900.0
2026-07-21 22:58,HPG,20800.0
2026-07-21 22:58,GVR,27350.0
2026-07-21 22:58,DGC,43000.0
2026-07-21 22:58,HSG,10550.0
2026-07-21 22:58,FPT,64800.0
2026-07-21 22:58,SSI,23200.0
2026-07-21 22:58,VND,17150.0
2026-07-21 22:58,VCI,20150.0
2026-07-21 22:58,HCM,25750.0
2026-07-21 22:58,GAS,68000.0
2026-07-21 22:58,PLX,32650.0
2026-07-21 22:58,POW,13550.0
2026-07-21 22:58,VJC,130800.0
2026-07-21 22:58,HVN,22500.0
2026-07-21 22:58,YEG,7710.0
2026-07-21 22:58,BSR,23050.0
2026-07-21 22:58,MCH,137800.0
2026-07-21 22:58,SHS,15000.0
2026-07-21 22:58,PVS,33700.0
2026-07-21 22:58,IDC,37800.0
2026-07-21 22:58,VCS,33100.0
2026-07-21 22:58,CEO,11900.0
2026-07-21 22:58,NTP,48200.0
2026-07-21 22:58,PVI,74000.0
2026-07-21 22:58,TNG,16900.0
2026-07-21 22:58,BAB,10900.0
2026-07-21 22:58,MBS,18500.0
2026-07-21 22:58,VC3,25700.0
2026-07-21 22:58,ACV,39600.0
2026-07-21 22:58,VEA,34400.0
2026-07-21 22:58,QNS,48200.0
2026-07-21 22:58,VGI,77600.0
2026-07-21 22:58,FOX,63800.0
2026-07-21 22:58,VGT,10700.0
2026-07-21 22:58,LTG,5300.0
2026-07-22 03:44,VCB,56700.0
2026-07-22 03:44,TCB,29950.0
2026-07-22 03:44,MBB,22800.0
2026-07-22 03:44,BID,37000.0
2026-07-22 03:44,CTG,30800.0
2026-07-22 03:44,ACB,22850.0
2026-07-22 03:44,VPB,25000.0
2026-07-22 03:44,STB,73000.0
2026-07-22 03:44,HDB,26850.0
2026-07-22 03:44,TPB,14550.0
2026-07-22 03:44,VIC,220000.0
2026-07-22 03:44,VHM,136900.0
2026-07-22 03:44,NVL,12450.0
2026-07-22 03:44,KDH,17800.0
2026-07-22 03:44,DXG,11350.0
2026-07-22 03:44,PDR,12700.0
2026-07-22 03:44,MWG,75200.0
2026-07-22 03:44,PNJ,41000.0
2026-07-22 03:44,VNM,58500.0
2026-07-22 03:44,SAB,47300.0
2026-07-22 03:44,MSN,64800.0
2026-07-22 03:44,HPG,20600.0
2026-07-22 03:44,GVR,27900.0
2026-07-22 03:44,DGC,43000.0
2026-07-22 03:44,HSG,10650.0
2026-07-22 03:44,FPT,67100.0
2026-07-22 03:44,SSI,22700.0
2026-07-22 03:44,VND,17200.0
2026-07-22 03:44,VCI,20000.0
2026-07-22 03:44,HCM,25750.0
2026-07-22 03:44,GAS,73100.0
2026-07-22 03:44,PLX,34300.0
2026-07-22 03:44,POW,13550.0
2026-07-22 03:44,VJC,132000.0
2026-07-22 03:44,HVN,22350.0
2026-07-22 03:44,YEG,7660.0
2026-07-22 03:44,BSR,24650.0
2026-07-22 03:44,MCH,135300.0
2026-07-22 03:44,SHS,15000.0
2026-07-22 03:44,PVS,33700.0
2026-07-22 03:44,IDC,37800.0
2026-07-22 03:44,VCS,33100.0
2026-07-22 03:44,CEO,11900.0
2026-07-22 03:44,NTP,48200.0
2026-07-22 03:44,PVI,74000.0
2026-07-22 03:44,TNG,16900.0
2026-07-22 03:44,BAB,10900.0
2026-07-22 03:44,MBS,18500.0
2026-07-22 03:44,VC3,25700.0
2026-07-22 03:44,ACV,39600.0
2026-07-22 03:44,VEA,34400.0
2026-07-22 03:44,QNS,48200.0
2026-07-22 03:44,VGI,77600.0
2026-07-22 03:44,FOX,63800.0
2026-07-22 03:44,VGT,10700.0
2026-07-22 03:44,LTG,5300.0
2026-07-22 07:09,VCB,56700.0
2026-07-22 07:09,TCB,29800.0
2026-07-22 07:09,MBB,22700.0
2026-07-22 07:09,BID,36800.0
2026-07-22 07:09,CTG,30900.0
2026-07-22 07:09,ACB,22850.0
2026-07-22 07:09,VPB,25350.0
2026-07-22 07:09,STB,72700.0
2026-07-22 07:09,HDB,26950.0
2026-07-22 07:09,TPB,14550.0
2026-07-22 07:09,VIC,217300.0
2026-07-22 07:09,VHM,136400.0
2026-07-22 07:09,NVL,12600.0
2026-07-22 07:09,KDH,17900.0
2026-07-22 07:09,DXG,11000.0
2026-07-22 07:09,PDR,12400.0
2026-07-22 07:09,MWG,75900.0
2026-07-22 07:09,PNJ,38150.0
2026-07-22 07:09,VNM,58400.0
2026-07-22 07:09,SAB,47000.0
2026-07-22 07:09,MSN,64900.0
2026-07-22 07:09,HPG,20800.0
2026-07-22 07:09,GVR,27350.0
2026-07-22 07:09,DGC,43000.0
2026-07-22 07:09,HSG,10550.0
2026-07-22 07:09,FPT,64800.0
2026-07-22 07:09,SSI,23200.0
2026-07-22 07:09,VND,17150.0
2026-07-22 07:09,VCI,20150.0
2026-07-22 07:09,HCM,25750.0
2026-07-22 07:09,GAS,68000.0
2026-07-22 07:09,PLX,32650.0
2026-07-22 07:09,POW,13550.0
2026-07-22 07:09,VJC,130800.0
2026-07-22 07:09,HVN,22500.0
2026-07-22 07:09,YEG,7710.0
2026-07-22 07:09,BSR,23050.0
2026-07-22 07:09,MCH,137800.0
2026-07-22 07:09,SHS,15000.0
2026-07-22 07:09,PVS,33700.0
2026-07-22 07:09,IDC,37800.0
2026-07-22 07:09,VCS,33100.0
2026-07-22 07:09,CEO,11900.0
2026-07-22 07:09,NTP,48200.0
2026-07-22 07:09,PVI,74000.0
2026-07-22 07:09,TNG,16900.0
2026-07-22 07:09,BAB,10900.0
2026-07-22 07:09,MBS,18500.0
2026-07-22 07:09,VC3,25700.0
2026-07-22 07:09,ACV,39600.0
2026-07-22 07:09,VEA,34400.0
2026-07-22 07:09,QNS,48200.0
2026-07-22 07:09,VGI,77600.0
2026-07-22 07:09,FOX,63800.0
2026-07-22 07:09,VGT,10700.0
2026-07-22 07:09,LTG,5300.0
2026-07-22 10:29,VCB,55900.0
2026-07-22 10:29,TCB,29750.0
2026-07-22 10:29,MBB,22700.0
2026-07-22 10:29,BID,36250.0
2026-07-22 10:29,CTG,30600.0
2026-07-22 10:29,ACB,22850.0
2026-07-22 10:29,VPB,24950.0
2026-07-22 10:29,STB,72500.0
2026-07-22 10:29,HDB,26250.0
2026-07-22 10:29,TPB,14500.0
2026-07-22 10:29,VIC,206500.0
2026-07-22 10:29,VHM,130300.0
2026-07-22 10:29,NVL,12600.0
2026-07-22 10:29,KDH,17950.0
2026-07-22 10:29,DXG,10950.0
2026-07-22 10:29,PDR,12100.0
2026-07-22 10:29,MWG,73900.0
2026-07-22 10:29,PNJ,35500.0
2026-07-22 10:29,VNM,58600.0
2026-07-22 10:29,SAB,47100.0
2026-07-22 10:29,MSN,65000.0
2026-07-22 10:29,HPG,20700.0
2026-07-22 10:29,GVR,27650.0
2026-07-22 10:29,DGC,40800.0
2026-07-22 10:29,HSG,10450.0
2026-07-22 10:29,FPT,65900.0
2026-07-22 10:29,SSI,22900.0
2026-07-22 10:29,VND,16900.0
2026-07-22 10:29,VCI,20050.0
2026-07-22 10:29,HCM,25600.0
2026-07-22 10:29,GAS,68000.0
2026-07-22 10:29,PLX,32800.0
2026-07-22 10:29,POW,13450.0
2026-07-22 10:29,VJC,130700.0
2026-07-22 10:29,HVN,22250.0
2026-07-22 10:29,YEG,7670.0
2026-07-22 10:29,BSR,23050.0
2026-07-22 10:29,MCH,137700.0
2026-07-22 10:29,SHS,15200.0
2026-07-22 10:29,PVS,33000.0
2026-07-22 10:29,IDC,37500.0
2026-07-22 10:29,VCS,32800.0
2026-07-22 10:29,CEO,11900.0
2026-07-22 10:29,NTP,48000.0
2026-07-22 10:29,PVI,72000.0
2026-07-22 10:29,TNG,16700.0
2026-07-22 10:29,BAB,10900.0
2026-07-22 10:29,MBS,18500.0
2026-07-22 10:29,VC3,25700.0
2026-07-22 10:29,ACV,39500.0
2026-07-22 10:29,VEA,34100.0
2026-07-22 10:29,QNS,48000.0
2026-07-22 10:29,VGI,79000.0
2026-07-22 10:29,FOX,64000.0
2026-07-22 10:29,VGT,10800.0
2026-07-22 10:29,LTG,5300.0
2026-07-22 10:47,VCB,56200.0
2026-07-22 10:47,TCB,29850.0
2026-07-22 10:47,MBB,22750.0
2026-07-22 10:47,BID,36350.0
2026-07-22 10:47,CTG,30600.0
2026-07-22 10:47,ACB,22850.0
2026-07-22 10:47,VPB,25000.0
2026-07-22 10:47,STB,72700.0
2026-07-22 10:47,HDB,26150.0
2026-07-22 10:47,TPB,14500.0
2026-07-22 10:47,VIC,206100.0
2026-07-22 10:47,VHM,130300.0
2026-07-22 10:47,NVL,12800.0
2026-07-22 10:47,KDH,18000.0
2026-07-22 10:47,DXG,11000.0
2026-07-22 10:47,PDR,12250.0
2026-07-22 10:47,MWG,73900.0
2026-07-22 10:47,PNJ,35500.0
2026-07-22 10:47,VNM,59200.0
2026-07-22 10:47,SAB,47200.0
2026-07-22 10:47,MSN,65400.0
2026-07-22 10:47,HPG,20750.0
2026-07-22 10:47,GVR,27950.0
2026-07-22 10:47,DGC,40500.0
2026-07-22 10:47,HSG,10450.0
2026-07-22 10:47,FPT,66400.0
2026-07-22 10:47,SSI,22950.0
2026-07-22 10:47,VND,16950.0
2026-07-22 10:47,VCI,20200.0
2026-07-22 10:47,HCM,25800.0
2026-07-22 10:47,GAS,68000.0
2026-07-22 10:47,PLX,32900.0
2026-07-22 10:47,POW,13450.0
2026-07-22 10:47,VJC,131000.0
2026-07-22 10:47,HVN,22250.0
2026-07-22 10:47,YEG,7700.0
2026-07-22 10:47,BSR,23100.0
2026-07-22 10:47,MCH,136500.0
2026-07-22 10:47,SHS,15300.0
2026-07-22 10:47,PVS,33200.0
2026-07-22 10:47,IDC,37500.0
2026-07-22 10:47,VCS,33100.0
2026-07-22 10:47,CEO,12000.0
2026-07-22 10:47,NTP,48000.0
2026-07-22 10:47,PVI,71500.0
2026-07-22 10:47,TNG,16600.0
2026-07-22 10:47,BAB,10800.0
2026-07-22 10:47,MBS,18800.0
2026-07-22 10:47,VC3,25700.0
2026-07-22 10:47,ACV,39600.0
2026-07-22 10:47,VEA,34200.0
2026-07-22 10:47,QNS,47900.0
2026-07-22 10:47,VGI,78800.0
2026-07-22 10:47,FOX,64500.0
2026-07-22 10:47,VGT,10900.0
2026-07-22 10:47,LTG,5300.0
2026-07-22 10:49,VCB,56000.0
2026-07-22 10:49,TCB,29850.0
2026-07-22 10:49,MBB,22700.0
2026-07-22 10:49,BID,36350.0
2026-07-22 10:49,CTG,30650.0
2026-07-22 10:49,ACB,22800.0
2026-07-22 10:49,VPB,24900.0
2026-07-22 10:49,STB,72200.0
2026-07-22 10:49,HDB,26150.0
2026-07-22 10:49,TPB,14500.0
2026-07-22 10:49,VIC,205900.0
2026-07-22 10:49,VHM,129900.0
2026-07-22 10:49,NVL,12800.0
2026-07-22 10:49,KDH,18000.0
2026-07-22 10:49,DXG,11000.0
2026-07-22 10:49,PDR,12200.0
2026-07-22 10:49,MWG,73900.0
2026-07-22 10:49,PNJ,35500.0
2026-07-22 10:49,VNM,59400.0
2026-07-22 10:49,SAB,47200.0
2026-07-22 10:49,MSN,65300.0
2026-07-22 10:49,HPG,20750.0
2026-07-22 10:49,GVR,27900.0
2026-07-22 10:49,DGC,40500.0
2026-07-22 10:49,HSG,10450.0
2026-07-22 10:49,FPT,66400.0
2026-07-22 10:49,SSI,22900.0
2026-07-22 10:49,VND,16900.0
2026-07-22 10:49,VCI,20150.0
2026-07-22 10:49,HCM,25700.0
2026-07-22 10:49,GAS,67800.0
2026-07-22 10:49,PLX,32900.0
2026-07-22 10:49,POW,13400.0
2026-07-22 10:49,VJC,131000.0
2026-07-22 10:49,HVN,22250.0
2026-07-22 10:49,YEG,7690.0
2026-07-22 10:49,BSR,23100.0
2026-07-22 10:49,MCH,136200.0
2026-07-22 10:49,SHS,15200.0
2026-07-22 10:49,PVS,33100.0
2026-07-22 10:49,IDC,37500.0
2026-07-22 10:49,VCS,33100.0
2026-07-22 10:49,CEO,12000.0
2026-07-22 10:49,NTP,48000.0
2026-07-22 10:49,PVI,71500.0
2026-07-22 10:49,TNG,16600.0
2026-07-22 10:49,BAB,10800.0
2026-07-22 10:49,MBS,18800.0
2026-07-22 10:49,VC3,25700.0
2026-07-22 10:49,ACV,39400.0
2026-07-22 10:49,VEA,34200.0
2026-07-22 10:49,QNS,47900.0
2026-07-22 10:49,VGI,78800.0
2026-07-22 10:49,FOX,64500.0
2026-07-22 10:49,VGT,10900.0
2026-07-22 10:49,LTG,5300.0
2026-07-22 15:32,VCB,54500.0
2026-07-22 15:32,TCB,29000.0
2026-07-22 15:32,MBB,22350.0
2026-07-22 15:32,BID,35850.0
2026-07-22 15:32,CTG,29700.0
2026-07-22 15:32,ACB,22400.0
2026-07-22 15:32,VPB,25000.0
2026-07-22 15:32,STB,71000.0
2026-07-22 15:32,HDB,25800.0
2026-07-22 15:32,TPB,14100.0
2026-07-22 15:32,VIC,202100.0
2026-07-22 15:32,VHM,126900.0
2026-07-22 15:32,NVL,12600.0
2026-07-22 15:32,KDH,18000.0
2026-07-22 15:32,DXG,11100.0
2026-07-22 15:32,PDR,12100.0
2026-07-22 15:32,MWG,70600.0
2026-07-22 15:32,PNJ,35500.0
2026-07-22 15:32,VNM,59100.0
2026-07-22 15:32,SAB,46950.0
2026-07-22 15:32,MSN,63900.0
2026-07-22 15:32,HPG,20700.0
2026-07-22 15:32,GVR,27150.0
2026-07-22 15:32,DGC,40500.0
2026-07-22 15:32,HSG,10450.0
2026-07-22 15:32,FPT,64600.0
2026-07-22 15:32,SSI,22650.0
2026-07-22 15:32,VND,16600.0
2026-07-22 15:32,VCI,19900.0
2026-07-22 15:32,HCM,25300.0
2026-07-22 15:32,GAS,64400.0
2026-07-22 15:32,PLX,32750.0
2026-07-22 15:32,POW,13200.0
2026-07-22 15:32,VJC,126000.0
2026-07-22 15:32,HVN,21650.0
2026-07-22 15:32,YEG,7650.0
2026-07-22 15:32,BSR,23000.0
2026-07-22 15:32,MCH,134800.0
2026-07-22 15:32,SHS,15400.0
2026-07-22 15:32,PVS,33100.0
2026-07-22 15:32,IDC,37400.0
2026-07-22 15:32,VCS,32700.0
2026-07-22 15:32,CEO,11900.0
2026-07-22 15:32,NTP,47600.0
2026-07-22 15:32,PVI,71500.0
2026-07-22 15:32,TNG,16600.0
2026-07-22 15:32,BAB,10800.0
2026-07-22 15:32,MBS,18700.0
2026-07-22 15:32,VC3,25800.0
2026-07-22 15:32,ACV,38800.0
2026-07-22 15:32,VEA,34000.0
2026-07-22 15:32,QNS,47900.0
2026-07-22 15:32,VGI,78300.0
2026-07-22 15:32,FOX,63600.0
2026-07-22 15:32,VGT,10800.0
2026-07-22 15:32,LTG,5300.0
2026-07-22 16:41,VCB,54500.0
2026-07-22 16:41,TCB,29000.0
2026-07-22 16:41,MBB,22350.0
2026-07-22 16:41,BID,35850.0
2026-07-22 16:41,CTG,29700.0
2026-07-22 16:41,ACB,22400.0
2026-07-22 16:41,VPB,25000.0
2026-07-22 16:41,STB,71000.0
2026-07-22 16:41,HDB,25800.0
2026-07-22 16:41,TPB,14100.0
2026-07-22 16:41,VIC,202100.0
2026-07-22 16:41,VHM,126900.0
2026-07-22 16:41,NVL,12600.0
2026-07-22 16:41,KDH,18000.0
2026-07-22 16:41,DXG,11100.0
2026-07-22 16:41,PDR,12100.0
2026-07-22 16:41,MWG,70600.0
2026-07-22 16:41,PNJ,35500.0
2026-07-22 16:41,VNM,59100.0
2026-07-22 16:41,SAB,46950.0
2026-07-22 16:41,MSN,63900.0
2026-07-22 16:41,HPG,20700.0
2026-07-22 16:41,GVR,27150.0
2026-07-22 16:41,DGC,40500.0
2026-07-22 16:41,HSG,10450.0
2026-07-22 16:41,FPT,64600.0
2026-07-22 16:41,SSI,22650.0
2026-07-22 16:41,VND,16600.0
2026-07-22 16:41,VCI,19900.0
2026-07-22 16:41,HCM,25300.0
2026-07-22 16:41,GAS,64400.0
2026-07-22 16:41,PLX,32750.0
2026-07-22 16:41,POW,13200.0
2026-07-22 16:41,VJC,126000.0
2026-07-22 16:41,HVN,21650.0
2026-07-22 16:41,YEG,7650.0
2026-07-22 16:41,BSR,23000.0
2026-07-22 16:41,MCH,134800.0
2026-07-22 16:41,SHS,15400.0
2026-07-22 16:41,PVS,33100.0
2026-07-22 16:41,IDC,37400.0
2026-07-22 16:41,VCS,32700.0
2026-07-22 16:41,CEO,11900.0
2026-07-22 16:41,NTP,47600.0
2026-07-22 16:41,PVI,71500.0
2026-07-22 16:41,TNG,16600.0
2026-07-22 16:41,BAB,10800.0
2026-07-22 16:41,MBS,18700.0
2026-07-22 16:41,VC3,25800.0
2026-07-22 16:41,ACV,38800.0
2026-07-22 16:41,VEA,34000.0
2026-07-22 16:41,QNS,47900.0
2026-07-22 16:41,VGI,78300.0
2026-07-22 16:41,FOX,63600.0
2026-07-22 16:41,VGT,10800.0
2026-07-22 16:41,LTG,5300.0
2026-07-22 22:54,VCB,54500.0
2026-07-22 22:54,TCB,29000.0
2026-07-22 22:54,MBB,22350.0
2026-07-22 22:54,BID,35850.0
2026-07-22 22:54,CTG,29700.0
2026-07-22 22:54,ACB,22400.0
2026-07-22 22:54,VPB,25000.0
2026-07-22 22:54,STB,71000.0
2026-07-22 22:54,HDB,25800.0
2026-07-22 22:54,TPB,14100.0
2026-07-22 22:54,VIC,202100.0
2026-07-22 22:54,VHM,126900.0
2026-07-22 22:54,NVL,12600.0
2026-07-22 22:54,KDH,18000.0
2026-07-22 22:54,DXG,11100.0
2026-07-22 22:54,PDR,12100.0
2026-07-22 22:54,MWG,70600.0
2026-07-22 22:54,PNJ,35500.0
2026-07-22 22:54,VNM,59100.0
2026-07-22 22:54,SAB,46950.0
2026-07-22 22:54,MSN,63900.0
2026-07-22 22:54,HPG,20700.0
2026-07-22 22:54,GVR,27150.0
2026-07-22 22:54,DGC,40500.0
2026-07-22 22:54,HSG,10450.0
2026-07-22 22:54,FPT,64600.0
2026-07-22 22:54,SSI,22650.0
2026-07-22 22:54,VND,16600.0
2026-07-22 22:54,VCI,19900.0
2026-07-22 22:54,HCM,25300.0
2026-07-22 22:54,GAS,64400.0
2026-07-22 22:54,PLX,32750.0
2026-07-22 22:54,POW,13200.0
2026-07-22 22:54,VJC,126000.0
2026-07-22 22:54,HVN,21650.0
2026-07-22 22:54,YEG,7650.0
2026-07-22 22:54,BSR,23000.0
2026-07-22 22:54,MCH,134800.0
2026-07-22 22:54,SHS,15400.0
2026-07-22 22:54,PVS,33100.0
2026-07-22 22:54,IDC,37400.0
2026-07-22 22:54,VCS,32700.0
2026-07-22 22:54,CEO,11900.0
2026-07-22 22:54,NTP,47600.0
2026-07-22 22:54,PVI,71500.0
2026-07-22 22:54,TNG,16600.0
2026-07-22 22:54,BAB,10800.0
2026-07-22 22:54,MBS,18700.0
2026-07-22 22:54,VC3,25800.0
2026-07-22 22:54,ACV,38800.0
2026-07-22 22:54,VEA,34000.0
2026-07-22 22:54,QNS,47900.0
2026-07-22 22:54,VGI,78300.0
2026-07-22 22:54,FOX,63600.0
2026-07-22 22:54,VGT,10800.0
2026-07-22 22:54,LTG,5300.0
2026-07-23 03:19,VCB,56700.0
2026-07-23 03:19,TCB,29800.0
2026-07-23 03:19,MBB,22700.0
2026-07-23 03:19,BID,36800.0
2026-07-23 03:19,CTG,30900.0
2026-07-23 03:19,ACB,22850.0
2026-07-23 03:19,VPB,25350.0
2026-07-23 03:19,STB,72700.0
2026-07-23 03:19,HDB,26950.0
2026-07-23 03:19,TPB,14550.0
2026-07-23 03:19,VIC,217300.0
2026-07-23 03:19,VHM,136400.0
2026-07-23 03:19,NVL,12600.0
2026-07-23 03:19,KDH,17900.0
2026-07-23 03:19,DXG,11000.0
2026-07-23 03:19,PDR,12400.0
2026-07-23 03:19,MWG,75900.0
2026-07-23 03:19,PNJ,38150.0
2026-07-23 03:19,VNM,58400.0
2026-07-23 03:19,SAB,47000.0
2026-07-23 03:19,MSN,64900.0
2026-07-23 03:19,HPG,20800.0
2026-07-23 03:19,GVR,27350.0
2026-07-23 03:19,DGC,43000.0
2026-07-23 03:19,HSG,10550.0
2026-07-23 03:19,FPT,64800.0
2026-07-23 03:19,SSI,23200.0
2026-07-23 03:19,VND,17150.0
2026-07-23 03:19,VCI,20150.0
2026-07-23 03:19,HCM,25750.0
2026-07-23 03:19,GAS,68000.0
2026-07-23 03:19,PLX,32650.0
2026-07-23 03:19,POW,13550.0
2026-07-23 03:19,VJC,130800.0
2026-07-23 03:19,HVN,22500.0
2026-07-23 03:19,YEG,7710.0
2026-07-23 03:19,BSR,23050.0
2026-07-23 03:19,MCH,137800.0
2026-07-23 03:19,SHS,15400.0
2026-07-23 03:19,PVS,33100.0
2026-07-23 03:19,IDC,37400.0
2026-07-23 03:19,VCS,32700.0
2026-07-23 03:19,CEO,11900.0
2026-07-23 03:19,NTP,47600.0
2026-07-23 03:19,PVI,71500.0
2026-07-23 03:19,TNG,16600.0
2026-07-23 03:19,BAB,10800.0
2026-07-23 03:19,MBS,18700.0
2026-07-23 03:19,VC3,25800.0
2026-07-23 03:19,ACV,38800.0
2026-07-23 03:19,VEA,34000.0
2026-07-23 03:19,QNS,47900.0
2026-07-23 03:19,VGI,78300.0
2026-07-23 03:19,FOX,63600.0
2026-07-23 03:19,VGT,10800.0
2026-07-23 03:19,LTG,5300.0
2026-07-23 07:12,VCB,54500.0
2026-07-23 07:12,TCB,29000.0
2026-07-23 07:12,MBB,22350.0
2026-07-23 07:12,BID,35850.0
2026-07-23 07:12,CTG,29700.0
2026-07-23 07:12,ACB,22400.0
2026-07-23 07:12,VPB,25000.0
2026-07-23 07:12,STB,71000.0
2026-07-23 07:12,HDB,25800.0
2026-07-23 07:12,TPB,14100.0
2026-07-23 07:12,VIC,202100.0
2026-07-23 07:12,VHM,126900.0
2026-07-23 07:12,NVL,12600.0
2026-07-23 07:12,KDH,18000.0
2026-07-23 07:12,DXG,11100.0
2026-07-23 07:12,PDR,12100.0
2026-07-23 07:12,MWG,70600.0
2026-07-23 07:12,PNJ,35500.0
2026-07-23 07:12,VNM,59100.0
2026-07-23 07:12,SAB,46950.0
2026-07-23 07:12,MSN,63900.0
2026-07-23 07:12,HPG,20700.0
2026-07-23 07:12,GVR,27150.0
2026-07-23 07:12,DGC,40500.0
2026-07-23 07:12,HSG,10450.0
2026-07-23 07:12,FPT,64600.0
2026-07-23 07:12,SSI,22650.0
2026-07-23 07:12,VND,16600.0
2026-07-23 07:12,VCI,19900.0
2026-07-23 07:12,HCM,25300.0
2026-07-23 07:12,GAS,64400.0
2026-07-23 07:12,PLX,32750.0
2026-07-23 07:12,POW,13200.0
2026-07-23 07:12,VJC,126000.0
2026-07-23 07:12,HVN,21650.0
2026-07-23 07:12,YEG,7650.0
2026-07-23 07:12,BSR,23000.0
2026-07-23 07:12,MCH,134800.0
2026-07-23 07:12,SHS,15400.0
2026-07-23 07:12,PVS,33100.0
2026-07-23 07:12,IDC,37400.0
2026-07-23 07:12,VCS,32700.0
2026-07-23 07:12,CEO,11900.0
2026-07-23 07:12,NTP,47600.0
2026-07-23 07:12,PVI,71500.0
2026-07-23 07:12,TNG,16600.0
2026-07-23 07:12,BAB,10800.0
2026-07-23 07:12,MBS,18700.0
2026-07-23 07:12,VC3,25800.0
2026-07-23 07:12,ACV,38800.0
2026-07-23 07:12,VEA,34000.0
2026-07-23 07:12,QNS,47900.0
2026-07-23 07:12,VGI,78300.0
2026-07-23 07:12,FOX,63600.0
2026-07-23 07:12,VGT,10800.0
2026-07-23 07:12,LTG,5300.0
2026-07-23 14:27,VCB,54200.0
2026-07-23 14:27,TCB,29500.0
2026-07-23 14:27,MBB,22150.0
2026-07-23 14:27,BID,36050.0
2026-07-23 14:27,CTG,29550.0
2026-07-23 14:27,ACB,22400.0
2026-07-23 14:27,VPB,24800.0
2026-07-23 14:27,STB,73100.0
2026-07-23 14:27,HDB,25800.0
2026-07-23 14:27,TPB,13950.0
2026-07-23 14:27,VIC,212200.0
2026-07-23 14:27,VHM,132100.0
2026-07-23 14:27,NVL,12650.0
2026-07-23 14:27,KDH,17950.0
2026-07-23 14:27,DXG,10900.0
2026-07-23 14:27,PDR,11950.0
2026-07-23 14:27,MWG,71200.0
2026-07-23 14:27,PNJ,33050.0
2026-07-23 14:27,VNM,57900.0
2026-07-23 14:27,SAB,46100.0
2026-07-23 14:27,MSN,63600.0
2026-07-23 14:27,HPG,20700.0
2026-07-23 14:27,GVR,27400.0
2026-07-23 14:27,DGC,38100.0
2026-07-23 14:27,HSG,10650.0
2026-07-23 14:27,FPT,64900.0
2026-07-23 14:27,SSI,23650.0
2026-07-23 14:27,VND,17200.0
2026-07-23 14:27,VCI,20500.0
2026-07-23 14:27,HCM,25900.0
2026-07-23 14:27,GAS,66000.0
2026-07-23 14:27,PLX,33400.0
2026-07-23 14:27,POW,13500.0
2026-07-23 14:27,VJC,126900.0
2026-07-23 14:27,HVN,22250.0
2026-07-23 14:27,YEG,7830.0
2026-07-23 14:27,BSR,23500.0
2026-07-23 14:27,MCH,135300.0
2026-07-23 14:27,SHS,16200.0
2026-07-23 14:27,PVS,33800.0
2026-07-23 14:27,IDC,32100.0
2026-07-23 14:27,VCS,32900.0
2026-07-23 14:27,CEO,12100.0
2026-07-23 14:27,NTP,48600.0
2026-07-23 14:27,PVI,71800.0
2026-07-23 14:27,TNG,16900.0
2026-07-23 14:27,BAB,10800.0
2026-07-23 14:27,MBS,19500.0
2026-07-23 14:27,VC3,25400.0
2026-07-23 14:27,ACV,39000.0
2026-07-23 14:27,VEA,33900.0
2026-07-23 14:27,QNS,47700.0
2026-07-23 14:27,VGI,78100.0
2026-07-23 14:27,FOX,63000.0
2026-07-23 14:27,VGT,10800.0
2026-07-23 14:27,LTG,5300.0
2026-07-23 16:37,VCB,54000.0
2026-07-23 16:37,TCB,29250.0
2026-07-23 16:37,MBB,22050.0
2026-07-23 16:37,BID,36000.0
2026-07-23 16:37,CTG,29050.0
2026-07-23 16:37,ACB,22500.0
2026-07-23 16:37,VPB,25000.0
2026-07-23 16:37,STB,72000.0
2026-07-23 16:37,HDB,25950.0
2026-07-23 16:37,TPB,14000.0
2026-07-23 16:37,VIC,214000.0
2026-07-23 16:37,VHM,132000.0
2026-07-23 16:37,NVL,12700.0
2026-07-23 16:37,KDH,18000.0
2026-07-23 16:37,DXG,10550.0
2026-07-23 16:37,PDR,12100.0
2026-07-23 16:37,MWG,71500.0
2026-07-23 16:37,PNJ,33050.0
2026-07-23 16:37,VNM,57800.0
2026-07-23 16:37,SAB,47000.0
2026-07-23 16:37,MSN,64000.0
2026-07-23 16:37,HPG,20800.0
2026-07-23 16:37,GVR,27100.0
2026-07-23 16:37,DGC,37950.0
2026-07-23 16:37,HSG,10500.0
2026-07-23 16:37,FPT,64700.0
2026-07-23 16:37,SSI,23550.0
2026-07-23 16:37,VND,17150.0
2026-07-23 16:37,VCI,20500.0
2026-07-23 16:37,HCM,25950.0
2026-07-23 16:37,GAS,66800.0
2026-07-23 16:37,PLX,33400.0
2026-07-23 16:37,POW,13550.0
2026-07-23 16:37,VJC,127600.0
2026-07-23 16:37,HVN,21500.0
2026-07-23 16:37,YEG,7840.0
2026-07-23 16:37,BSR,23350.0
2026-07-23 16:37,MCH,136000.0
2026-07-23 16:37,SHS,16100.0
2026-07-23 16:37,PVS,34300.0
2026-07-23 16:37,IDC,32500.0
2026-07-23 16:37,VCS,32800.0
2026-07-23 16:37,CEO,11900.0
2026-07-23 16:37,NTP,48400.0
2026-07-23 16:37,PVI,72200.0
2026-07-23 16:37,TNG,16900.0
2026-07-23 16:37,BAB,10800.0
2026-07-23 16:37,MBS,19400.0
2026-07-23 16:37,VC3,25600.0
2026-07-23 16:37,ACV,39100.0
2026-07-23 16:37,VEA,33900.0
2026-07-23 16:37,QNS,47800.0
2026-07-23 16:37,VGI,78300.0
2026-07-23 16:37,FOX,63400.0
2026-07-23 16:37,VGT,10800.0
2026-07-23 16:37,LTG,5300.0
2026-07-23 23:09,VCB,54000.0
2026-07-23 23:09,TCB,29250.0
2026-07-23 23:09,MBB,22050.0
2026-07-23 23:09,BID,36000.0
2026-07-23 23:09,CTG,29050.0
2026-07-23 23:09,ACB,22500.0
2026-07-23 23:09,VPB,25000.0
2026-07-23 23:09,STB,72000.0
2026-07-23 23:09,HDB,25950.0
2026-07-23 23:09,TPB,14000.0
2026-07-23 23:09,VIC,214000.0
2026-07-23 23:09,VHM,132000.0
2026-07-23 23:09,NVL,12700.0
2026-07-23 23:09,KDH,18000.0
2026-07-23 23:09,DXG,10550.0
2026-07-23 23:09,PDR,12100.0
2026-07-23 23:09,MWG,71500.0
2026-07-23 23:09,PNJ,33050.0
2026-07-23 23:09,VNM,57800.0
2026-07-23 23:09,SAB,47000.0
2026-07-23 23:09,MSN,64000.0
2026-07-23 23:09,HPG,20800.0
2026-07-23 23:09,GVR,27100.0
2026-07-23 23:09,DGC,37950.0
2026-07-23 23:09,HSG,10500.0
2026-07-23 23:09,FPT,64700.0
2026-07-23 23:09,SSI,23550.0
2026-07-23 23:09,VND,17150.0
2026-07-23 23:09,VCI,20500.0
2026-07-23 23:09,HCM,25950.0
2026-07-23 23:09,GAS,66800.0
2026-07-23 23:09,PLX,33400.0
2026-07-23 23:09,POW,13550.0
2026-07-23 23:09,VJC,127600.0
2026-07-23 23:09,HVN,21500.0
2026-07-23 23:09,YEG,7840.0
2026-07-23 23:09,BSR,23350.0
2026-07-23 23:09,MCH,136000.0
2026-07-23 23:09,SHS,16100.0
2026-07-23 23:09,PVS,34300.0
2026-07-23 23:09,IDC,32500.0
2026-07-23 23:09,VCS,32800.0
2026-07-23 23:09,CEO,11900.0
2026-07-23 23:09,NTP,48400.0
2026-07-23 23:09,PVI,72200.0
2026-07-23 23:09,TNG,16900.0
2026-07-23 23:09,BAB,10800.0
2026-07-23 23:09,MBS,19400.0
2026-07-23 23:09,VC3,25600.0
2026-07-23 23:09,ACV,39100.0
2026-07-23 23:09,VEA,33900.0
2026-07-23 23:09,QNS,47800.0
2026-07-23 23:09,VGI,78300.0
2026-07-23 23:09,FOX,63400.0
2026-07-23 23:09,VGT,10800.0
2026-07-23 23:09,LTG,5300.0
2026-07-24 03:37,VCB,54500.0
2026-07-24 03:37,TCB,29000.0
2026-07-24 03:37,MBB,22350.0
2026-07-24 03:37,BID,35850.0
2026-07-24 03:37,CTG,29700.0
2026-07-24 03:37,ACB,22400.0
2026-07-24 03:37,VPB,25000.0
2026-07-24 03:37,STB,71000.0
2026-07-24 03:37,HDB,25800.0
2026-07-24 03:37,TPB,14100.0
2026-07-24 03:37,VIC,202100.0
2026-07-24 03:37,VHM,126900.0
2026-07-24 03:37,NVL,12600.0
2026-07-24 03:37,KDH,18000.0
2026-07-24 03:37,DXG,11100.0
2026-07-24 03:37,PDR,12100.0
2026-07-24 03:37,MWG,70600.0
2026-07-24 03:37,PNJ,35500.0
2026-07-24 03:37,VNM,59100.0
2026-07-24 03:37,SAB,46950.0
2026-07-24 03:37,MSN,63900.0
2026-07-24 03:37,HPG,20700.0
2026-07-24 03:37,GVR,27150.0
2026-07-24 03:37,DGC,40500.0
2026-07-24 03:37,HSG,10450.0
2026-07-24 03:37,FPT,64600.0
2026-07-24 03:37,SSI,22650.0
2026-07-24 03:37,VND,16600.0
2026-07-24 03:37,VCI,19900.0
2026-07-24 03:37,HCM,25300.0
2026-07-24 03:37,GAS,64400.0
2026-07-24 03:37,PLX,32750.0
2026-07-24 03:37,POW,13200.0
2026-07-24 03:37,VJC,126000.0
2026-07-24 03:37,HVN,21650.0
2026-07-24 03:37,YEG,7650.0
2026-07-24 03:37,BSR,23000.0
2026-07-24 03:37,MCH,134800.0
2026-07-24 03:37,SHS,16100.0
2026-07-24 03:37,PVS,34300.0
2026-07-24 03:37,IDC,32500.0
2026-07-24 03:37,VCS,32800.0
2026-07-24 03:37,CEO,11900.0
2026-07-24 03:37,NTP,48400.0
2026-07-24 03:37,PVI,72200.0
2026-07-24 03:37,TNG,16900.0
2026-07-24 03:37,BAB,10800.0
2026-07-24 03:37,MBS,19400.0
2026-07-24 03:37,VC3,25600.0
2026-07-24 03:37,ACV,39100.0
2026-07-24 03:37,VEA,33900.0
2026-07-24 03:37,QNS,47800.0
2026-07-24 03:37,VGI,78300.0
2026-07-24 03:37,FOX,63400.0
2026-07-24 03:37,VGT,10800.0
2026-07-24 03:37,LTG,5300.0
2026-07-24 07:14,VCB,54000.0
2026-07-24 07:14,TCB,29250.0
2026-07-24 07:14,MBB,22050.0
2026-07-24 07:14,BID,36000.0
2026-07-24 07:14,CTG,29050.0
2026-07-24 07:14,ACB,22500.0
2026-07-24 07:14,VPB,25000.0
2026-07-24 07:14,STB,72000.0
2026-07-24 07:14,HDB,25950.0
2026-07-24 07:14,TPB,14000.0
2026-07-24 07:14,VIC,214000.0
2026-07-24 07:14,VHM,132000.0
2026-07-24 07:14,NVL,12700.0
2026-07-24 07:14,KDH,18000.0
2026-07-24 07:14,DXG,10550.0
2026-07-24 07:14,PDR,12100.0
2026-07-24 07:14,MWG,71500.0
2026-07-24 07:14,PNJ,33050.0
2026-07-24 07:14,VNM,57800.0
2026-07-24 07:14,SAB,47000.0
2026-07-24 07:14,MSN,64000.0
2026-07-24 07:14,HPG,20800.0
2026-07-24 07:14,GVR,27100.0
2026-07-24 07:14,DGC,37950.0
2026-07-24 07:14,HSG,10500.0
2026-07-24 07:14,FPT,64700.0
2026-07-24 07:14,SSI,23550.0
2026-07-24 07:14,VND,17150.0
2026-07-24 07:14,VCI,20500.0
2026-07-24 07:14,HCM,25950.0
2026-07-24 07:14,GAS,66800.0
2026-07-24 07:14,PLX,33400.0
2026-07-24 07:14,POW,13550.0
2026-07-24 07:14,VJC,127600.0
2026-07-24 07:14,HVN,21500.0
2026-07-24 07:14,YEG,7840.0
2026-07-24 07:14,BSR,23350.0
2026-07-24 07:14,MCH,136000.0
2026-07-24 07:14,SHS,16100.0
2026-07-24 07:14,PVS,34300.0
2026-07-24 07:14,IDC,32500.0
2026-07-24 07:14,VCS,32800.0
2026-07-24 07:14,CEO,11900.0
2026-07-24 07:14,NTP,48400.0
2026-07-24 07:14,PVI,72200.0
2026-07-24 07:14,TNG,16900.0
2026-07-24 07:14,BAB,10800.0
2026-07-24 07:14,MBS,19400.0
2026-07-24 07:14,VC3,25600.0
2026-07-24 07:14,ACV,39100.0
2026-07-24 07:14,VEA,33900.0
2026-07-24 07:14,QNS,47800.0
2026-07-24 07:14,VGI,78300.0
2026-07-24 07:14,FOX,63400.0
2026-07-24 07:14,VGT,10800.0
2026-07-24 07:14,LTG,5300.0
2026-07-24 16:33,VCB,54100.0
2026-07-24 16:33,TCB,28600.0
2026-07-24 16:33,MBB,21900.0
2026-07-24 16:33,BID,36000.0
2026-07-24 16:33,CTG,29000.0
2026-07-24 16:33,ACB,22500.0
2026-07-24 16:33,VPB,24950.0
2026-07-24 16:33,STB,73500.0
2026-07-24 16:33,HDB,25850.0
2026-07-24 16:33,TPB,14200.0
2026-07-24 16:33,VIC,213100.0
2026-07-24 16:33,VHM,130000.0
2026-07-24 16:33,NVL,12950.0
2026-07-24 16:33,KDH,17400.0
2026-07-24 16:33,DXG,10100.0
2026-07-24 16:33,PDR,11950.0
2026-07-24 16:33,MWG,68000.0
2026-07-24 16:33,PNJ,30750.0
2026-07-24 16:33,VNM,58900.0
2026-07-24 16:33,SAB,46500.0
2026-07-24 16:33,MSN,63900.0
2026-07-24 16:33,HPG,20800.0
2026-07-24 16:33,GVR,26200.0
2026-07-24 16:33,DGC,36850.0
2026-07-24 16:33,HSG,10450.0
2026-07-24 16:33,FPT,62900.0
2026-07-24 16:33,SSI,22800.0
2026-07-24 16:33,VND,16500.0
2026-07-24 16:33,VCI,19800.0
2026-07-24 16:33,HCM,25600.0
2026-07-24 16:33,GAS,67200.0
2026-07-24 16:33,PLX,33800.0
2026-07-24 16:33,POW,13350.0
2026-07-24 16:33,VJC,127400.0
2026-07-24 16:33,HVN,21200.0
2026-07-24 16:33,YEG,7620.0
2026-07-24 16:33,BSR,24000.0
2026-07-24 16:33,MCH,135000.0
2026-07-24 16:33,SHS,15200.0
2026-07-24 16:33,PVS,34200.0
2026-07-24 16:33,IDC,33300.0
2026-07-24 16:33,VCS,32800.0
2026-07-24 16:33,CEO,11600.0
2026-07-24 16:33,NTP,48500.0
2026-07-24 16:33,PVI,70700.0
2026-07-24 16:33,TNG,17500.0
2026-07-24 16:33,BAB,10700.0
2026-07-24 16:33,MBS,18600.0
2026-07-24 16:33,VC3,25200.0
2026-07-24 16:33,ACV,38700.0
2026-07-24 16:33,VEA,33900.0
2026-07-24 16:33,QNS,47600.0
2026-07-24 16:33,VGI,77200.0
2026-07-24 16:33,FOX,62000.0
2026-07-24 16:33,VGT,10600.0
2026-07-24 16:33,LTG,5300.0
2026-07-24 22:18,VCB,54100.0
2026-07-24 22:18,TCB,28600.0
2026-07-24 22:18,MBB,21900.0
2026-07-24 22:18,BID,36000.0
2026-07-24 22:18,CTG,29000.0
2026-07-24 22:18,ACB,22500.0
2026-07-24 22:18,VPB,24950.0
2026-07-24 22:18,STB,73500.0
2026-07-24 22:18,HDB,25850.0
2026-07-24 22:18,TPB,14200.0
2026-07-24 22:18,VIC,213100.0
2026-07-24 22:18,VHM,130000.0
2026-07-24 22:18,NVL,12950.0
2026-07-24 22:18,KDH,17400.0
2026-07-24 22:18,DXG,10100.0
2026-07-24 22:18,PDR,11950.0
2026-07-24 22:18,MWG,68000.0
2026-07-24 22:18,PNJ,30750.0
2026-07-24 22:18,VNM,58900.0
2026-07-24 22:18,SAB,46500.0
2026-07-24 22:18,MSN,63900.0
2026-07-24 22:18,HPG,20800.0
2026-07-24 22:18,GVR,26200.0
2026-07-24 22:18,DGC,36850.0
2026-07-24 22:18,HSG,10450.0
2026-07-24 22:18,FPT,62900.0
2026-07-24 22:18,SSI,22800.0
2026-07-24 22:18,VND,16500.0
2026-07-24 22:18,VCI,19800.0
2026-07-24 22:18,HCM,25600.0
2026-07-24 22:18,GAS,67200.0
2026-07-24 22:18,PLX,33800.0
2026-07-24 22:18,POW,13350.0
2026-07-24 22:18,VJC,127400.0
2026-07-24 22:18,HVN,21200.0
2026-07-24 22:18,YEG,7620.0
2026-07-24 22:18,BSR,24000.0
2026-07-24 22:18,MCH,135000.0
2026-07-24 22:18,SHS,15200.0
2026-07-24 22:18,PVS,34200.0
2026-07-24 22:18,IDC,33300.0
2026-07-24 22:18,VCS,32800.0
2026-07-24 22:18,CEO,11600.0
2026-07-24 22:18,NTP,48500.0
2026-07-24 22:18,PVI,70700.0
2026-07-24 22:18,TNG,17500.0
2026-07-24 22:18,BAB,10700.0
2026-07-24 22:18,MBS,18600.0
2026-07-24 22:18,VC3,25200.0
2026-07-24 22:18,ACV,38700.0
2026-07-24 22:18,VEA,33900.0
2026-07-24 22:18,QNS,47600.0
2026-07-24 22:18,VGI,77200.0
2026-07-24 22:18,FOX,62000.0
2026-07-24 22:18,VGT,10600.0
2026-07-24 22:18,LTG,5300.0
2026-07-25 03:05,VCB,54000.0
2026-07-25 03:05,TCB,29250.0
2026-07-25 03:05,MBB,22050.0
2026-07-25 03:05,BID,36000.0
2026-07-25 03:05,CTG,29050.0
2026-07-25 03:05,ACB,22500.0
2026-07-25 03:05,VPB,25000.0
2026-07-25 03:05,STB,72000.0
2026-07-25 03:05,HDB,25950.0
2026-07-25 03:05,TPB,14000.0
2026-07-25 03:05,VIC,214000.0
2026-07-25 03:05,VHM,132000.0
2026-07-25 03:05,NVL,12700.0
2026-07-25 03:05,KDH,18000.0
2026-07-25 03:05,DXG,10550.0
2026-07-25 03:05,PDR,12100.0
2026-07-25 03:05,MWG,71500.0
2026-07-25 03:05,PNJ,33050.0
2026-07-25 03:05,VNM,57800.0
2026-07-25 03:05,SAB,47000.0
2026-07-25 03:05,MSN,64000.0
2026-07-25 03:05,HPG,20800.0
2026-07-25 03:05,GVR,27100.0
2026-07-25 03:05,DGC,37950.0
2026-07-25 03:05,HSG,10500.0
2026-07-25 03:05,FPT,64700.0
2026-07-25 03:05,SSI,23550.0
2026-07-25 03:05,VND,17150.0
2026-07-25 03:05,VCI,20500.0
2026-07-25 03:05,HCM,25950.0
2026-07-25 03:05,GAS,66800.0
2026-07-25 03:05,PLX,33400.0
2026-07-25 03:05,POW,13550.0
2026-07-25 03:05,VJC,127600.0
2026-07-25 03:05,HVN,21500.0
2026-07-25 03:05,YEG,7840.0
2026-07-25 03:05,BSR,23350.0
2026-07-25 03:05,MCH,136000.0
2026-07-25 03:05,SHS,15200.0
2026-07-25 03:05,PVS,34200.0
2026-07-25 03:05,IDC,33300.0
2026-07-25 03:05,VCS,32800.0
2026-07-25 03:05,CEO,11600.0
2026-07-25 03:05,NTP,48500.0
2026-07-25 03:05,PVI,70700.0
2026-07-25 03:05,TNG,17500.0
2026-07-25 03:05,BAB,10700.0
2026-07-25 03:05,MBS,18600.0
2026-07-25 03:05,VC3,25200.0
2026-07-25 03:05,ACV,38700.0
2026-07-25 03:05,VEA,33900.0
2026-07-25 03:05,QNS,47600.0
2026-07-25 03:05,VGI,77200.0
2026-07-25 03:05,FOX,62000.0
2026-07-25 03:05,VGT,10600.0
2026-07-25 03:05,LTG,5300.0
2026-07-25 07:14,VCB,54000.0
2026-07-25 07:14,TCB,29250.0
2026-07-25 07:14,MBB,22050.0
2026-07-25 07:14,BID,36000.0
2026-07-25 07:14,CTG,29050.0
2026-07-25 07:14,ACB,22500.0
2026-07-25 07:14,VPB,25000.0
2026-07-25 07:14,STB,72000.0
2026-07-25 07:14,HDB,25950.0
2026-07-25 07:14,TPB,14000.0
2026-07-25 07:14,VIC,214000.0
2026-07-25 07:14,VHM,132000.0
2026-07-25 07:14,NVL,12700.0
2026-07-25 07:14,KDH,18000.0
2026-07-25 07:14,DXG,10550.0
2026-07-25 07:14,PDR,12100.0
2026-07-25 07:14,MWG,71500.0
2026-07-25 07:14,PNJ,33050.0
2026-07-25 07:14,VNM,57800.0
2026-07-25 07:14,SAB,47000.0
2026-07-25 07:14,MSN,64000.0
2026-07-25 07:14,HPG,20800.0
2026-07-25 07:14,GVR,27100.0
2026-07-25 07:14,DGC,37950.0
2026-07-25 07:14,HSG,10500.0
2026-07-25 07:14,FPT,64700.0
2026-07-25 07:14,SSI,23550.0
2026-07-25 07:14,VND,17150.0
2026-07-25 07:14,VCI,20500.0
2026-07-25 07:14,HCM,25950.0
2026-07-25 07:14,GAS,66800.0
2026-07-25 07:14,PLX,33400.0
2026-07-25 07:14,POW,13550.0
2026-07-25 07:14,VJC,127600.0
2026-07-25 07:14,HVN,21500.0
2026-07-25 07:14,YEG,7840.0
2026-07-25 07:14,BSR,23350.0
2026-07-25 07:14,MCH,136000.0
2026-07-25 07:14,SHS,15200.0
2026-07-25 07:14,PVS,34200.0
2026-07-25 07:14,IDC,33300.0
2026-07-25 07:14,VCS,32800.0
2026-07-25 07:14,CEO,11600.0
2026-07-25 07:14,NTP,48500.0
2026-07-25 07:14,PVI,70700.0
2026-07-25 07:14,TNG,17500.0
2026-07-25 07:14,BAB,10700.0
2026-07-25 07:14,MBS,18600.0
2026-07-25 07:14,VC3,25200.0
2026-07-25 07:14,ACV,38700.0
2026-07-25 07:14,VEA,33900.0
2026-07-25 07:14,QNS,47600.0
2026-07-25 07:14,VGI,77200.0
2026-07-25 07:14,FOX,62000.0
2026-07-25 07:14,VGT,10600.0
2026-07-25 07:14,LTG,5300.0
2026-07-25 14:45,VCB,54100.0
2026-07-25 14:45,TCB,28600.0
2026-07-25 14:45,MBB,21900.0
2026-07-25 14:45,BID,36000.0
2026-07-25 14:45,CTG,29000.0
2026-07-25 14:45,ACB,22500.0
2026-07-25 14:45,VPB,24950.0
2026-07-25 14:45,STB,73500.0
2026-07-25 14:45,HDB,25850.0
2026-07-25 14:45,TPB,14200.0
2026-07-25 14:45,VIC,213100.0
2026-07-25 14:45,VHM,130000.0
2026-07-25 14:45,NVL,12950.0
2026-07-25 14:45,KDH,17400.0
2026-07-25 14:45,DXG,10100.0
2026-07-25 14:45,PDR,11950.0
2026-07-25 14:45,MWG,68000.0
2026-07-25 14:45,PNJ,30750.0
2026-07-25 14:45,VNM,58900.0
2026-07-25 14:45,SAB,46500.0
2026-07-25 14:45,MSN,63900.0
2026-07-25 14:45,HPG,20800.0
2026-07-25 14:45,GVR,26200.0
2026-07-25 14:45,DGC,36850.0
2026-07-25 14:45,HSG,10450.0
2026-07-25 14:45,FPT,62900.0
2026-07-25 14:45,SSI,22800.0
2026-07-25 14:45,VND,16500.0
2026-07-25 14:45,VCI,19800.0
2026-07-25 14:45,HCM,25600.0
2026-07-25 14:45,GAS,67200.0
2026-07-25 14:45,PLX,33800.0
2026-07-25 14:45,POW,13350.0
2026-07-25 14:45,VJC,127400.0
2026-07-25 14:45,HVN,21200.0
2026-07-25 14:45,YEG,7620.0
2026-07-25 14:45,BSR,24000.0
2026-07-25 14:45,MCH,135000.0
2026-07-25 14:45,SHS,15200.0
2026-07-25 14:45,PVS,34200.0
2026-07-25 14:45,IDC,33300.0
2026-07-25 14:45,VCS,32800.0
2026-07-25 14:45,CEO,11600.0
2026-07-25 14:45,NTP,48500.0
2026-07-25 14:45,PVI,70700.0
2026-07-25 14:45,TNG,17500.0
2026-07-25 14:45,BAB,10700.0
2026-07-25 14:45,MBS,18600.0
2026-07-25 14:45,VC3,25200.0
2026-07-25 14:45,ACV,38700.0
2026-07-25 14:45,VEA,33900.0
2026-07-25 14:45,QNS,47600.0
2026-07-25 14:45,VGI,77200.0
2026-07-25 14:45,FOX,62000.0
2026-07-25 14:45,VGT,10600.0
2026-07-25 14:45,LTG,5300.0
2026-07-25 18:52,VCB,54100.0
2026-07-25 18:52,TCB,28600.0
2026-07-25 18:52,MBB,21900.0
2026-07-25 18:52,BID,36000.0
2026-07-25 18:52,CTG,29000.0
2026-07-25 18:52,ACB,22500.0
2026-07-25 18:52,VPB,24950.0
2026-07-25 18:52,STB,73500.0
2026-07-25 18:52,HDB,25850.0
2026-07-25 18:52,TPB,14200.0
2026-07-25 18:52,VIC,213100.0
2026-07-25 18:52,VHM,130000.0
2026-07-25 18:52,NVL,12950.0
2026-07-25 18:52,KDH,17400.0
2026-07-25 18:52,DXG,10100.0
2026-07-25 18:52,PDR,11950.0
2026-07-25 18:52,MWG,68000.0
2026-07-25 18:52,PNJ,30750.0
2026-07-25 18:52,VNM,58900.0
2026-07-25 18:52,SAB,46500.0
2026-07-25 18:52,MSN,63900.0
2026-07-25 18:52,HPG,20800.0
2026-07-25 18:52,GVR,26200.0
2026-07-25 18:52,DGC,36850.0
2026-07-25 18:52,HSG,10450.0
2026-07-25 18:52,FPT,62900.0
2026-07-25 18:52,SSI,22800.0
2026-07-25 18:52,VND,16500.0
2026-07-25 18:52,VCI,19800.0
2026-07-25 18:52,HCM,25600.0
2026-07-25 18:52,GAS,67200.0
2026-07-25 18:52,PLX,33800.0
2026-07-25 18:52,POW,13350.0
2026-07-25 18:52,VJC,127400.0
2026-07-25 18:52,HVN,21200.0
2026-07-25 18:52,YEG,7620.0
2026-07-25 18:52,BSR,24000.0
2026-07-25 18:52,MCH,135000.0
2026-07-25 18:52,SHS,15200.0
2026-07-25 18:52,PVS,34200.0
2026-07-25 18:52,IDC,33300.0
2026-07-25 18:52,VCS,32800.0
2026-07-25 18:52,CEO,11600.0
2026-07-25 18:52,NTP,48500.0
2026-07-25 18:52,PVI,70700.0
2026-07-25 18:52,TNG,17500.0
2026-07-25 18:52,BAB,10700.0
2026-07-25 18:52,MBS,18600.0
2026-07-25 18:52,VC3,25200.0
2026-07-25 18:52,ACV,38700.0
2026-07-25 18:52,VEA,33900.0
2026-07-25 18:52,QNS,47600.0
2026-07-25 18:52,VGI,77200.0
2026-07-25 18:52,FOX,62000.0
2026-07-25 18:52,VGT,10600.0
2026-07-25 18:52,LTG,5300.0
2026-07-25 22:48,VCB,54100.0
2026-07-25 22:48,TCB,28600.0
2026-07-25 22:48,MBB,21900.0
2026-07-25 22:48,BID,36000.0
2026-07-25 22:48,CTG,29000.0
2026-07-25 22:48,ACB,22500.0
2026-07-25 22:48,VPB,24950.0
2026-07-25 22:48,STB,73500.0
2026-07-25 22:48,HDB,25850.0
2026-07-25 22:48,TPB,14200.0
2026-07-25 22:48,VIC,213100.0
2026-07-25 22:48,VHM,130000.0
2026-07-25 22:48,NVL,12950.0
2026-07-25 22:48,KDH,17400.0
2026-07-25 22:48,DXG,10100.0
2026-07-25 22:48,PDR,11950.0
2026-07-25 22:48,MWG,68000.0
2026-07-25 22:48,PNJ,30750.0
2026-07-25 22:48,VNM,58900.0
2026-07-25 22:48,SAB,46500.0
2026-07-25 22:48,MSN,63900.0
2026-07-25 22:48,HPG,20800.0
2026-07-25 22:48,GVR,26200.0
2026-07-25 22:48,DGC,36850.0
2026-07-25 22:48,HSG,10450.0
2026-07-25 22:48,FPT,62900.0
2026-07-25 22:48,SSI,22800.0
2026-07-25 22:48,VND,16500.0
2026-07-25 22:48,VCI,19800.0
2026-07-25 22:48,HCM,25600.0
2026-07-25 22:48,GAS,67200.0
2026-07-25 22:48,PLX,33800.0
2026-07-25 22:48,POW,13350.0
2026-07-25 22:48,VJC,127400.0
2026-07-25 22:48,HVN,21200.0
2026-07-25 22:48,YEG,7620.0
2026-07-25 22:48,BSR,24000.0
2026-07-25 22:48,MCH,135000.0
2026-07-25 22:48,SHS,15200.0
2026-07-25 22:48,PVS,34200.0
2026-07-25 22:48,IDC,33300.0
2026-07-25 22:48,VCS,32800.0
2026-07-25 22:48,CEO,11600.0
2026-07-25 22:48,NTP,48500.0
2026-07-25 22:48,PVI,70700.0
2026-07-25 22:48,TNG,17500.0
2026-07-25 22:48,BAB,10700.0
2026-07-25 22:48,MBS,18600.0
2026-07-25 22:48,VC3,25200.0
2026-07-25 22:48,ACV,38700.0
2026-07-25 22:48,VEA,33900.0
2026-07-25 22:48,QNS,47600.0
2026-07-25 22:48,VGI,77200.0
2026-07-25 22:48,FOX,62000.0
2026-07-25 22:48,VGT,10600.0
2026-07-25 22:48,LTG,5300.0
2026-07-26 03:14,VCB,54100.0
2026-07-26 03:14,TCB,28600.0
2026-07-26 03:14,MBB,21900.0
2026-07-26 03:14,BID,36000.0
2026-07-26 03:14,CTG,29000.0
2026-07-26 03:14,ACB,22500.0
2026-07-26 03:14,VPB,24950.0
2026-07-26 03:14,STB,73500.0
2026-07-26 03:14,HDB,25850.0
2026-07-26 03:14,TPB,14200.0
2026-07-26 03:14,VIC,213100.0
2026-07-26 03:14,VHM,130000.0
2026-07-26 03:14,NVL,12950.0
2026-07-26 03:14,KDH,17400.0
2026-07-26 03:14,DXG,10100.0
2026-07-26 03:14,PDR,11950.0
2026-07-26 03:14,MWG,68000.0
2026-07-26 03:14,PNJ,30750.0
2026-07-26 03:14,VNM,58900.0
2026-07-26 03:14,SAB,46500.0
2026-07-26 03:14,MSN,63900.0
2026-07-26 03:14,HPG,20800.0
2026-07-26 03:14,GVR,26200.0
2026-07-26 03:14,DGC,36850.0
2026-07-26 03:14,HSG,10450.0
2026-07-26 03:14,FPT,62900.0
2026-07-26 03:14,SSI,22800.0
2026-07-26 03:14,VND,16500.0
2026-07-26 03:14,VCI,19800.0
2026-07-26 03:14,HCM,25600.0
2026-07-26 03:14,GAS,67200.0
2026-07-26 03:14,PLX,33800.0
2026-07-26 03:14,POW,13350.0
2026-07-26 03:14,VJC,127400.0
2026-07-26 03:14,HVN,21200.0
2026-07-26 03:14,YEG,7620.0
2026-07-26 03:14,BSR,24000.0
2026-07-26 03:14,MCH,135000.0
2026-07-26 03:14,SHS,15200.0
2026-07-26 03:14,PVS,34200.0
2026-07-26 03:14,IDC,33300.0
2026-07-26 03:14,VCS,32800.0
2026-07-26 03:14,CEO,11600.0
2026-07-26 03:14,NTP,48500.0
2026-07-26 03:14,PVI,70700.0
2026-07-26 03:14,TNG,17500.0
2026-07-26 03:14,BAB,10700.0
2026-07-26 03:14,MBS,18600.0
2026-07-26 03:14,VC3,25200.0
2026-07-26 03:14,ACV,38700.0
2026-07-26 03:14,VEA,33900.0
2026-07-26 03:14,QNS,47600.0
2026-07-26 03:14,VGI,77200.0
2026-07-26 03:14,FOX,62000.0
2026-07-26 03:14,VGT,10600.0
2026-07-26 03:14,LTG,5300.0
2026-07-26 06:47,VCB,54100.0
2026-07-26 06:47,TCB,28600.0
2026-07-26 06:47,MBB,21900.0
2026-07-26 06:47,BID,36000.0
2026-07-26 06:47,CTG,29000.0
2026-07-26 06:47,ACB,22500.0
2026-07-26 06:47,VPB,24950.0
2026-07-26 06:47,STB,73500.0
2026-07-26 06:47,HDB,25850.0
2026-07-26 06:47,TPB,14200.0
2026-07-26 06:47,VIC,213100.0
2026-07-26 06:47,VHM,130000.0
2026-07-26 06:47,NVL,12950.0
2026-07-26 06:47,KDH,17400.0
2026-07-26 06:47,DXG,10100.0
2026-07-26 06:47,PDR,11950.0
2026-07-26 06:47,MWG,68000.0
2026-07-26 06:47,PNJ,30750.0
2026-07-26 06:47,VNM,58900.0
2026-07-26 06:47,SAB,46500.0
2026-07-26 06:47,MSN,63900.0
2026-07-26 06:47,HPG,20800.0
2026-07-26 06:47,GVR,26200.0
2026-07-26 06:47,DGC,36850.0
2026-07-26 06:47,HSG,10450.0
2026-07-26 06:47,FPT,62900.0
2026-07-26 06:47,SSI,22800.0
2026-07-26 06:47,VND,16500.0
2026-07-26 06:47,VCI,19800.0
2026-07-26 06:47,HCM,25600.0
2026-07-26 06:47,GAS,67200.0
2026-07-26 06:47,PLX,33800.0
2026-07-26 06:47,POW,13350.0
2026-07-26 06:47,VJC,127400.0
2026-07-26 06:47,HVN,21200.0
2026-07-26 06:47,YEG,7620.0
2026-07-26 06:47,BSR,24000.0
2026-07-26 06:47,MCH,135000.0
2026-07-26 06:47,SHS,15200.0
2026-07-26 06:47,PVS,34200.0
2026-07-26 06:47,IDC,33300.0
2026-07-26 06:47,VCS,32800.0
2026-07-26 06:47,CEO,11600.0
2026-07-26 06:47,NTP,48500.0
2026-07-26 06:47,PVI,70700.0
2026-07-26 06:47,TNG,17500.0
2026-07-26 06:47,BAB,10700.0
2026-07-26 06:47,MBS,18600.0
2026-07-26 06:47,VC3,25200.0
2026-07-26 06:47,ACV,38700.0
2026-07-26 06:47,VEA,33900.0
2026-07-26 06:47,QNS,47600.0
2026-07-26 06:47,VGI,77200.0
2026-07-26 06:47,FOX,62000.0
2026-07-26 06:47,VGT,10600.0
2026-07-26 06:47,LTG,5300.0
2026-07-26 16:01,VCB,54100.0
2026-07-26 16:01,TCB,28600.0
2026-07-26 16:01,MBB,21900.0
2026-07-26 16:01,BID,36000.0
2026-07-26 16:01,CTG,29000.0
2026-07-26 16:01,ACB,22500.0
2026-07-26 16:01,VPB,24950.0
2026-07-26 16:01,STB,73500.0
2026-07-26 16:01,HDB,25850.0
2026-07-26 16:01,TPB,14200.0
2026-07-26 16:01,VIC,213100.0
2026-07-26 16:01,VHM,130000.0
2026-07-26 16:01,NVL,12950.0
2026-07-26 16:01,KDH,17400.0
2026-07-26 16:01,DXG,10100.0
2026-07-26 16:01,PDR,11950.0
2026-07-26 16:01,MWG,68000.0
2026-07-26 16:01,PNJ,30750.0
2026-07-26 16:01,VNM,58900.0
2026-07-26 16:01,SAB,46500.0
2026-07-26 16:01,MSN,63900.0
2026-07-26 16:01,HPG,20800.0
2026-07-26 16:01,GVR,26200.0
2026-07-26 16:01,DGC,36850.0
2026-07-26 16:01,HSG,10450.0
2026-07-26 16:01,FPT,62900.0
2026-07-26 16:01,SSI,22800.0
2026-07-26 16:01,VND,16500.0
2026-07-26 16:01,VCI,19800.0
2026-07-26 16:01,HCM,25600.0
2026-07-26 16:01,GAS,67200.0
2026-07-26 16:01,PLX,33800.0
2026-07-26 16:01,POW,13350.0
2026-07-26 16:01,VJC,127400.0
2026-07-26 16:01,HVN,21200.0
2026-07-26 16:01,YEG,7620.0
2026-07-26 16:01,BSR,24000.0
2026-07-26 16:01,MCH,135000.0
2026-07-26 16:01,SHS,15200.0
2026-07-26 16:01,PVS,34200.0
2026-07-26 16:01,IDC,33300.0
2026-07-26 16:01,VCS,32800.0
2026-07-26 16:01,CEO,11600.0
2026-07-26 16:01,NTP,48500.0
2026-07-26 16:01,PVI,70700.0
2026-07-26 16:01,TNG,17500.0
2026-07-26 16:01,BAB,10700.0
2026-07-26 16:01,MBS,18600.0
2026-07-26 16:01,VC3,25200.0
2026-07-26 16:01,ACV,38700.0
2026-07-26 16:01,VEA,33900.0
2026-07-26 16:01,QNS,47600.0
2026-07-26 16:01,VGI,77200.0
2026-07-26 16:01,FOX,62000.0
2026-07-26 16:01,VGT,10600.0
2026-07-26 16:01,LTG,5300.0
2026-07-26 19:45,VCB,54100.0
2026-07-26 19:45,TCB,28600.0
2026-07-26 19:45,MBB,21900.0
2026-07-26 19:45,BID,36000.0
2026-07-26 19:45,CTG,29000.0
2026-07-26 19:45,ACB,22500.0
2026-07-26 19:45,VPB,24950.0
2026-07-26 19:45,STB,73500.0
2026-07-26 19:45,HDB,25850.0
2026-07-26 19:45,TPB,14200.0
2026-07-26 19:45,VIC,213100.0
2026-07-26 19:45,VHM,130000.0
2026-07-26 19:45,NVL,12950.0
2026-07-26 19:45,KDH,17400.0
2026-07-26 19:45,DXG,10100.0
2026-07-26 19:45,PDR,11950.0
2026-07-26 19:45,MWG,68000.0
2026-07-26 19:45,PNJ,30750.0
2026-07-26 19:45,VNM,58900.0
2026-07-26 19:45,SAB,46500.0
2026-07-26 19:45,MSN,63900.0
2026-07-26 19:45,HPG,20800.0
2026-07-26 19:45,GVR,26200.0
2026-07-26 19:45,DGC,36850.0
2026-07-26 19:45,HSG,10450.0
2026-07-26 19:45,FPT,62900.0
2026-07-26 19:45,SSI,22800.0
2026-07-26 19:45,VND,16500.0
2026-07-26 19:45,VCI,19800.0
2026-07-26 19:45,HCM,25600.0
2026-07-26 19:45,GAS,67200.0
2026-07-26 19:45,PLX,33800.0
2026-07-26 19:45,POW,13350.0
2026-07-26 19:45,VJC,127400.0
2026-07-26 19:45,HVN,21200.0
2026-07-26 19:45,YEG,7620.0
2026-07-26 19:45,BSR,24000.0
2026-07-26 19:45,MCH,135000.0
2026-07-26 19:45,SHS,15200.0
2026-07-26 19:45,PVS,34200.0
2026-07-26 19:45,IDC,33300.0
2026-07-26 19:45,VCS,32800.0
2026-07-26 19:45,CEO,11600.0
2026-07-26 19:45,NTP,48500.0
2026-07-26 19:45,PVI,70700.0
2026-07-26 19:45,TNG,17500.0
2026-07-26 19:45,BAB,10700.0
2026-07-26 19:45,MBS,18600.0
2026-07-26 19:45,VC3,25200.0
2026-07-26 19:45,ACV,38700.0
2026-07-26 19:45,VEA,33900.0
2026-07-26 19:45,QNS,47600.0
2026-07-26 19:45,VGI,77200.0
2026-07-26 19:45,FOX,62000.0
2026-07-26 19:45,VGT,10600.0
2026-07-26 19:45,LTG,5300.0
2026-07-26 23:31,VCB,54100.0
2026-07-26 23:31,TCB,28600.0
2026-07-26 23:31,MBB,21900.0
2026-07-26 23:31,BID,36000.0
2026-07-26 23:31,CTG,29000.0
2026-07-26 23:31,ACB,22500.0
2026-07-26 23:31,VPB,24950.0
2026-07-26 23:31,STB,73500.0
2026-07-26 23:31,HDB,25850.0
2026-07-26 23:31,TPB,14200.0
2026-07-26 23:31,VIC,213100.0
2026-07-26 23:31,VHM,130000.0
2026-07-26 23:31,NVL,12950.0
2026-07-26 23:31,KDH,17400.0
2026-07-26 23:31,DXG,10100.0
2026-07-26 23:31,PDR,11950.0
2026-07-26 23:31,MWG,68000.0
2026-07-26 23:31,PNJ,30750.0
2026-07-26 23:31,VNM,58900.0
2026-07-26 23:31,SAB,46500.0
2026-07-26 23:31,MSN,63900.0
2026-07-26 23:31,HPG,20800.0
2026-07-26 23:31,GVR,26200.0
2026-07-26 23:31,DGC,36850.0
2026-07-26 23:31,HSG,10450.0
2026-07-26 23:31,FPT,62900.0
2026-07-26 23:31,SSI,22800.0
2026-07-26 23:31,VND,16500.0
2026-07-26 23:31,VCI,19800.0
2026-07-26 23:31,HCM,25600.0
2026-07-26 23:31,GAS,67200.0
2026-07-26 23:31,PLX,33800.0
2026-07-26 23:31,POW,13350.0
2026-07-26 23:31,VJC,127400.0
2026-07-26 23:31,HVN,21200.0
2026-07-26 23:31,YEG,7620.0
2026-07-26 23:31,BSR,24000.0
2026-07-26 23:31,MCH,135000.0
2026-07-26 23:31,SHS,15200.0
2026-07-26 23:31,PVS,34200.0
2026-07-26 23:31,IDC,33300.0
2026-07-26 23:31,VCS,32800.0
2026-07-26 23:31,CEO,11600.0
2026-07-26 23:31,NTP,48500.0
2026-07-26 23:31,PVI,70700.0
2026-07-26 23:31,TNG,17500.0
2026-07-26 23:31,BAB,10700.0
2026-07-26 23:31,MBS,18600.0
2026-07-26 23:31,VC3,25200.0
2026-07-26 23:31,ACV,38700.0
2026-07-26 23:31,VEA,33900.0
2026-07-26 23:31,QNS,47600.0
2026-07-26 23:31,VGI,77200.0
2026-07-26 23:31,FOX,62000.0
2026-07-26 23:31,VGT,10600.0
2026-07-26 23:31,LTG,5300.0
2026-07-27 03:32,VCB,54100.0
2026-07-27 03:32,TCB,28600.0
2026-07-27 03:32,MBB,21900.0
2026-07-27 03:32,BID,36000.0
2026-07-27 03:32,CTG,29000.0
2026-07-27 03:32,ACB,22500.0
2026-07-27 03:32,VPB,24950.0
2026-07-27 03:32,STB,73500.0
2026-07-27 03:32,HDB,25850.0
2026-07-27 03:32,TPB,14200.0
2026-07-27 03:32,VIC,213100.0
2026-07-27 03:32,VHM,130000.0
2026-07-27 03:32,NVL,12950.0
2026-07-27 03:32,KDH,17400.0
2026-07-27 03:32,DXG,10100.0
2026-07-27 03:32,PDR,11950.0
2026-07-27 03:32,MWG,68000.0
2026-07-27 03:32,PNJ,30750.0
2026-07-27 03:32,VNM,58900.0
2026-07-27 03:32,SAB,46500.0
2026-07-27 03:32,MSN,63900.0
2026-07-27 03:32,HPG,20800.0
2026-07-27 03:32,GVR,26200.0
2026-07-27 03:32,DGC,36850.0
2026-07-27 03:32,HSG,10450.0
2026-07-27 03:32,FPT,62900.0
2026-07-27 03:32,SSI,22800.0
2026-07-27 03:32,VND,16500.0
2026-07-27 03:32,VCI,19800.0
2026-07-27 03:32,HCM,25600.0
2026-07-27 03:32,GAS,67200.0
2026-07-27 03:32,PLX,33800.0
2026-07-27 03:32,POW,13350.0
2026-07-27 03:32,VJC,127400.0
2026-07-27 03:32,HVN,21200.0
2026-07-27 03:32,YEG,7620.0
2026-07-27 03:32,BSR,24000.0
2026-07-27 03:32,MCH,135000.0
2026-07-27 03:32,SHS,15200.0
2026-07-27 03:32,PVS,34200.0
2026-07-27 03:32,IDC,33300.0
2026-07-27 03:32,VCS,32800.0
2026-07-27 03:32,CEO,11600.0
2026-07-27 03:32,NTP,48500.0
2026-07-27 03:32,PVI,70700.0
2026-07-27 03:32,TNG,17500.0
2026-07-27 03:32,BAB,10700.0
2026-07-27 03:32,MBS,18600.0
2026-07-27 03:32,VC3,25200.0
2026-07-27 03:32,ACV,38700.0
2026-07-27 03:32,VEA,33900.0
2026-07-27 03:32,QNS,47600.0
2026-07-27 03:32,VGI,77200.0
2026-07-27 03:32,FOX,62000.0
2026-07-27 03:32,VGT,10600.0
2026-07-27 03:32,LTG,5300.0
2026-07-27 17:51,VCB,54000.0
2026-07-27 17:51,TCB,28250.0
2026-07-27 17:51,MBB,21650.0
2026-07-27 17:51,BID,34700.0
2026-07-27 17:51,CTG,28750.0
2026-07-27 17:51,ACB,22300.0
2026-07-27 17:51,VPB,24550.0
2026-07-27 17:51,STB,72500.0
2026-07-27 17:51,HDB,25300.0
2026-07-27 17:51,TPB,13900.0
2026-07-27 17:51,VIC,213500.0
2026-07-27 17:51,VHM,131000.0
2026-07-27 17:51,NVL,12700.0
2026-07-27 17:51,KDH,16400.0
2026-07-27 17:51,DXG,9970.0
2026-07-27 17:51,PDR,11150.0
2026-07-27 17:51,MWG,63300.0
2026-07-27 17:51,PNJ,32900.0
2026-07-27 17:51,VNM,57900.0
2026-07-27 17:51,SAB,46600.0
2026-07-27 17:51,MSN,63900.0
2026-07-27 17:51,HPG,20350.0
2026-07-27 17:51,GVR,26000.0
2026-07-27 17:51,DGC,36000.0
2026-07-27 17:51,HSG,10050.0
2026-07-27 17:51,FPT,62200.0
2026-07-27 17:51,SSI,22000.0
2026-07-27 17:51,VND,15350.0
2026-07-27 17:51,VCI,18450.0
2026-07-27 17:51,HCM,25000.0
2026-07-27 17:51,GAS,66900.0
2026-07-27 17:51,PLX,32800.0
2026-07-27 17:51,POW,13200.0
2026-07-27 17:51,VJC,126000.0
2026-07-27 17:51,HVN,21500.0
2026-07-27 17:51,YEG,7620.0
2026-07-27 17:51,BSR,23700.0
2026-07-27 17:51,MCH,137500.0
2026-07-27 17:51,SHS,14300.0
2026-07-27 17:51,PVS,33300.0
2026-07-27 17:51,IDC,31500.0
2026-07-27 17:51,VCS,32600.0
2026-07-27 17:51,CEO,10800.0
2026-07-27 17:51,NTP,48400.0
2026-07-27 17:51,PVI,70000.0
2026-07-27 17:51,TNG,17100.0
2026-07-27 17:51,BAB,10500.0
2026-07-27 17:51,MBS,17400.0
2026-07-27 17:51,VC3,25300.0
2026-07-27 17:51,ACV,38400.0
2026-07-27 17:51,VEA,33900.0
2026-07-27 17:51,QNS,47600.0
2026-07-27 17:51,VGI,74900.0
2026-07-27 17:51,FOX,61000.0
2026-07-27 17:51,VGT,10600.0
2026-07-27 17:51,LTG,5300.0
2026-07-28 00:21,VCB,54100.0
2026-07-28 00:21,TCB,28600.0
2026-07-28 00:21,MBB,21900.0
2026-07-28 00:21,BID,36000.0
2026-07-28 00:21,CTG,29000.0
2026-07-28 00:21,ACB,22500.0
2026-07-28 00:21,VPB,24950.0
2026-07-28 00:21,STB,73500.0
2026-07-28 00:21,HDB,25850.0
2026-07-28 00:21,TPB,14200.0
2026-07-28 00:21,VIC,213100.0
2026-07-28 00:21,VHM,130000.0
2026-07-28 00:21,NVL,12950.0
2026-07-28 00:21,KDH,17400.0
2026-07-28 00:21,DXG,10100.0
2026-07-28 00:21,PDR,11950.0
2026-07-28 00:21,MWG,68000.0
2026-07-28 00:21,PNJ,30750.0
2026-07-28 00:21,VNM,58900.0
2026-07-28 00:21,SAB,46500.0
2026-07-28 00:21,MSN,63900.0
2026-07-28 00:21,HPG,20800.0
2026-07-28 00:21,GVR,26200.0
2026-07-28 00:21,DGC,36850.0
2026-07-28 00:21,HSG,10450.0
2026-07-28 00:21,FPT,62900.0
2026-07-28 00:21,SSI,22800.0
2026-07-28 00:21,VND,16500.0
2026-07-28 00:21,VCI,19800.0
2026-07-28 00:21,HCM,25600.0
2026-07-28 00:21,GAS,67200.0
2026-07-28 00:21,PLX,33800.0
2026-07-28 00:21,POW,13350.0
2026-07-28 00:21,VJC,127400.0
2026-07-28 00:21,HVN,21200.0
2026-07-28 00:21,YEG,7620.0
2026-07-28 00:21,BSR,24000.0
2026-07-28 00:21,MCH,135000.0
2026-07-28 00:21,SHS,14300.0
2026-07-28 00:21,PVS,33300.0
2026-07-28 00:21,IDC,31500.0
2026-07-28 00:21,VCS,32600.0
2026-07-28 00:21,CEO,10800.0
2026-07-28 00:21,NTP,48400.0
2026-07-28 00:21,PVI,70000.0
2026-07-28 00:21,TNG,17100.0
2026-07-28 00:21,BAB,10500.0
2026-07-28 00:21,MBS,17400.0
2026-07-28 00:21,VC3,25300.0
2026-07-28 00:21,ACV,38400.0
2026-07-28 00:21,VEA,33900.0
2026-07-28 00:21,QNS,47600.0
2026-07-28 00:21,VGI,74900.0
2026-07-28 00:21,FOX,61000.0
2026-07-28 00:21,VGT,10600.0
2026-07-28 00:21,LTG,5300.0
2026-07-28 04:43,VCB,54100.0
2026-07-28 04:43,TCB,28600.0
2026-07-28 04:43,MBB,21900.0
2026-07-28 04:43,BID,36000.0
2026-07-28 04:43,CTG,29000.0
2026-07-28 04:43,ACB,22500.0
2026-07-28 04:43,VPB,24950.0
2026-07-28 04:43,STB,73500.0
2026-07-28 04:43,HDB,25850.0
2026-07-28 04:43,TPB,14200.0
2026-07-28 04:43,VIC,213100.0
2026-07-28 04:43,VHM,130000.0
2026-07-28 04:43,NVL,12950.0
2026-07-28 04:43,KDH,17400.0
2026-07-28 04:43,DXG,10100.0
2026-07-28 04:43,PDR,11950.0
2026-07-28 04:43,MWG,68000.0
2026-07-28 04:43,PNJ,30750.0
2026-07-28 04:43,VNM,58900.0
2026-07-28 04:43,SAB,46500.0
2026-07-28 04:43,MSN,63900.0
2026-07-28 04:43,HPG,20800.0
2026-07-28 04:43,GVR,26200.0
2026-07-28 04:43,DGC,36850.0
2026-07-28 04:43,HSG,10450.0
2026-07-28 04:43,FPT,62900.0
2026-07-28 04:43,SSI,22800.0
2026-07-28 04:43,VND,16500.0
2026-07-28 04:43,VCI,19800.0
2026-07-28 04:43,HCM,25600.0
2026-07-28 04:43,GAS,67200.0
2026-07-28 04:43,PLX,33800.0
2026-07-28 04:43,POW,13350.0
2026-07-28 04:43,VJC,127400.0
2026-07-28 04:43,HVN,21200.0
2026-07-28 04:43,YEG,7620.0
2026-07-28 04:43,BSR,24000.0
2026-07-28 04:43,MCH,135000.0
2026-07-28 04:43,SHS,14300.0
2026-07-28 04:43,PVS,33300.0
2026-07-28 04:43,IDC,31500.0
2026-07-28 04:43,VCS,32600.0
2026-07-28 04:43,CEO,10800.0
2026-07-28 04:43,NTP,48400.0
2026-07-28 04:43,PVI,70000.0
2026-07-28 04:43,TNG,17100.0
2026-07-28 04:43,BAB,10500.0
2026-07-28 04:43,MBS,17400.0
2026-07-28 04:43,VC3,25300.0
2026-07-28 04:43,ACV,38400.0
2026-07-28 04:43,VEA,33900.0
2026-07-28 04:43,QNS,47600.0
2026-07-28 04:43,VGI,74900.0
2026-07-28 04:43,FOX,61000.0
2026-07-28 04:43,VGT,10600.0
2026-07-28 04:43,LTG,5300.0
2026-07-28 10:36,VCB,53900.0
2026-07-28 10:36,TCB,28000.0
2026-07-28 10:36,MBB,21550.0
2026-07-28 10:36,BID,34700.0
2026-07-28 10:36,CTG,28500.0
2026-07-28 10:36,ACB,22300.0
2026-07-28 10:36,VPB,23950.0
2026-07-28 10:36,STB,72700.0
2026-07-28 10:36,HDB,24550.0
2026-07-28 10:36,TPB,13950.0
2026-07-28 10:36,VIC,212200.0
2026-07-28 10:36,VHM,129700.0
2026-07-28 10:36,NVL,12500.0
2026-07-28 10:36,KDH,16800.0
2026-07-28 10:36,DXG,10050.0
2026-07-28 10:36,PDR,10800.0
2026-07-28 10:36,MWG,63700.0
2026-07-28 10:36,PNJ,35200.0
2026-07-28 10:36,VNM,58900.0
2026-07-28 10:36,SAB,43150.0
2026-07-28 10:36,MSN,63900.0
2026-07-28 10:36,HPG,20350.0
2026-07-28 10:36,GVR,26050.0
2026-07-28 10:36,DGC,35900.0
2026-07-28 10:36,HSG,9990.0
2026-07-28 10:36,FPT,61900.0
2026-07-28 10:36,SSI,22200.0
2026-07-28 10:36,VND,15250.0
2026-07-28 10:36,VCI,18600.0
2026-07-28 10:36,HCM,24350.0
2026-07-28 10:36,GAS,67200.0
2026-07-28 10:36,PLX,32350.0
2026-07-28 10:36,POW,13000.0
2026-07-28 10:36,VJC,125000.0
2026-07-28 10:36,HVN,21650.0
2026-07-28 10:36,YEG,7400.0
2026-07-28 10:36,BSR,24050.0
2026-07-28 10:36,MCH,136100.0
2026-07-28 10:36,SHS,14400.0
2026-07-28 10:36,PVS,33100.0
2026-07-28 10:36,IDC,31400.0
2026-07-28 10:36,VCS,32400.0
2026-07-28 10:36,CEO,11100.0
2026-07-28 10:36,NTP,48400.0
2026-07-28 10:36,PVI,70000.0
2026-07-28 10:36,TNG,17100.0
2026-07-28 10:36,BAB,10200.0
2026-07-28 10:36,MBS,17300.0
2026-07-28 10:36,VC3,25100.0
2026-07-28 10:36,ACV,38000.0
2026-07-28 10:36,VEA,33900.0
2026-07-28 10:36,QNS,47400.0
2026-07-28 10:36,VGI,74000.0
2026-07-28 10:36,FOX,60000.0
2026-07-28 10:36,VGT,10500.0
2026-07-28 10:36,LTG,5300.0
2026-07-28 14:48,VCB,54100.0
2026-07-28 14:48,TCB,28550.0
2026-07-28 14:48,MBB,22100.0
2026-07-28 14:48,BID,35100.0
2026-07-28 14:48,CTG,28950.0
2026-07-28 14:48,ACB,22400.0
2026-07-28 14:48,VPB,24500.0
2026-07-28 14:48,STB,72200.0
2026-07-28 14:48,HDB,25200.0
2026-07-28 14:48,TPB,14100.0
2026-07-28 14:48,VIC,213100.0
2026-07-28 14:48,VHM,131100.0
2026-07-28 14:48,NVL,12750.0
2026-07-28 14:48,KDH,16950.0
2026-07-28 14:48,DXG,10150.0
2026-07-28 14:48,PDR,11450.0
2026-07-28 14:48,MWG,65000.0
2026-07-28 14:48,PNJ,33100.0
2026-07-28 14:48,VNM,59300.0
2026-07-28 14:48,SAB,43050.0
2026-07-28 14:48,MSN,65500.0
2026-07-28 14:48,HPG,20900.0
2026-07-28 14:48,GVR,26200.0
2026-07-28 14:48,DGC,36850.0
2026-07-28 14:48,HSG,10450.0
2026-07-28 14:48,FPT,62700.0
2026-07-28 14:48,SSI,22900.0
2026-07-28 14:48,VND,16350.0
2026-07-28 14:48,VCI,19700.0
2026-07-28 14:48,HCM,25000.0
2026-07-28 14:48,GAS,66900.0
2026-07-28 14:48,PLX,32650.0
2026-07-28 14:48,POW,13150.0
2026-07-28 14:48,VJC,123600.0
2026-07-28 14:48,HVN,21800.0
2026-07-28 14:48,YEG,7480.0
2026-07-28 14:48,BSR,24300.0
2026-07-28 14:48,MCH,138700.0
2026-07-28 14:48,SHS,15000.0
2026-07-28 14:48,PVS,33800.0
2026-07-28 14:48,IDC,32400.0
2026-07-28 14:48,VCS,32300.0
2026-07-28 14:48,CEO,11200.0
2026-07-28 14:48,NTP,48700.0
2026-07-28 14:48,PVI,70800.0
2026-07-28 14:48,TNG,17300.0
2026-07-28 14:48,BAB,10300.0
2026-07-28 14:48,MBS,17900.0
2026-07-28 14:48,VC3,25400.0
2026-07-28 14:48,ACV,38700.0
2026-07-28 14:48,VEA,34000.0
2026-07-28 14:48,QNS,47400.0
2026-07-28 14:48,VGI,74600.0
2026-07-28 14:48,FOX,61100.0
2026-07-28 14:48,VGT,10500.0
2026-07-28 14:48,LTG,5300.0
2026-07-28 22:55,VCB,54100.0
2026-07-28 22:55,TCB,28500.0
2026-07-28 22:55,MBB,22150.0
2026-07-28 22:55,BID,35100.0
2026-07-28 22:55,CTG,29000.0
2026-07-28 22:55,ACB,22500.0
2026-07-28 22:55,VPB,24600.0
2026-07-28 22:55,STB,72500.0
2026-07-28 22:55,HDB,25100.0
2026-07-28 22:55,TPB,14050.0
2026-07-28 22:55,VIC,213800.0
2026-07-28 22:55,VHM,131900.0
2026-07-28 22:55,NVL,12950.0
2026-07-28 22:55,KDH,16950.0
2026-07-28 22:55,DXG,10250.0
2026-07-28 22:55,PDR,11500.0
2026-07-28 22:55,MWG,65200.0
2026-07-28 22:55,PNJ,32650.0
2026-07-28 22:55,VNM,59600.0
2026-07-28 22:55,SAB,43150.0
2026-07-28 22:55,MSN,65700.0
2026-07-28 22:55,HPG,21000.0
2026-07-28 22:55,GVR,26350.0
2026-07-28 22:55,DGC,36750.0
2026-07-28 22:55,HSG,10450.0
2026-07-28 22:55,FPT,63000.0
2026-07-28 22:55,SSI,23000.0
2026-07-28 22:55,VND,16400.0
2026-07-28 22:55,VCI,19700.0
2026-07-28 22:55,HCM,25300.0
2026-07-28 22:55,GAS,67000.0
2026-07-28 22:55,PLX,32700.0
2026-07-28 22:55,POW,13300.0
2026-07-28 22:55,VJC,123400.0
2026-07-28 22:55,HVN,21850.0
2026-07-28 22:55,YEG,7370.0
2026-07-28 22:55,BSR,24250.0
2026-07-28 22:55,MCH,138900.0
2026-07-28 22:55,SHS,15000.0
2026-07-28 22:55,PVS,33600.0
2026-07-28 22:55,IDC,32200.0
2026-07-28 22:55,VCS,32000.0
2026-07-28 22:55,CEO,11100.0
2026-07-28 22:55,NTP,48600.0
2026-07-28 22:55,PVI,70000.0
2026-07-28 22:55,TNG,17300.0
2026-07-28 22:55,BAB,10300.0
2026-07-28 22:55,MBS,17800.0
2026-07-28 22:55,VC3,25500.0
2026-07-28 22:55,ACV,38800.0
2026-07-28 22:55,VEA,34100.0
2026-07-28 22:55,QNS,47400.0
2026-07-28 22:55,VGI,74600.0
2026-07-28 22:55,FOX,61000.0
2026-07-28 22:55,VGT,10600.0
2026-07-28 22:55,LTG,5300.0
2026-07-29 03:37,VCB,54000.0
2026-07-29 03:37,TCB,28250.0
2026-07-29 03:37,MBB,21650.0
2026-07-29 03:37,BID,34700.0
2026-07-29 03:37,CTG,28750.0
2026-07-29 03:37,ACB,22300.0
2026-07-29 03:37,VPB,24550.0
2026-07-29 03:37,STB,72500.0
2026-07-29 03:37,HDB,25300.0
2026-07-29 03:37,TPB,13900.0
2026-07-29 03:37,VIC,213500.0
2026-07-29 03:37,VHM,131000.0
2026-07-29 03:37,NVL,12700.0
2026-07-29 03:37,KDH,16400.0
2026-07-29 03:37,DXG,9970.0
2026-07-29 03:37,PDR,11150.0
2026-07-29 03:37,MWG,63300.0
2026-07-29 03:37,PNJ,32900.0
2026-07-29 03:37,VNM,57900.0
2026-07-29 03:37,SAB,46600.0
2026-07-29 03:37,MSN,63900.0
2026-07-29 03:37,HPG,20350.0
2026-07-29 03:37,GVR,26000.0
2026-07-29 03:37,DGC,36000.0
2026-07-29 03:37,HSG,10050.0
2026-07-29 03:37,FPT,62200.0
2026-07-29 03:37,SSI,22000.0
2026-07-29 03:37,VND,15350.0
2026-07-29 03:37,VCI,18450.0
2026-07-29 03:37,HCM,25000.0
2026-07-29 03:37,GAS,66900.0
2026-07-29 03:37,PLX,32800.0
2026-07-29 03:37,POW,13200.0
2026-07-29 03:37,VJC,126000.0
2026-07-29 03:37,HVN,21500.0
2026-07-29 03:37,YEG,7620.0
2026-07-29 03:37,BSR,23700.0
2026-07-29 03:37,MCH,137500.0
2026-07-29 03:37,SHS,15000.0
2026-07-29 03:37,PVS,33600.0
2026-07-29 03:37,IDC,32200.0
2026-07-29 03:37,VCS,32000.0
2026-07-29 03:37,CEO,11100.0
2026-07-29 03:37,NTP,48600.0
2026-07-29 03:37,PVI,70000.0
2026-07-29 03:37,TNG,17300.0
2026-07-29 03:37,BAB,10300.0
2026-07-29 03:37,MBS,17800.0
2026-07-29 03:37,VC3,25500.0
2026-07-29 03:37,ACV,38800.0
2026-07-29 03:37,VEA,34100.0
2026-07-29 03:37,QNS,47400.0
2026-07-29 03:37,VGI,74600.0
2026-07-29 03:37,FOX,61000.0
2026-07-29 03:37,VGT,10600.0
2026-07-29 03:37,LTG,5300.0
2026-07-29 07:12,VCB,54100.0
2026-07-29 07:12,TCB,28500.0
2026-07-29 07:12,MBB,22150.0
2026-07-29 07:12,BID,35100.0
2026-07-29 07:12,CTG,29000.0
2026-07-29 07:12,ACB,22500.0
2026-07-29 07:12,VPB,24600.0
2026-07-29 07:12,STB,72500.0
2026-07-29 07:12,HDB,25100.0
2026-07-29 07:12,TPB,14050.0
2026-07-29 07:12,VIC,213800.0
2026-07-29 07:12,VHM,131900.0
2026-07-29 07:12,NVL,12950.0
2026-07-29 07:12,KDH,16950.0
2026-07-29 07:12,DXG,10250.0
2026-07-29 07:12,PDR,11500.0
2026-07-29 07:12,MWG,65200.0
2026-07-29 07:12,PNJ,32650.0
2026-07-29 07:12,VNM,59600.0
2026-07-29 07:12,SAB,43150.0
2026-07-29 07:12,MSN,65700.0
2026-07-29 07:12,HPG,21000.0
2026-07-29 07:12,GVR,26350.0
2026-07-29 07:12,DGC,36750.0
2026-07-29 07:12,HSG,10450.0
2026-07-29 07:12,FPT,63000.0
2026-07-29 07:12,SSI,23000.0
2026-07-29 07:12,VND,16400.0
2026-07-29 07:12,VCI,19700.0
2026-07-29 07:12,HCM,25300.0
2026-07-29 07:12,GAS,67000.0
2026-07-29 07:12,PLX,32700.0
2026-07-29 07:12,POW,13300.0
2026-07-29 07:12,VJC,123400.0
2026-07-29 07:12,HVN,21850.0
2026-07-29 07:12,YEG,7370.0
2026-07-29 07:12,BSR,24250.0
2026-07-29 07:12,MCH,138900.0
2026-07-29 07:12,SHS,15000.0
2026-07-29 07:12,PVS,33600.0
2026-07-29 07:12,IDC,32200.0
2026-07-29 07:12,VCS,32000.0
2026-07-29 07:12,CEO,11100.0
2026-07-29 07:12,NTP,48600.0
2026-07-29 07:12,PVI,70000.0
2026-07-29 07:12,TNG,17300.0
2026-07-29 07:12,BAB,10300.0
2026-07-29 07:12,MBS,17800.0
2026-07-29 07:12,VC3,25500.0
2026-07-29 07:12,ACV,38800.0
2026-07-29 07:12,VEA,34100.0
2026-07-29 07:12,QNS,47400.0
2026-07-29 07:12,VGI,74600.0
2026-07-29 07:12,FOX,61000.0
2026-07-29 07:12,VGT,10600.0
2026-07-29 07:12,LTG,5300.0
2026-07-29 10:46,VIC,213300.0
2026-07-29 10:46,VHM,136000.0
2026-07-29 10:46,VCB,54400.0
2026-07-29 10:46,BID,35400.0
2026-07-29 10:46,CTG,29400.0
2026-07-29 10:46,TCB,28350.0
2026-07-29 10:46,VPB,24250.0
2026-07-29 10:46,MCH,137000.0
2026-07-29 10:46,MBB,22050.0
2026-07-29 10:46,HPG,21150.0
2026-07-29 10:46,GAS,67500.0
2026-07-29 10:46,LPB,52700.0
2026-07-29 10:46,VPL,74400.0
2026-07-29 10:46,ACV,38500.0
2026-07-29 10:46,STB,72200.0
2026-07-29 10:46,ACB,22350.0
2026-07-29 10:46,HDB,24600.0
2026-07-29 10:46,VNM,60500.0
2026-07-29 10:46,BSR,24550.0
2026-07-29 10:46,FPT,62900.0
2026-07-29 10:46,TCX,38100.0
2026-07-29 10:46,GVR,26450.0
2026-07-29 10:46,MSN,65800.0
2026-07-29 10:46,VJC,119600.0
2026-07-29 10:46,MWG,66500.0
2026-07-29 10:46,KSF,78600.0
2026-07-29 10:46,VCK,28800.0
2026-07-29 10:46,HVN,21500.0
2026-07-29 10:46,SAB,43100.0
2026-07-29 10:46,SHB,11350.0
2026-07-29 10:46,SSI,23200.0
2026-07-29 10:46,SSB,15300.0
2026-07-29 10:46,MSB,15750.0
2026-07-29 10:46,VRE,21700.0
2026-07-29 10:46,VIB,14300.0
2026-07-29 10:46,THD,124000.0
2026-07-29 10:46,VPX,24600.0
2026-07-29 10:46,FOX,61100.0
2026-07-29 10:46,VEA,34100.0
2026-07-29 10:46,BVH,57500.0
2026-07-29 10:46,PLX,32900.0
2026-07-29 10:46,GEE,64100.0
2026-07-29 10:46,POW,13250.0
2026-07-29 10:46,TPB,14050.0
2026-07-29 10:46,BCM,35000.0
2026-07-29 10:46,HCM,24950.0
2026-07-29 10:46,EIB,17150.0
2026-07-29 10:46,GMD,73600.0
2026-07-29 10:46,OCB,10050.0
2026-07-29 10:46,NVL,12750.0
2026-07-29 10:46,VIX,12200.0
2026-07-29 10:46,KSV,94000.0
2026-07-29 10:46,REE,44500.0
2026-07-29 10:46,GEX,20650.0
2026-07-29 10:46,NAB,12200.0
2026-07-29 10:46,KBC,27600.0
2026-07-29 10:46,PGV,22300.0
2026-07-29 10:46,VND,16350.0
2026-07-29 10:46,NVB,11200.0
2026-07-29 10:46,VCI,20250.0
2026-07-29 10:46,ABB,17500.0
2026-07-29 10:46,VPI,63500.0
2026-07-29 10:46,FRT,107000.0
2026-07-29 10:46,SBT,20600.0
2026-07-29 10:46,KDH,16950.0
2026-07-29 10:46,CRV,25500.0
2026-07-29 10:46,MBS,17800.0
2026-07-29 10:46,HAG,14000.0
2026-07-29 10:46,PVS,34000.0
2026-07-29 10:46,QNS,47400.0
2026-07-29 10:46,PVD,18400.0
2026-07-29 10:46,PNJ,33000.0
2026-07-29 10:46,VGC,36200.0
2026-07-29 10:46,VBB,13100.0
2026-07-29 10:46,PVI,71100.0
2026-07-29 10:46,VSF,28100.0
2026-07-29 10:46,F88,72000.0
2026-07-29 10:46,HUT,14500.0
2026-07-29 10:46,DCM,30750.0
2026-07-29 10:46,DPM,23000.0
2026-07-29 10:46,SJS,46500.0
2026-07-29 10:46,DGC,37150.0
2026-07-29 10:46,KDC,48750.0
2026-07-29 10:46,IDC,31800.0
2026-07-29 10:46,SHS,15100.0
2026-07-29 10:46,DXG,10250.0
2026-07-29 10:46,BMP,149000.0
2026-07-29 10:46,BAB,10500.0
2026-07-29 10:46,DHG,91900.0
2026-07-29 10:46,PHP,37300.0
2026-07-29 10:46,SIP,47000.0
2026-07-29 10:46,VHC,54100.0
2026-07-29 10:46,PDR,11400.0
2026-07-29 10:46,BWE,43650.0
2026-07-29 10:46,VCG,15300.0
2026-07-29 10:46,BAF,28800.0
2026-07-29 10:46,VSH,42600.0
2026-07-29 10:46,TCH,11100.0
2026-07-29 10:46,TAL,19800.0
2026-07-29 10:46,NTP,48400.0
2026-07-29 10:46,NLG,20500.0
2026-07-29 10:46,DSE,21600.0
2026-07-29 10:46,VTP,44000.0
2026-07-29 10:46,EVF,12000.0
2026-07-29 10:46,HPA,31250.0
2026-07-29 10:46,PC1,21550.0
2026-07-29 10:46,CTR,68900.0
2026-07-29 10:46,CII,12950.0
2026-07-29 10:46,PVT,16900.0
2026-07-29 10:46,SJG,18600.0
2026-07-29 10:46,AIG,49000.0
2026-07-29 10:46,KLB,10950.0
2026-07-29 10:46,HAH,44000.0
2026-07-29 10:46,HSG,10500.0
2026-07-29 10:46,VAB,10000.0
2026-07-29 10:46,ORS,13150.0
2026-07-29 10:46,VCF,290000.0
2026-07-29 10:46,PHR,56000.0
2026-07-29 10:46,DIG,9980.0
2026-07-29 10:46,KOS,33900.0
2026-07-29 10:46,FTS,20750.0
2026-07-29 10:46,DGW,34000.0
2026-07-29 10:46,DTK,10700.0
2026-07-29 10:46,TDM,59000.0
2026-07-29 10:46,BSI,27050.0
2026-07-29 10:46,DBC,16300.0
2026-07-29 10:46,BHN,29600.0
2026-07-29 10:46,CEO,11200.0
2026-07-29 10:46,TMS,36900.0
2026-07-29 10:46,HDG,16100.0
2026-07-29 10:46,CTD,57100.0
2026-07-29 10:46,NT2,20750.0
2026-07-29 10:46,MPC,15100.0
2026-07-29 10:46,VGR,94500.0
2026-07-29 10:46,HHV,9830.0
2026-07-29 10:46,CMG,23600.0
2026-07-29 10:46,PET,35100.0
2026-07-29 10:46,CTS,20350.0
2026-07-29 10:46,VIF,15000.0
2026-07-29 10:46,DHT,59000.0
2026-07-29 10:46,IMP,35100.0
2026-07-29 10:46,PDN,95000.0
2026-07-29 10:46,VGT,10500.0
2026-07-29 10:46,VCS,32100.0
2026-07-29 10:46,SCG,62600.0
2026-07-29 10:46,HNG,6700.0
2026-07-29 10:46,NKG,10750.0
2026-07-29 10:46,PAN,20500.0
2026-07-29 10:46,HNA,20750.0
2026-07-29 10:46,SAS,36700.0
2026-07-29 10:46,SBH,38500.0
2026-07-29 10:46,VSC,12950.0
2026-07-29 10:46,PGB,9300.0
2026-07-29 10:46,ACG,30500.0
2026-07-29 10:46,DBD,48750.0
2026-07-29 10:46,GEG,11950.0
2026-07-29 10:46,HT1,11950.0
2026-07-29 10:46,TLG,46650.0
2026-07-29 10:46,SCS,42550.0
2026-07-29 10:46,VVS,98800.0
2026-07-29 10:46,CHP,27050.0
2026-07-29 10:46,IJC,6980.0
2026-07-29 10:46,ANV,17050.0
2026-07-29 10:46,BIC,21300.0
2026-07-29 10:46,HHS,9570.0
2026-07-29 10:46,DNW,31000.0
2026-07-29 10:46,VNR,19700.0
2026-07-29 10:46,TID,18900.0
2026-07-29 10:46,MIG,16600.0
2026-07-29 10:46,VC3,25400.0
2026-07-29 10:46,MSH,30100.0
2026-07-29 10:46,AST,62400.0
2026-07-29 10:46,TMP,46500.0
2026-07-29 10:46,DXS,5730.0
2026-07-29 10:46,STG,37100.0
2026-07-29 10:46,SHP,32100.0
2026-07-29 10:46,PTB,31900.0
2026-07-29 10:46,DHC,31000.0
2026-07-29 10:46,DPG,26850.0
2026-07-29 10:46,SZC,17450.0
2026-07-29 10:46,TRA,37200.0
2026-07-29 10:46,AVC,41000.0
2026-07-29 10:46,DPR,35200.0
2026-07-29 10:46,LSG,32000.0
2026-07-29 10:46,VDS,11500.0
2026-07-29 10:46,NTC,126000.0
2026-07-29 10:46,DVP,75500.0
2026-07-29 10:46,TVS,13450.0
2026-07-29 10:46,IPA,14500.0
2026-07-29 10:46,CRE,6840.0
2026-07-29 10:46,DNP,21000.0
2026-07-29 10:46,PGS,62900.0
2026-07-29 10:46,MCM,26950.0
2026-07-29 10:46,PRE,28000.0
2026-07-29 10:46,NAF,47650.0
2026-07-29 10:46,DSC,10700.0
2026-07-29 10:46,PPC,8880.0
2026-07-29 10:46,BMS,13100.0
2026-07-29 10:46,BFC,49400.0
2026-07-29 10:46,AGR,12800.0
2026-07-29 10:46,DCL,37950.0
2026-07-29 10:46,PRT,9000.0
2026-07-29 10:46,AAA,6820.0
2026-07-29 10:46,TDP,28000.0
2026-07-29 10:46,QCG,9450.0
2026-07-29 10:46,HDC,11150.0
2026-07-29 10:46,CDN,25200.0
2026-07-29 10:46,PTI,18100.0
2026-07-29 10:46,SHI,14000.0
2026-07-29 10:46,BWS,32100.0
2026-07-29 10:46,SAM,5850.0
2026-07-29 10:46,ASM,5780.0
2026-07-29 10:46,PGD,22950.0
2026-07-29 10:46,PGI,21000.0
2026-07-29 10:46,FMC,34200.0
2026-07-29 10:46,TRC,75000.0
2026-07-29 10:46,CSV,20950.0
2026-07-29 10:46,VPD,21500.0
2026-07-29 10:46,TNG,17300.0
2026-07-29 10:46,NCT,83000.0
2026-07-29 10:46,BGE,3000.0
2026-07-29 10:46,KHG,4690.0
2026-07-29 10:46,C4G,5500.0
2026-07-29 10:46,TBC,32200.0
2026-07-29 10:46,VIT,26400.0
2026-07-29 10:46,HBC,4100.0
2026-07-29 10:46,TCM,16350.0
2026-07-29 10:46,FIC,14100.0
2026-07-29 10:46,DMC,54500.0
2026-07-29 10:46,CDC,18600.0
2026-07-29 10:46,SCR,4500.0
2026-07-29 10:46,PHS,9500.0
2026-07-29 10:46,BMI,12850.0
2026-07-29 10:46,VFG,46000.0
2026-07-29 10:46,ABI,18600.0
2026-07-29 10:46,TTA,10300.0
2026-07-29 10:46,VGV,51700.0
2026-07-29 10:46,RAL,79500.0
2026-07-29 10:46,MVB,15700.0
2026-07-29 10:46,AGG,11150.0
2026-07-29 10:46,SGN,53500.0
2026-07-29 10:46,BVS,25700.0
2026-07-29 10:46,PVP,16700.0
2026-07-29 10:46,NBB,17050.0
2026-07-29 10:46,NTL,13600.0
2026-07-29 10:46,APF,46800.0
2026-07-29 10:46,CTF,17150.0
2026-07-29 10:46,FCN,10150.0
2026-07-29 10:46,LIX,25000.0
2026-07-29 10:46,OPC,20850.0
2026-07-29 10:46,YEG,7270.0
2026-07-29 16:26,VIC,219400.0
2026-07-29 16:26,VHM,140000.0
2026-07-29 16:26,VCB,54600.0
2026-07-29 16:26,BID,35450.0
2026-07-29 16:26,CTG,29350.0
2026-07-29 16:26,TCB,28400.0
2026-07-29 16:26,VPB,24350.0
2026-07-29 16:26,MCH,138900.0
2026-07-29 16:26,MBB,22100.0
2026-07-29 16:26,HPG,21650.0
2026-07-29 16:26,GAS,67900.0
2026-07-29 16:26,LPB,52600.0
2026-07-29 16:26,VPL,76900.0
2026-07-29 16:26,ACV,38700.0
2026-07-29 16:26,STB,71500.0
2026-07-29 16:26,ACB,22300.0
2026-07-29 16:26,HDB,25500.0
2026-07-29 16:26,VNM,60000.0
2026-07-29 16:26,BSR,24800.0
2026-07-29 16:26,FPT,65100.0
2026-07-29 16:26,TCX,38650.0
2026-07-29 16:26,GVR,26750.0
2026-07-29 16:26,MSN,66300.0
2026-07-29 16:26,VJC,125500.0
2026-07-29 16:26,MWG,66500.0
2026-07-29 16:26,KSF,77900.0
2026-07-29 16:26,VCK,29150.0
2026-07-29 16:26,HVN,21550.0
2026-07-29 16:26,SAB,43000.0
2026-07-29 16:26,SHB,11200.0
2026-07-29 16:26,SSI,23250.0
2026-07-29 16:26,SSB,15400.0
2026-07-29 16:26,MSB,15850.0
2026-07-29 16:26,VRE,22750.0
2026-07-29 16:26,VIB,14400.0
2026-07-29 16:26,THD,123300.0
2026-07-29 16:26,VPX,24150.0
2026-07-29 16:26,FOX,62500.0
2026-07-29 16:26,VEA,33900.0
2026-07-29 16:26,BVH,59000.0
2026-07-29 16:26,PLX,32950.0
2026-07-29 16:26,GEE,63600.0
2026-07-29 16:26,POW,13350.0
2026-07-29 16:26,TPB,14100.0
2026-07-29 16:26,BCM,35000.0
2026-07-29 16:26,HCM,25250.0
2026-07-29 16:26,EIB,17400.0
2026-07-29 16:26,GMD,73800.0
2026-07-29 16:26,OCB,10000.0
2026-07-29 16:26,NVL,12850.0
2026-07-29 16:26,VIX,12200.0
2026-07-29 16:26,KSV,92500.0
2026-07-29 16:26,REE,44500.0
2026-07-29 16:26,GEX,20700.0
2026-07-29 16:26,NAB,11850.0
2026-07-29 16:26,KBC,27900.0
2026-07-29 16:26,PGV,22250.0
2026-07-29 16:26,VND,16400.0
2026-07-29 16:26,NVB,11300.0
2026-07-29 16:26,VCI,20800.0
2026-07-29 16:26,ABB,17400.0
2026-07-29 16:26,VPI,64600.0
2026-07-29 16:26,FRT,108700.0
2026-07-29 16:26,SBT,20700.0
2026-07-29 16:26,KDH,16950.0
2026-07-29 16:26,CRV,25500.0
2026-07-29 16:26,MBS,17700.0
2026-07-29 16:26,HAG,14000.0
2026-07-29 16:26,PVS,33700.0
2026-07-29 16:26,QNS,47400.0
2026-07-29 16:26,PVD,18400.0
2026-07-29 16:26,PNJ,32750.0
2026-07-29 16:26,VGC,36500.0
2026-07-29 16:26,VBB,12900.0
2026-07-29 16:26,PVI,71000.0
2026-07-29 16:26,VSF,27800.0
2026-07-29 16:26,F88,72600.0
2026-07-29 16:26,HUT,14800.0
2026-07-29 16:26,DCM,30700.0
2026-07-29 16:26,DPM,23000.0
2026-07-29 16:26,SJS,47200.0
2026-07-29 16:26,DGC,37850.0
2026-07-29 16:26,KDC,48950.0
2026-07-29 16:26,IDC,32100.0
2026-07-29 16:26,SHS,15000.0
2026-07-29 16:26,DXG,10300.0
2026-07-29 16:26,BMP,148100.0
2026-07-29 16:26,BAB,10500.0
2026-07-29 16:26,DHG,91600.0
2026-07-29 16:26,PHP,37400.0
2026-07-29 16:26,SIP,47100.0
2026-07-29 16:26,VHC,53400.0
2026-07-29 16:26,PDR,11500.0
2026-07-29 16:26,BWE,43800.0
2026-07-29 16:26,VCG,15100.0
2026-07-29 16:26,BAF,29350.0
2026-07-29 16:26,VSH,42600.0
2026-07-29 16:26,TCH,11200.0
2026-07-29 16:26,TAL,19850.0
2026-07-29 16:26,NTP,48600.0
2026-07-29 16:26,NLG,20700.0
2026-07-29 16:26,DSE,21700.0
2026-07-29 16:26,VTP,45150.0
2026-07-29 16:26,EVF,11950.0
2026-07-29 16:26,HPA,31000.0
2026-07-29 16:26,PC1,21500.0
2026-07-29 16:26,CTR,69000.0
2026-07-29 16:26,CII,12850.0
2026-07-29 16:26,PVT,17000.0
2026-07-29 16:26,SJG,18600.0
2026-07-29 16:26,AIG,50000.0
2026-07-29 16:26,KLB,11000.0
2026-07-29 16:26,HAH,43950.0
2026-07-29 16:26,HSG,10650.0
2026-07-29 16:26,VAB,9910.0
2026-07-29 16:26,ORS,13600.0
2026-07-29 16:26,VCF,290000.0
2026-07-29 16:26,PHR,56100.0
2026-07-29 16:26,DIG,10100.0
2026-07-29 16:26,KOS,35450.0
2026-07-29 16:26,FTS,20600.0
2026-07-29 16:26,DGW,35350.0
2026-07-29 16:26,DTK,11000.0
2026-07-29 16:26,TDM,59000.0
2026-07-29 16:26,BSI,27000.0
2026-07-29 16:26,DBC,16150.0
2026-07-29 16:26,BHN,29600.0
2026-07-29 16:26,CEO,11200.0
2026-07-29 16:26,TMS,35100.0
2026-07-29 16:26,HDG,16000.0
2026-07-29 16:26,CTD,57400.0
2026-07-29 16:26,NT2,20800.0
2026-07-29 16:26,MPC,14900.0
2026-07-29 16:26,VGR,94000.0
2026-07-29 16:26,HHV,9820.0
2026-07-29 16:26,CMG,23950.0
2026-07-29 16:26,PET,37200.0
2026-07-29 16:26,CTS,20200.0
2026-07-29 16:26,VIF,15000.0
2026-07-29 16:26,DHT,58500.0
2026-07-29 16:26,IMP,35700.0
2026-07-29 16:26,PDN,95500.0
2026-07-29 16:26,VGT,10600.0
2026-07-29 16:26,VCS,32300.0
2026-07-29 16:26,SCG,66500.0
2026-07-29 16:26,HNG,6700.0
2026-07-29 16:26,NKG,10900.0
2026-07-29 16:26,PAN,20600.0
2026-07-29 16:26,HNA,20750.0
2026-07-29 16:26,SAS,36700.0
2026-07-29 16:26,SBH,38500.0
2026-07-29 16:26,VSC,12800.0
2026-07-29 16:26,PGB,9300.0
2026-07-29 16:26,ACG,31400.0
2026-07-29 16:26,DBD,48900.0
2026-07-29 16:26,GEG,12100.0
2026-07-29 16:26,HT1,11950.0
2026-07-29 16:26,TLG,47000.0
2026-07-29 16:26,SCS,42650.0
2026-07-29 16:26,VVS,98000.0
2026-07-29 16:26,CHP,27000.0
2026-07-29 16:26,IJC,7060.0
2026-07-29 16:26,ANV,16950.0
2026-07-29 16:26,BIC,21250.0
2026-07-29 16:26,HHS,9400.0
2026-07-29 16:26,DNW,33000.0
2026-07-29 16:26,VNR,19700.0
2026-07-29 16:26,TID,18800.0
2026-07-29 16:26,MIG,16600.0
2026-07-29 16:26,VC3,25600.0
2026-07-29 16:26,MSH,30300.0
2026-07-29 16:26,AST,62400.0
2026-07-29 16:26,TMP,46500.0
2026-07-29 16:26,DXS,5710.0
2026-07-29 16:26,STG,37050.0
2026-07-29 16:26,SHP,31500.0
2026-07-29 16:26,PTB,32150.0
2026-07-29 16:26,DHC,30800.0
2026-07-29 16:26,DPG,27200.0
2026-07-29 16:26,SZC,17350.0
2026-07-29 16:26,TRA,37200.0
2026-07-29 16:26,AVC,41000.0
2026-07-29 16:26,DPR,35100.0
2026-07-29 16:26,LSG,33900.0
2026-07-29 16:26,VDS,11550.0
2026-07-29 16:26,NTC,128000.0
2026-07-29 16:26,DVP,75600.0
2026-07-29 16:26,TVS,13600.0
2026-07-29 16:26,IPA,14300.0
2026-07-29 16:26,CRE,7140.0
2026-07-29 16:26,DNP,21000.0
2026-07-29 16:26,PGS,62900.0
2026-07-29 16:26,MCM,26900.0
2026-07-29 16:26,PRE,28500.0
2026-07-29 16:26,NAF,48550.0
2026-07-29 16:26,DSC,10700.0
2026-07-29 16:26,PPC,8840.0
2026-07-29 16:26,BMS,13100.0
2026-07-29 16:26,BFC,49700.0
2026-07-29 16:26,AGR,12700.0
2026-07-29 16:26,DCL,38050.0
2026-07-29 16:26,PRT,9000.0
2026-07-29 16:26,AAA,6840.0
2026-07-29 16:26,TDP,27850.0
2026-07-29 16:26,QCG,9460.0
2026-07-29 16:26,HDC,11150.0
2026-07-29 16:26,CDN,25000.0
2026-07-29 16:26,PTI,19400.0
2026-07-29 16:26,SHI,14000.0
2026-07-29 16:26,BWS,32100.0
2026-07-29 16:26,SAM,5780.0
2026-07-29 16:26,ASM,5800.0
2026-07-29 16:26,PGD,22050.0
2026-07-29 16:26,PGI,19550.0
2026-07-29 16:26,FMC,33800.0
2026-07-29 16:26,TRC,76800.0
2026-07-29 16:26,CSV,20350.0
2026-07-29 16:26,VPD,21500.0
2026-07-29 16:26,TNG,17300.0
2026-07-29 16:26,NCT,83000.0
2026-07-29 16:26,BGE,3000.0
2026-07-29 16:26,KHG,4730.0
2026-07-29 16:26,C4G,5500.0
2026-07-29 16:26,TBC,31750.0
2026-07-29 16:26,VIT,26400.0
2026-07-29 16:26,HBC,4100.0
2026-07-29 16:26,TCM,16600.0
2026-07-29 16:26,FIC,14500.0
2026-07-29 16:26,DMC,56900.0
2026-07-29 16:26,CDC,18700.0
2026-07-29 16:26,SCR,4540.0
2026-07-29 16:26,PHS,9000.0
2026-07-29 16:26,BMI,12900.0
2026-07-29 16:26,VFG,46000.0
2026-07-29 16:26,ABI,18600.0
2026-07-29 16:26,TTA,10550.0
2026-07-29 16:26,VGV,40000.0
2026-07-29 16:26,RAL,79000.0
2026-07-29 16:26,MVB,15700.0
2026-07-29 16:26,AGG,11200.0
2026-07-29 16:26,SGN,54000.0
2026-07-29 16:26,BVS,25200.0
2026-07-29 16:26,PVP,16650.0
2026-07-29 16:26,NBB,17050.0
2026-07-29 16:26,NTL,13700.0
2026-07-29 16:26,APF,46800.0
2026-07-29 16:26,CTF,17250.0
2026-07-29 16:26,FCN,10400.0
2026-07-29 16:26,LIX,24900.0
2026-07-29 16:26,OPC,21800.0
2026-07-29 16:26,YEG,7250.0
2026-07-29 16:28,VIC,219400.0
2026-07-29 16:28,VHM,140000.0
2026-07-29 16:28,VCB,54600.0
2026-07-29 16:28,BID,35450.0
2026-07-29 16:28,CTG,29350.0
2026-07-29 16:28,TCB,28400.0
2026-07-29 16:28,VPB,24350.0
2026-07-29 16:28,MCH,138900.0
2026-07-29 16:28,MBB,22100.0
2026-07-29 16:28,HPG,21650.0
2026-07-29 16:28,GAS,67900.0
2026-07-29 16:28,LPB,52600.0
2026-07-29 16:28,VPL,76900.0
2026-07-29 16:28,ACV,38700.0
2026-07-29 16:28,STB,71500.0
2026-07-29 16:28,ACB,22300.0
2026-07-29 16:28,HDB,25500.0
2026-07-29 16:28,VNM,60000.0
2026-07-29 16:28,BSR,24800.0
2026-07-29 16:28,FPT,65100.0
2026-07-29 16:28,TCX,38650.0
2026-07-29 16:28,GVR,26750.0
2026-07-29 16:28,MSN,66300.0
2026-07-29 16:28,VJC,125500.0
2026-07-29 16:28,MWG,66500.0
2026-07-29 16:28,KSF,77900.0
2026-07-29 16:28,VCK,29150.0
2026-07-29 16:28,HVN,21550.0
2026-07-29 16:28,SAB,43000.0
2026-07-29 16:28,SHB,11200.0
2026-07-29 16:28,SSI,23250.0
2026-07-29 16:28,SSB,15400.0
2026-07-29 16:28,MSB,15850.0
2026-07-29 16:28,VRE,22750.0
2026-07-29 16:28,VIB,14400.0
2026-07-29 16:28,THD,123300.0
2026-07-29 16:28,VPX,24150.0
2026-07-29 16:28,FOX,62500.0
2026-07-29 16:28,VEA,33900.0
2026-07-29 16:28,BVH,59000.0
2026-07-29 16:28,PLX,32950.0
2026-07-29 16:28,GEE,63600.0
2026-07-29 16:28,POW,13350.0
2026-07-29 16:28,TPB,14100.0
2026-07-29 16:28,BCM,35000.0
2026-07-29 16:28,HCM,25250.0
2026-07-29 16:28,EIB,17400.0
2026-07-29 16:28,GMD,73800.0
2026-07-29 16:28,OCB,10000.0
2026-07-29 16:28,NVL,12850.0
2026-07-29 16:28,VIX,12200.0
2026-07-29 16:28,KSV,92500.0
2026-07-29 16:28,REE,44500.0
2026-07-29 16:28,GEX,20700.0
2026-07-29 16:28,NAB,11850.0
2026-07-29 16:28,KBC,27900.0
2026-07-29 16:28,PGV,22250.0
2026-07-29 16:28,VND,16400.0
2026-07-29 16:28,NVB,11300.0
2026-07-29 16:28,VCI,20800.0
2026-07-29 16:28,ABB,17400.0
2026-07-29 16:28,VPI,64600.0
2026-07-29 16:28,FRT,108700.0
2026-07-29 16:28,SBT,20700.0
2026-07-29 16:28,KDH,16950.0
2026-07-29 16:28,CRV,25500.0
2026-07-29 16:28,MBS,17700.0
2026-07-29 16:28,HAG,14000.0
2026-07-29 16:28,PVS,33700.0
2026-07-29 16:28,QNS,47400.0
2026-07-29 16:28,PVD,18400.0
2026-07-29 16:28,PNJ,32750.0
2026-07-29 16:28,VGC,36500.0
2026-07-29 16:28,VBB,12900.0
2026-07-29 16:28,PVI,71000.0
2026-07-29 16:28,VSF,27800.0
2026-07-29 16:28,F88,72600.0
2026-07-29 16:28,HUT,14800.0
2026-07-29 16:28,DCM,30700.0
2026-07-29 16:28,DPM,23000.0
2026-07-29 16:28,SJS,47200.0
2026-07-29 16:28,DGC,37850.0
2026-07-29 16:28,KDC,48950.0
2026-07-29 16:28,IDC,32100.0
2026-07-29 16:28,SHS,15000.0
2026-07-29 16:28,DXG,10300.0
2026-07-29 16:28,BMP,148100.0
2026-07-29 16:28,BAB,10500.0
2026-07-29 16:28,DHG,91600.0
2026-07-29 16:28,PHP,37400.0
2026-07-29 16:28,SIP,47100.0
2026-07-29 16:28,VHC,53400.0
2026-07-29 16:28,PDR,11500.0
2026-07-29 16:28,BWE,43800.0
2026-07-29 16:28,VCG,15100.0
2026-07-29 16:28,BAF,29350.0
2026-07-29 16:28,VSH,42600.0
2026-07-29 16:28,TCH,11200.0
2026-07-29 16:28,TAL,19850.0
2026-07-29 16:28,NTP,48600.0
2026-07-29 16:28,NLG,20700.0
2026-07-29 16:28,DSE,21700.0
2026-07-29 16:28,VTP,45150.0
2026-07-29 16:28,EVF,11950.0
2026-07-29 16:28,HPA,31000.0
2026-07-29 16:28,PC1,21500.0
2026-07-29 16:28,CTR,69000.0
2026-07-29 16:28,CII,12850.0
2026-07-29 16:28,PVT,17000.0
2026-07-29 16:28,SJG,18600.0
2026-07-29 16:28,AIG,50000.0
2026-07-29 16:28,KLB,11000.0
2026-07-29 16:28,HAH,43950.0
2026-07-29 16:28,HSG,10650.0
2026-07-29 16:28,VAB,9910.0
2026-07-29 16:28,ORS,13600.0
2026-07-29 16:28,VCF,290000.0
2026-07-29 16:28,PHR,56100.0
2026-07-29 16:28,DIG,10100.0
2026-07-29 16:28,KOS,35450.0
2026-07-29 16:28,FTS,20600.0
2026-07-29 16:28,DGW,35350.0
2026-07-29 16:28,DTK,11000.0
2026-07-29 16:28,TDM,59000.0
2026-07-29 16:28,BSI,27000.0
2026-07-29 16:28,DBC,16150.0
2026-07-29 16:28,BHN,29600.0
2026-07-29 16:28,CEO,11200.0
2026-07-29 16:28,TMS,35100.0
2026-07-29 16:28,HDG,16000.0
2026-07-29 16:28,CTD,57400.0
2026-07-29 16:28,NT2,20800.0
2026-07-29 16:28,MPC,14900.0
2026-07-29 16:28,VGR,94000.0
2026-07-29 16:28,HHV,9820.0
2026-07-29 16:28,CMG,23950.0
2026-07-29 16:28,PET,37200.0
2026-07-29 16:28,CTS,20200.0
2026-07-29 16:28,VIF,15000.0
2026-07-29 16:28,DHT,58500.0
2026-07-29 16:28,IMP,35700.0
2026-07-29 16:28,PDN,95500.0
2026-07-29 16:28,VGT,10600.0
2026-07-29 16:28,VCS,32300.0
2026-07-29 16:28,SCG,66500.0
2026-07-29 16:28,HNG,6700.0
2026-07-29 16:28,NKG,10900.0
2026-07-29 16:28,PAN,20600.0
2026-07-29 16:28,HNA,20750.0
2026-07-29 16:28,SAS,36700.0
2026-07-29 16:28,SBH,38500.0
2026-07-29 16:28,VSC,12800.0
2026-07-29 16:28,PGB,9300.0
2026-07-29 16:28,ACG,31400.0
2026-07-29 16:28,DBD,48900.0
2026-07-29 16:28,GEG,12100.0
2026-07-29 16:28,HT1,11950.0
2026-07-29 16:28,TLG,47000.0
2026-07-29 16:28,SCS,42650.0
2026-07-29 16:28,VVS,98000.0
2026-07-29 16:28,CHP,27000.0
2026-07-29 16:28,IJC,7060.0
2026-07-29 16:28,ANV,16950.0
2026-07-29 16:28,BIC,21250.0
2026-07-29 16:28,HHS,9400.0
2026-07-29 16:28,DNW,33000.0
2026-07-29 16:28,VNR,19700.0
2026-07-29 16:28,TID,18800.0
2026-07-29 16:28,MIG,16600.0
2026-07-29 16:28,VC3,25600.0
2026-07-29 16:28,MSH,30300.0
2026-07-29 16:28,AST,62400.0
2026-07-29 16:28,TMP,46500.0
2026-07-29 16:28,DXS,5710.0
2026-07-29 16:28,STG,37050.0
2026-07-29 16:28,SHP,31500.0
2026-07-29 16:28,PTB,32150.0
2026-07-29 16:28,DHC,30800.0
2026-07-29 16:28,DPG,27200.0
2026-07-29 16:28,SZC,17350.0
2026-07-29 16:28,TRA,37200.0
2026-07-29 16:28,AVC,41000.0
2026-07-29 16:28,DPR,35100.0
2026-07-29 16:28,LSG,33900.0
2026-07-29 16:28,VDS,11550.0
2026-07-29 16:28,NTC,128000.0
2026-07-29 16:28,DVP,75600.0
2026-07-29 16:28,TVS,13600.0
2026-07-29 16:28,IPA,14300.0
2026-07-29 16:28,CRE,7140.0
2026-07-29 16:28,DNP,21000.0
2026-07-29 16:28,PGS,62900.0
2026-07-29 16:28,MCM,26900.0
2026-07-29 16:28,PRE,28500.0
2026-07-29 16:28,NAF,48550.0
2026-07-29 16:28,DSC,10700.0
2026-07-29 16:28,PPC,8840.0
2026-07-29 16:28,BMS,13100.0
2026-07-29 16:28,BFC,49700.0
2026-07-29 16:28,AGR,12700.0
2026-07-29 16:28,DCL,38050.0
2026-07-29 16:28,PRT,9000.0
2026-07-29 16:28,AAA,6840.0
2026-07-29 16:28,TDP,27850.0
2026-07-29 16:28,QCG,9460.0
2026-07-29 16:28,HDC,11150.0
2026-07-29 16:28,CDN,25000.0
2026-07-29 16:28,PTI,19400.0
2026-07-29 16:28,SHI,14000.0
2026-07-29 16:28,BWS,32100.0
2026-07-29 16:28,SAM,5780.0
2026-07-29 16:28,ASM,5800.0
2026-07-29 16:28,PGD,22050.0
2026-07-29 16:28,PGI,19550.0
2026-07-29 16:28,FMC,33800.0
2026-07-29 16:28,TRC,76800.0
2026-07-29 16:28,CSV,20350.0
2026-07-29 16:28,VPD,21500.0
2026-07-29 16:28,TNG,17300.0
2026-07-29 16:28,NCT,83000.0
2026-07-29 16:28,BGE,3000.0
2026-07-29 16:28,KHG,4730.0
2026-07-29 16:28,C4G,5500.0
2026-07-29 16:28,TBC,31750.0
2026-07-29 16:28,VIT,26400.0
2026-07-29 16:28,HBC,4100.0
2026-07-29 16:28,TCM,16600.0
2026-07-29 16:28,FIC,14500.0
2026-07-29 16:28,DMC,56900.0
2026-07-29 16:28,CDC,18700.0
2026-07-29 16:28,SCR,4540.0
2026-07-29 16:28,PHS,9000.0
2026-07-29 16:28,BMI,12900.0
2026-07-29 16:28,VFG,46000.0
2026-07-29 16:28,ABI,18600.0
2026-07-29 16:28,TTA,10550.0
2026-07-29 16:28,VGV,40000.0
2026-07-29 16:28,RAL,79000.0
2026-07-29 16:28,MVB,15700.0
2026-07-29 16:28,AGG,11200.0
2026-07-29 16:28,SGN,54000.0
2026-07-29 16:28,BVS,25200.0
2026-07-29 16:28,PVP,16650.0
2026-07-29 16:28,NBB,17050.0
2026-07-29 16:28,NTL,13700.0
2026-07-29 16:28,APF,46800.0
2026-07-29 16:28,CTF,17250.0
2026-07-29 16:28,FCN,10400.0
2026-07-29 16:28,LIX,24900.0
2026-07-29 16:28,OPC,21800.0
2026-07-29 16:28,YEG,7250.0
2026-07-29 17:20,VIC,219400.0
2026-07-29 17:20,VHM,140000.0
2026-07-29 17:20,VCB,54600.0
2026-07-29 17:20,BID,35450.0
2026-07-29 17:20,CTG,29350.0
2026-07-29 17:20,TCB,28400.0
2026-07-29 17:20,VPB,24350.0
2026-07-29 17:20,MCH,138900.0
2026-07-29 17:20,MBB,22100.0
2026-07-29 17:20,HPG,21650.0
2026-07-29 17:20,GAS,67900.0
2026-07-29 17:20,LPB,52600.0
2026-07-29 17:20,VPL,76900.0
2026-07-29 17:20,ACV,38700.0
2026-07-29 17:20,STB,71500.0
2026-07-29 17:20,ACB,22300.0
2026-07-29 17:20,HDB,25500.0
2026-07-29 17:20,VNM,60000.0
2026-07-29 17:20,BSR,24800.0
2026-07-29 17:20,FPT,65100.0
2026-07-29 17:20,TCX,38650.0
2026-07-29 17:20,GVR,26750.0
2026-07-29 17:20,MSN,66300.0
2026-07-29 17:20,VJC,125500.0
2026-07-29 17:20,MWG,66500.0
2026-07-29 17:20,KSF,77900.0
2026-07-29 17:20,VCK,29150.0
2026-07-29 17:20,HVN,21550.0
2026-07-29 17:20,SAB,43000.0
2026-07-29 17:20,SHB,11200.0
2026-07-29 17:20,SSI,23250.0
2026-07-29 17:20,SSB,15400.0
2026-07-29 17:20,MSB,15850.0
2026-07-29 17:20,VRE,22750.0
2026-07-29 17:20,VIB,14400.0
2026-07-29 17:20,THD,123300.0
2026-07-29 17:20,VPX,24150.0
2026-07-29 17:20,FOX,62500.0
2026-07-29 17:20,VEA,33900.0
2026-07-29 17:20,BVH,59000.0
2026-07-29 17:20,PLX,32950.0
2026-07-29 17:20,GEE,63600.0
2026-07-29 17:20,POW,13350.0
2026-07-29 17:20,TPB,14100.0
2026-07-29 17:20,BCM,35000.0
2026-07-29 17:20,HCM,25250.0
2026-07-29 17:20,EIB,17400.0
2026-07-29 17:20,GMD,73800.0
2026-07-29 17:20,OCB,10000.0
2026-07-29 17:20,NVL,12850.0
2026-07-29 17:20,VIX,12200.0
2026-07-29 17:20,KSV,92500.0
2026-07-29 17:20,REE,44500.0
2026-07-29 17:20,GEX,20700.0
2026-07-29 17:20,NAB,11850.0
2026-07-29 17:20,KBC,27900.0
2026-07-29 17:20,PGV,22250.0
2026-07-29 17:20,VND,16400.0
2026-07-29 17:20,NVB,11300.0
2026-07-29 17:20,VCI,20800.0
2026-07-29 17:20,ABB,17400.0
2026-07-29 17:20,VPI,64600.0
2026-07-29 17:20,FRT,108700.0
2026-07-29 17:20,SBT,20700.0
2026-07-29 17:20,KDH,16950.0
2026-07-29 17:20,CRV,25500.0
2026-07-29 17:20,MBS,17700.0
2026-07-29 17:20,HAG,14000.0
2026-07-29 17:20,PVS,33700.0
2026-07-29 17:20,QNS,47400.0
2026-07-29 17:20,PVD,18400.0
2026-07-29 17:20,PNJ,32750.0
2026-07-29 17:20,VGC,36500.0
2026-07-29 17:20,VBB,12900.0
2026-07-29 17:20,PVI,71000.0
2026-07-29 17:20,VSF,27800.0
2026-07-29 17:20,F88,72600.0
2026-07-29 17:20,HUT,14800.0
2026-07-29 17:20,DCM,30700.0
2026-07-29 17:20,DPM,23000.0
2026-07-29 17:20,SJS,47200.0
2026-07-29 17:20,DGC,37850.0
2026-07-29 17:20,KDC,48950.0
2026-07-29 17:20,IDC,32100.0
2026-07-29 17:20,SHS,15000.0
2026-07-29 17:20,DXG,10300.0
2026-07-29 17:20,BMP,148100.0
2026-07-29 17:20,BAB,10500.0
2026-07-29 17:20,DHG,91600.0
2026-07-29 17:20,PHP,37400.0
2026-07-29 17:20,SIP,47100.0
2026-07-29 17:20,VHC,53400.0
2026-07-29 17:20,PDR,11500.0
2026-07-29 17:20,BWE,43800.0
2026-07-29 17:20,VCG,15100.0
2026-07-29 17:20,BAF,29350.0
2026-07-29 17:20,VSH,42600.0
2026-07-29 17:20,TCH,11200.0
2026-07-29 17:20,TAL,19850.0
2026-07-29 17:20,NTP,48600.0
2026-07-29 17:20,NLG,20700.0
2026-07-29 17:20,DSE,21700.0
2026-07-29 17:20,VTP,45150.0
2026-07-29 17:20,EVF,11950.0
2026-07-29 17:20,HPA,31000.0
2026-07-29 17:20,PC1,21500.0
2026-07-29 17:20,CTR,69000.0
2026-07-29 17:20,CII,12850.0
2026-07-29 17:20,PVT,17000.0
2026-07-29 17:20,SJG,18600.0
2026-07-29 17:20,AIG,50000.0
2026-07-29 17:20,KLB,11000.0
2026-07-29 17:20,HAH,43950.0
2026-07-29 17:20,HSG,10650.0
2026-07-29 17:20,VAB,9910.0
2026-07-29 17:20,ORS,13600.0
2026-07-29 17:20,VCF,290000.0
2026-07-29 17:20,PHR,56100.0
2026-07-29 17:20,DIG,10100.0
2026-07-29 17:20,KOS,35450.0
2026-07-29 17:20,FTS,20600.0
2026-07-29 17:20,DGW,35350.0
2026-07-29 17:20,DTK,11000.0
2026-07-29 17:20,TDM,59000.0
2026-07-29 17:20,BSI,27000.0
2026-07-29 17:20,DBC,16150.0
2026-07-29 17:20,BHN,29600.0
2026-07-29 17:20,CEO,11200.0
2026-07-29 17:20,TMS,35100.0
2026-07-29 17:20,HDG,16000.0
2026-07-29 17:20,CTD,57400.0
2026-07-29 17:20,NT2,20800.0
2026-07-29 17:20,MPC,14900.0
2026-07-29 17:20,VGR,94000.0
2026-07-29 17:20,HHV,9820.0
2026-07-29 17:20,CMG,23950.0
2026-07-29 17:20,PET,37200.0
2026-07-29 17:20,CTS,20200.0
2026-07-29 17:20,VIF,15000.0
2026-07-29 17:20,DHT,58500.0
2026-07-29 17:20,IMP,35700.0
2026-07-29 17:20,PDN,95500.0
2026-07-29 17:20,VGT,10600.0
2026-07-29 17:20,VCS,32300.0
2026-07-29 17:20,SCG,66500.0
2026-07-29 17:20,HNG,6700.0
2026-07-29 17:20,NKG,10900.0
2026-07-29 17:20,PAN,20600.0
2026-07-29 17:20,HNA,20750.0
2026-07-29 17:20,SAS,36700.0
2026-07-29 17:20,SBH,38500.0
2026-07-29 17:20,VSC,12800.0
2026-07-29 17:20,PGB,9300.0
2026-07-29 17:20,ACG,31400.0
2026-07-29 17:20,DBD,48900.0
2026-07-29 17:20,GEG,12100.0
2026-07-29 17:20,HT1,11950.0
2026-07-29 17:20,TLG,47000.0
2026-07-29 17:20,SCS,42650.0
2026-07-29 17:20,VVS,98000.0
2026-07-29 17:20,CHP,27000.0
2026-07-29 17:20,IJC,7060.0
2026-07-29 17:20,ANV,16950.0
2026-07-29 17:20,BIC,21250.0
2026-07-29 17:20,HHS,9400.0
2026-07-29 17:20,DNW,33000.0
2026-07-29 17:20,VNR,19700.0
2026-07-29 17:20,TID,18800.0
2026-07-29 17:20,MIG,16600.0
2026-07-29 17:20,VC3,25600.0
2026-07-29 17:20,MSH,30300.0
2026-07-29 17:20,AST,62400.0
2026-07-29 17:20,TMP,46500.0
2026-07-29 17:20,DXS,5710.0
2026-07-29 17:20,STG,37050.0
2026-07-29 17:20,SHP,31500.0
2026-07-29 17:20,PTB,32150.0
2026-07-29 17:20,DHC,30800.0
2026-07-29 17:20,DPG,27200.0
2026-07-29 17:20,SZC,17350.0
2026-07-29 17:20,TRA,37200.0
2026-07-29 17:20,AVC,41000.0
2026-07-29 17:20,DPR,35100.0
2026-07-29 17:20,LSG,33900.0
2026-07-29 17:20,VDS,11550.0
2026-07-29 17:20,NTC,128000.0
2026-07-29 17:20,DVP,75600.0
2026-07-29 17:20,TVS,13600.0
2026-07-29 17:20,IPA,14300.0
2026-07-29 17:20,CRE,7140.0
2026-07-29 17:20,DNP,21000.0
2026-07-29 17:20,PGS,62900.0
2026-07-29 17:20,MCM,26900.0
2026-07-29 17:20,PRE,28500.0
2026-07-29 17:20,NAF,48550.0
2026-07-29 17:20,DSC,10700.0
2026-07-29 17:20,PPC,8840.0
2026-07-29 17:20,BMS,13100.0
2026-07-29 17:20,BFC,49700.0
2026-07-29 17:20,AGR,12700.0
2026-07-29 17:20,DCL,38050.0
2026-07-29 17:20,PRT,9000.0
2026-07-29 17:20,AAA,6840.0
2026-07-29 17:20,TDP,27850.0
2026-07-29 17:20,QCG,9460.0
2026-07-29 17:20,HDC,11150.0
2026-07-29 17:20,CDN,25000.0
2026-07-29 17:20,PTI,19400.0
2026-07-29 17:20,SHI,14000.0
2026-07-29 17:20,BWS,32100.0
2026-07-29 17:20,SAM,5780.0
2026-07-29 17:20,ASM,5800.0
2026-07-29 17:20,PGD,22050.0
2026-07-29 17:20,PGI,19550.0
2026-07-29 17:20,FMC,33800.0
2026-07-29 17:20,TRC,76800.0
2026-07-29 17:20,CSV,20350.0
2026-07-29 17:20,VPD,21500.0
2026-07-29 17:20,TNG,17300.0
2026-07-29 17:20,NCT,83000.0
2026-07-29 17:20,BGE,3000.0
2026-07-29 17:20,KHG,4730.0
2026-07-29 17:20,C4G,5500.0
2026-07-29 17:20,TBC,31750.0
2026-07-29 17:20,VIT,26400.0
2026-07-29 17:20,HBC,4100.0
2026-07-29 17:20,TCM,16600.0
2026-07-29 17:20,FIC,14500.0
2026-07-29 17:20,DMC,56900.0
2026-07-29 17:20,CDC,18700.0
2026-07-29 17:20,SCR,4540.0
2026-07-29 17:20,PHS,9000.0
2026-07-29 17:20,BMI,12900.0
2026-07-29 17:20,VFG,46000.0
2026-07-29 17:20,ABI,18600.0
2026-07-29 17:20,TTA,10550.0
2026-07-29 17:20,VGV,40000.0
2026-07-29 17:20,RAL,79000.0
2026-07-29 17:20,MVB,15700.0
2026-07-29 17:20,AGG,11200.0
2026-07-29 17:20,SGN,54000.0
2026-07-29 17:20,BVS,25200.0
2026-07-29 17:20,PVP,16650.0
2026-07-29 17:20,NBB,17050.0
2026-07-29 17:20,NTL,13700.0
2026-07-29 17:20,APF,46800.0
2026-07-29 17:20,CTF,17250.0
2026-07-29 17:20,FCN,10400.0
2026-07-29 17:20,LIX,24900.0
2026-07-29 17:20,OPC,21800.0
2026-07-29 17:20,YEG,7250.0
2026-07-29 23:05,VIC,219400.0
2026-07-29 23:05,VHM,140000.0
2026-07-29 23:05,VCB,54600.0
2026-07-29 23:05,BID,35450.0
2026-07-29 23:05,CTG,29350.0
2026-07-29 23:05,TCB,28400.0
2026-07-29 23:05,VPB,24350.0
2026-07-29 23:05,MCH,138900.0
2026-07-29 23:05,MBB,22100.0
2026-07-29 23:05,HPG,21650.0
2026-07-29 23:05,GAS,67900.0
2026-07-29 23:05,LPB,52600.0
2026-07-29 23:05,VPL,76900.0
2026-07-29 23:05,ACV,38700.0
2026-07-29 23:05,STB,71500.0
2026-07-29 23:05,ACB,22300.0
2026-07-29 23:05,HDB,25500.0
2026-07-29 23:05,VNM,60000.0
2026-07-29 23:05,BSR,24800.0
2026-07-29 23:05,FPT,65100.0
2026-07-29 23:05,TCX,38650.0
2026-07-29 23:05,GVR,26750.0
2026-07-29 23:05,MSN,66300.0
2026-07-29 23:05,VJC,125500.0
2026-07-29 23:05,MWG,66500.0
2026-07-29 23:05,KSF,77900.0
2026-07-29 23:05,VCK,29150.0
2026-07-29 23:05,HVN,21550.0
2026-07-29 23:05,SAB,43000.0
2026-07-29 23:05,SHB,11200.0
2026-07-29 23:05,SSI,23250.0
2026-07-29 23:05,SSB,15400.0
2026-07-29 23:05,MSB,15850.0
2026-07-29 23:05,VRE,22750.0
2026-07-29 23:05,VIB,14400.0
2026-07-29 23:05,THD,123300.0
2026-07-29 23:05,VPX,24150.0
2026-07-29 23:05,FOX,62500.0
2026-07-29 23:05,VEA,33900.0
2026-07-29 23:05,BVH,59000.0
2026-07-29 23:05,PLX,32950.0
2026-07-29 23:05,GEE,63600.0
2026-07-29 23:05,POW,13350.0
2026-07-29 23:05,TPB,14100.0
2026-07-29 23:05,BCM,35000.0
2026-07-29 23:05,HCM,25250.0
2026-07-29 23:05,EIB,17400.0
2026-07-29 23:05,GMD,73800.0
2026-07-29 23:05,OCB,10000.0
2026-07-29 23:05,NVL,12850.0
2026-07-29 23:05,VIX,12200.0
2026-07-29 23:05,KSV,92500.0
2026-07-29 23:05,REE,44500.0
2026-07-29 23:05,GEX,20700.0
2026-07-29 23:05,NAB,11850.0
2026-07-29 23:05,KBC,27900.0
2026-07-29 23:05,PGV,22250.0
2026-07-29 23:05,VND,16400.0
2026-07-29 23:05,NVB,11300.0
2026-07-29 23:05,VCI,20800.0
2026-07-29 23:05,ABB,17400.0
2026-07-29 23:05,VPI,64600.0
2026-07-29 23:05,FRT,108700.0
2026-07-29 23:05,SBT,20700.0
2026-07-29 23:05,KDH,16950.0
2026-07-29 23:05,CRV,25500.0
2026-07-29 23:05,MBS,17700.0
2026-07-29 23:05,HAG,14000.0
2026-07-29 23:05,PVS,33700.0
2026-07-29 23:05,QNS,47400.0
2026-07-29 23:05,PVD,18400.0
2026-07-29 23:05,PNJ,32750.0
2026-07-29 23:05,VGC,36500.0
2026-07-29 23:05,VBB,12900.0
2026-07-29 23:05,PVI,71000.0
2026-07-29 23:05,VSF,27800.0
2026-07-29 23:05,F88,72600.0
2026-07-29 23:05,HUT,14800.0
2026-07-29 23:05,DCM,30700.0
2026-07-29 23:05,DPM,23000.0
2026-07-29 23:05,SJS,47200.0
2026-07-29 23:05,DGC,37850.0
2026-07-29 23:05,KDC,48950.0
2026-07-29 23:05,IDC,32100.0
2026-07-29 23:05,SHS,15000.0
2026-07-29 23:05,DXG,10300.0
2026-07-29 23:05,BMP,148100.0
2026-07-29 23:05,BAB,10500.0
2026-07-29 23:05,DHG,91600.0
2026-07-29 23:05,PHP,37400.0
2026-07-29 23:05,SIP,47100.0
2026-07-29 23:05,VHC,53400.0
2026-07-29 23:05,PDR,11500.0
2026-07-29 23:05,BWE,43800.0
2026-07-29 23:05,VCG,15100.0
2026-07-29 23:05,BAF,29350.0
2026-07-29 23:05,VSH,42600.0
2026-07-29 23:05,TCH,11200.0
2026-07-29 23:05,TAL,19850.0
2026-07-29 23:05,NTP,48600.0
2026-07-29 23:05,NLG,20700.0
2026-07-29 23:05,DSE,21700.0
2026-07-29 23:05,VTP,45150.0
2026-07-29 23:05,EVF,11950.0
2026-07-29 23:05,HPA,31000.0
2026-07-29 23:05,PC1,21500.0
2026-07-29 23:05,CTR,69000.0
2026-07-29 23:05,CII,12850.0
2026-07-29 23:05,PVT,17000.0
2026-07-29 23:05,SJG,18600.0
2026-07-29 23:05,AIG,50000.0
2026-07-29 23:05,KLB,11000.0
2026-07-29 23:05,HAH,43950.0
2026-07-29 23:05,HSG,10650.0
2026-07-29 23:05,VAB,9910.0
2026-07-29 23:05,ORS,13600.0
2026-07-29 23:05,VCF,290000.0
2026-07-29 23:05,PHR,56100.0
2026-07-29 23:05,DIG,10100.0
2026-07-29 23:05,KOS,35450.0
2026-07-29 23:05,FTS,20600.0
2026-07-29 23:05,DGW,35350.0
2026-07-29 23:05,DTK,11000.0
2026-07-29 23:05,TDM,59000.0
2026-07-29 23:05,BSI,27000.0
2026-07-29 23:05,DBC,16150.0
2026-07-29 23:05,BHN,29600.0
2026-07-29 23:05,CEO,11200.0
2026-07-29 23:05,TMS,35100.0
2026-07-29 23:05,HDG,16000.0
2026-07-29 23:05,CTD,57400.0
2026-07-29 23:05,NT2,20800.0
2026-07-29 23:05,MPC,14900.0
2026-07-29 23:05,VGR,94000.0
2026-07-29 23:05,HHV,9820.0
2026-07-29 23:05,CMG,23950.0
2026-07-29 23:05,PET,37200.0
2026-07-29 23:05,CTS,20200.0
2026-07-29 23:05,VIF,15000.0
2026-07-29 23:05,DHT,58500.0
2026-07-29 23:05,IMP,35700.0
2026-07-29 23:05,PDN,95500.0
2026-07-29 23:05,VGT,10600.0
2026-07-29 23:05,VCS,32300.0
2026-07-29 23:05,SCG,66500.0
2026-07-29 23:05,HNG,6700.0
2026-07-29 23:05,NKG,10900.0
2026-07-29 23:05,PAN,20600.0
2026-07-29 23:05,HNA,20750.0
2026-07-29 23:05,SAS,36700.0
2026-07-29 23:05,SBH,38500.0
2026-07-29 23:05,VSC,12800.0
2026-07-29 23:05,PGB,9300.0
2026-07-29 23:05,ACG,31400.0
2026-07-29 23:05,DBD,48900.0
2026-07-29 23:05,GEG,12100.0
2026-07-29 23:05,HT1,11950.0
2026-07-29 23:05,TLG,47000.0
2026-07-29 23:05,SCS,42650.0
2026-07-29 23:05,VVS,98000.0
2026-07-29 23:05,CHP,27000.0
2026-07-29 23:05,IJC,7060.0
2026-07-29 23:05,ANV,16950.0
2026-07-29 23:05,BIC,21250.0
2026-07-29 23:05,HHS,9400.0
2026-07-29 23:05,DNW,33000.0
2026-07-29 23:05,VNR,19700.0
2026-07-29 23:05,TID,18800.0
2026-07-29 23:05,MIG,16600.0
2026-07-29 23:05,VC3,25600.0
2026-07-29 23:05,MSH,30300.0
2026-07-29 23:05,AST,62400.0
2026-07-29 23:05,TMP,46500.0
2026-07-29 23:05,DXS,5710.0
2026-07-29 23:05,STG,37050.0
2026-07-29 23:05,SHP,31500.0
2026-07-29 23:05,PTB,32150.0
2026-07-29 23:05,DHC,30800.0
2026-07-29 23:05,DPG,27200.0
2026-07-29 23:05,SZC,17350.0
2026-07-29 23:05,TRA,37200.0
2026-07-29 23:05,AVC,41000.0
2026-07-29 23:05,DPR,35100.0
2026-07-29 23:05,LSG,33900.0
2026-07-29 23:05,VDS,11550.0
2026-07-29 23:05,NTC,128000.0
2026-07-29 23:05,DVP,75600.0
2026-07-29 23:05,TVS,13600.0
2026-07-29 23:05,IPA,14300.0
2026-07-29 23:05,CRE,7140.0
2026-07-29 23:05,DNP,21000.0
2026-07-29 23:05,PGS,62900.0
2026-07-29 23:05,MCM,26900.0
2026-07-29 23:05,PRE,28500.0
2026-07-29 23:05,NAF,48550.0
2026-07-29 23:05,DSC,10700.0
2026-07-29 23:05,PPC,8840.0
2026-07-29 23:05,BMS,13100.0
2026-07-29 23:05,BFC,49700.0
2026-07-29 23:05,AGR,12700.0
2026-07-29 23:05,DCL,38050.0
2026-07-29 23:05,PRT,9000.0
2026-07-29 23:05,AAA,6840.0
2026-07-29 23:05,TDP,27850.0
2026-07-29 23:05,QCG,9460.0
2026-07-29 23:05,HDC,11150.0
2026-07-29 23:05,CDN,25000.0
2026-07-29 23:05,PTI,19400.0
2026-07-29 23:05,SHI,14000.0
2026-07-29 23:05,BWS,32100.0
2026-07-29 23:05,SAM,5780.0
2026-07-29 23:05,ASM,5800.0
2026-07-29 23:05,PGD,22050.0
2026-07-29 23:05,PGI,19550.0
2026-07-29 23:05,FMC,33800.0
2026-07-29 23:05,TRC,76800.0
2026-07-29 23:05,CSV,20350.0
2026-07-29 23:05,VPD,21500.0
2026-07-29 23:05,TNG,17300.0
2026-07-29 23:05,NCT,83000.0
2026-07-29 23:05,BGE,3000.0
2026-07-29 23:05,KHG,4730.0
2026-07-29 23:05,C4G,5500.0
2026-07-29 23:05,TBC,31750.0
2026-07-29 23:05,VIT,26400.0
2026-07-29 23:05,HBC,4100.0
2026-07-29 23:05,TCM,16600.0
2026-07-29 23:05,FIC,14500.0
2026-07-29 23:05,DMC,56900.0
2026-07-29 23:05,CDC,18700.0
2026-07-29 23:05,SCR,4540.0
2026-07-29 23:05,PHS,9000.0
2026-07-29 23:05,BMI,12900.0
2026-07-29 23:05,VFG,46000.0
2026-07-29 23:05,ABI,18600.0
2026-07-29 23:05,TTA,10550.0
2026-07-29 23:05,VGV,40000.0
2026-07-29 23:05,RAL,79000.0
2026-07-29 23:05,MVB,15700.0
2026-07-29 23:05,AGG,11200.0
2026-07-29 23:05,SGN,54000.0
2026-07-29 23:05,BVS,25200.0
2026-07-29 23:05,PVP,16650.0
2026-07-29 23:05,NBB,17050.0
2026-07-29 23:05,NTL,13700.0
2026-07-29 23:05,APF,46800.0
2026-07-29 23:05,CTF,17250.0
2026-07-29 23:05,FCN,10400.0
2026-07-29 23:05,LIX,24900.0
2026-07-29 23:05,OPC,21800.0
2026-07-29 23:05,YEG,7250.0
2026-07-30 03:18,VIC,219400.0
2026-07-30 03:18,VHM,140000.0
2026-07-30 03:18,VCB,54600.0
2026-07-30 03:18,BID,35450.0
2026-07-30 03:18,CTG,29350.0
2026-07-30 03:18,TCB,28400.0
2026-07-30 03:18,VPB,24350.0
2026-07-30 03:18,MCH,138900.0
2026-07-30 03:18,MBB,22100.0
2026-07-30 03:18,HPG,21650.0
2026-07-30 03:18,GAS,67900.0
2026-07-30 03:18,LPB,52600.0
2026-07-30 03:18,VPL,76900.0
2026-07-30 03:18,ACV,38700.0
2026-07-30 03:18,STB,71500.0
2026-07-30 03:18,ACB,22300.0
2026-07-30 03:18,HDB,25500.0
2026-07-30 03:18,VNM,60000.0
2026-07-30 03:18,BSR,24800.0
2026-07-30 03:18,FPT,65100.0
2026-07-30 03:18,TCX,38650.0
2026-07-30 03:18,GVR,26750.0
2026-07-30 03:18,MSN,66300.0
2026-07-30 03:18,VJC,125500.0
2026-07-30 03:18,MWG,66500.0
2026-07-30 03:18,KSF,77900.0
2026-07-30 03:18,VCK,29150.0
2026-07-30 03:18,HVN,21550.0
2026-07-30 03:18,SAB,43000.0
2026-07-30 03:18,SHB,11200.0
2026-07-30 03:18,SSI,23250.0
2026-07-30 03:18,SSB,15400.0
2026-07-30 03:18,MSB,15850.0
2026-07-30 03:18,VRE,22750.0
2026-07-30 03:18,VIB,14400.0
2026-07-30 03:18,THD,123300.0
2026-07-30 03:18,VPX,24150.0
2026-07-30 03:18,FOX,62500.0
2026-07-30 03:18,VEA,33900.0
2026-07-30 03:18,BVH,59000.0
2026-07-30 03:18,PLX,32950.0
2026-07-30 03:18,GEE,63600.0
2026-07-30 03:18,POW,13350.0
2026-07-30 03:18,TPB,14100.0
2026-07-30 03:18,BCM,35000.0
2026-07-30 03:18,HCM,25250.0
2026-07-30 03:18,EIB,17400.0
2026-07-30 03:18,GMD,73800.0
2026-07-30 03:18,OCB,10000.0
2026-07-30 03:18,NVL,12850.0
2026-07-30 03:18,VIX,12200.0
2026-07-30 03:18,KSV,92500.0
2026-07-30 03:18,REE,44500.0
2026-07-30 03:18,GEX,20700.0
2026-07-30 03:18,NAB,11850.0
2026-07-30 03:18,KBC,27900.0
2026-07-30 03:18,PGV,22250.0
2026-07-30 03:18,VND,16400.0
2026-07-30 03:18,NVB,11300.0
2026-07-30 03:18,VCI,20800.0
2026-07-30 03:18,ABB,17400.0
2026-07-30 03:18,VPI,64600.0
2026-07-30 03:18,FRT,108700.0
2026-07-30 03:18,SBT,20700.0
2026-07-30 03:18,KDH,16950.0
2026-07-30 03:18,CRV,25500.0
2026-07-30 03:18,MBS,17700.0
2026-07-30 03:18,HAG,14000.0
2026-07-30 03:18,PVS,33700.0
2026-07-30 03:18,QNS,47400.0
2026-07-30 03:18,PVD,18400.0
2026-07-30 03:18,PNJ,32750.0
2026-07-30 03:18,VGC,36500.0
2026-07-30 03:18,VBB,12900.0
2026-07-30 03:18,PVI,71000.0
2026-07-30 03:18,VSF,27800.0
2026-07-30 03:18,F88,72600.0
2026-07-30 03:18,HUT,14800.0
2026-07-30 03:18,DCM,30700.0
2026-07-30 03:18,DPM,23000.0
2026-07-30 03:18,SJS,47200.0
2026-07-30 03:18,DGC,37850.0
2026-07-30 03:18,KDC,48950.0
2026-07-30 03:18,IDC,32100.0
2026-07-30 03:18,SHS,15000.0
2026-07-30 03:18,DXG,10300.0
2026-07-30 03:18,BMP,148100.0
2026-07-30 03:18,BAB,10500.0
2026-07-30 03:18,DHG,91600.0
2026-07-30 03:18,PHP,37400.0
2026-07-30 03:18,SIP,47100.0
2026-07-30 03:18,VHC,53400.0
2026-07-30 03:18,PDR,11500.0
2026-07-30 03:18,BWE,43800.0
2026-07-30 03:18,VCG,15100.0
2026-07-30 03:18,BAF,29350.0
2026-07-30 03:18,VSH,42600.0
2026-07-30 03:18,TCH,11200.0
2026-07-30 03:18,TAL,19850.0
2026-07-30 03:18,NTP,48600.0
2026-07-30 03:18,NLG,20700.0
2026-07-30 03:18,DSE,21700.0
2026-07-30 03:18,VTP,45150.0
2026-07-30 03:18,EVF,11950.0
2026-07-30 03:18,HPA,31000.0
2026-07-30 03:18,PC1,21500.0
2026-07-30 03:18,CTR,69000.0
2026-07-30 03:18,CII,12850.0
2026-07-30 03:18,PVT,17000.0
2026-07-30 03:18,SJG,18600.0
2026-07-30 03:18,AIG,50000.0
2026-07-30 03:18,KLB,11000.0
2026-07-30 03:18,HAH,43950.0
2026-07-30 03:18,HSG,10650.0
2026-07-30 03:18,VAB,9910.0
2026-07-30 03:18,ORS,13600.0
2026-07-30 03:18,VCF,290000.0
2026-07-30 03:18,PHR,56100.0
2026-07-30 03:18,DIG,10100.0
2026-07-30 03:18,KOS,35450.0
2026-07-30 03:18,FTS,20600.0
2026-07-30 03:18,DGW,35350.0
2026-07-30 03:18,DTK,11000.0
2026-07-30 03:18,TDM,59000.0
2026-07-30 03:18,BSI,27000.0
2026-07-30 03:18,DBC,16150.0
2026-07-30 03:18,BHN,29600.0
2026-07-30 03:18,CEO,11200.0
2026-07-30 03:18,TMS,35100.0
2026-07-30 03:18,HDG,16000.0
2026-07-30 03:18,CTD,57400.0
2026-07-30 03:18,NT2,20800.0
2026-07-30 03:18,MPC,14900.0
2026-07-30 03:18,VGR,94000.0
2026-07-30 03:18,HHV,9820.0
2026-07-30 03:18,CMG,23950.0
2026-07-30 03:18,PET,37200.0
2026-07-30 03:18,CTS,20200.0
2026-07-30 03:18,VIF,15000.0
2026-07-30 03:18,DHT,58500.0
2026-07-30 03:18,IMP,35700.0
2026-07-30 03:18,PDN,95500.0
2026-07-30 03:18,VGT,10600.0
2026-07-30 03:18,VCS,32300.0
2026-07-30 03:18,SCG,66500.0
2026-07-30 03:18,HNG,6700.0
2026-07-30 03:18,NKG,10900.0
2026-07-30 03:18,PAN,20600.0
2026-07-30 03:18,HNA,20750.0
2026-07-30 03:18,SAS,36700.0
2026-07-30 03:18,SBH,38500.0
2026-07-30 03:18,VSC,12800.0
2026-07-30 03:18,PGB,9300.0
2026-07-30 03:18,ACG,31400.0
2026-07-30 03:18,DBD,48900.0
2026-07-30 03:18,GEG,12100.0
2026-07-30 03:18,HT1,11950.0
2026-07-30 03:18,TLG,47000.0
2026-07-30 03:18,SCS,42650.0
2026-07-30 03:18,VVS,98000.0
2026-07-30 03:18,CHP,27000.0
2026-07-30 03:18,IJC,7060.0
2026-07-30 03:18,ANV,16950.0
2026-07-30 03:18,BIC,21250.0
2026-07-30 03:18,HHS,9400.0
2026-07-30 03:18,DNW,33000.0
2026-07-30 03:18,VNR,19700.0
2026-07-30 03:18,TID,18800.0
2026-07-30 03:18,MIG,16600.0
2026-07-30 03:18,VC3,25600.0
2026-07-30 03:18,MSH,30300.0
2026-07-30 03:18,AST,62400.0
2026-07-30 03:18,TMP,46500.0
2026-07-30 03:18,DXS,5710.0
2026-07-30 03:18,STG,37050.0
2026-07-30 03:18,SHP,31500.0
2026-07-30 03:18,PTB,32150.0
2026-07-30 03:18,DHC,30800.0
2026-07-30 03:18,DPG,27200.0
2026-07-30 03:18,SZC,17350.0
2026-07-30 03:18,TRA,37200.0
2026-07-30 03:18,AVC,41000.0
2026-07-30 03:18,DPR,35100.0
2026-07-30 03:18,LSG,33900.0
2026-07-30 03:18,VDS,11550.0
2026-07-30 03:18,NTC,128000.0
2026-07-30 03:18,DVP,75600.0
2026-07-30 03:18,TVS,13600.0
2026-07-30 03:18,IPA,14300.0
2026-07-30 03:18,CRE,7140.0
2026-07-30 03:18,DNP,21000.0
2026-07-30 03:18,PGS,62900.0
2026-07-30 03:18,MCM,26900.0
2026-07-30 03:18,PRE,28500.0
2026-07-30 03:18,NAF,48550.0
2026-07-30 03:18,DSC,10700.0
2026-07-30 03:18,PPC,8840.0
2026-07-30 03:18,BMS,13100.0
2026-07-30 03:18,BFC,49700.0
2026-07-30 03:18,AGR,12700.0
2026-07-30 03:18,DCL,38050.0
2026-07-30 03:18,PRT,9000.0
2026-07-30 03:18,AAA,6840.0
2026-07-30 03:18,TDP,27850.0
2026-07-30 03:18,QCG,9460.0
2026-07-30 03:18,HDC,11150.0
2026-07-30 03:18,CDN,25000.0
2026-07-30 03:18,PTI,19400.0
2026-07-30 03:18,SHI,14000.0
2026-07-30 03:18,BWS,32100.0
2026-07-30 03:18,SAM,5780.0
2026-07-30 03:18,ASM,5800.0
2026-07-30 03:18,PGD,22050.0
2026-07-30 03:18,PGI,19550.0
2026-07-30 03:18,FMC,33800.0
2026-07-30 03:18,TRC,76800.0
2026-07-30 03:18,CSV,20350.0
2026-07-30 03:18,VPD,21500.0
2026-07-30 03:18,TNG,17300.0
2026-07-30 03:18,NCT,83000.0
2026-07-30 03:18,BGE,3000.0
2026-07-30 03:18,KHG,4730.0
2026-07-30 03:18,C4G,5500.0
2026-07-30 03:18,TBC,31750.0
2026-07-30 03:18,VIT,26400.0
2026-07-30 03:18,HBC,4100.0
2026-07-30 03:18,TCM,16600.0
2026-07-30 03:18,FIC,14500.0
2026-07-30 03:18,DMC,56900.0
2026-07-30 03:18,CDC,18700.0
2026-07-30 03:18,SCR,4540.0
2026-07-30 03:18,PHS,9000.0
2026-07-30 03:18,BMI,12900.0
2026-07-30 03:18,VFG,46000.0
2026-07-30 03:18,ABI,18600.0
2026-07-30 03:18,TTA,10550.0
2026-07-30 03:18,VGV,40000.0
2026-07-30 03:18,RAL,79000.0
2026-07-30 03:18,MVB,15700.0
2026-07-30 03:18,AGG,11200.0
2026-07-30 03:18,SGN,54000.0
2026-07-30 03:18,BVS,25200.0
2026-07-30 03:18,PVP,16650.0
2026-07-30 03:18,NBB,17050.0
2026-07-30 03:18,NTL,13700.0
2026-07-30 03:18,APF,46800.0
2026-07-30 03:18,CTF,17250.0
2026-07-30 03:18,FCN,10400.0
2026-07-30 03:18,LIX,24900.0
2026-07-30 03:18,OPC,21800.0
2026-07-30 03:18,YEG,7250.0
2026-07-30 06:48,VIC,219400.0
2026-07-30 06:48,VHM,140000.0
2026-07-30 06:48,VCB,54600.0
2026-07-30 06:48,BID,35450.0
2026-07-30 06:48,CTG,29350.0
2026-07-30 06:48,TCB,28400.0
2026-07-30 06:48,VPB,24350.0
2026-07-30 06:48,MCH,138900.0
2026-07-30 06:48,MBB,22100.0
2026-07-30 06:48,HPG,21650.0
2026-07-30 06:48,GAS,67900.0
2026-07-30 06:48,LPB,52600.0
2026-07-30 06:48,VPL,76900.0
2026-07-30 06:48,ACV,38700.0
2026-07-30 06:48,STB,71500.0
2026-07-30 06:48,ACB,22300.0
2026-07-30 06:48,HDB,25500.0
2026-07-30 06:48,VNM,60000.0
2026-07-30 06:48,BSR,24800.0
2026-07-30 06:48,FPT,65100.0
2026-07-30 06:48,TCX,38650.0
2026-07-30 06:48,GVR,26750.0
2026-07-30 06:48,MSN,66300.0
2026-07-30 06:48,VJC,125500.0
2026-07-30 06:48,MWG,66500.0
2026-07-30 06:48,KSF,77900.0
2026-07-30 06:48,VCK,29150.0
2026-07-30 06:48,HVN,21550.0
2026-07-30 06:48,SAB,43000.0
2026-07-30 06:48,SHB,11200.0
2026-07-30 06:48,SSI,23250.0
2026-07-30 06:48,SSB,15400.0
2026-07-30 06:48,MSB,15850.0
2026-07-30 06:48,VRE,22750.0
2026-07-30 06:48,VIB,14400.0
2026-07-30 06:48,THD,123300.0
2026-07-30 06:48,VPX,24150.0
2026-07-30 06:48,FOX,62500.0
2026-07-30 06:48,VEA,33900.0
2026-07-30 06:48,BVH,59000.0
2026-07-30 06:48,PLX,32950.0
2026-07-30 06:48,GEE,63600.0
2026-07-30 06:48,POW,13350.0
2026-07-30 06:48,TPB,14100.0
2026-07-30 06:48,BCM,35000.0
2026-07-30 06:48,HCM,25250.0
2026-07-30 06:48,EIB,17400.0
2026-07-30 06:48,GMD,73800.0
2026-07-30 06:48,OCB,10000.0
2026-07-30 06:48,NVL,12850.0
2026-07-30 06:48,VIX,12200.0
2026-07-30 06:48,KSV,92500.0
2026-07-30 06:48,REE,44500.0
2026-07-30 06:48,GEX,20700.0
2026-07-30 06:48,NAB,11850.0
2026-07-30 06:48,KBC,27900.0
2026-07-30 06:48,PGV,22250.0
2026-07-30 06:48,VND,16400.0
2026-07-30 06:48,NVB,11300.0
2026-07-30 06:48,VCI,20800.0
2026-07-30 06:48,ABB,17400.0
2026-07-30 06:48,VPI,64600.0
2026-07-30 06:48,FRT,108700.0
2026-07-30 06:48,SBT,20700.0
2026-07-30 06:48,KDH,16950.0
2026-07-30 06:48,CRV,25500.0
2026-07-30 06:48,MBS,17700.0
2026-07-30 06:48,HAG,14000.0
2026-07-30 06:48,PVS,33700.0
2026-07-30 06:48,QNS,47400.0
2026-07-30 06:48,PVD,18400.0
2026-07-30 06:48,PNJ,32750.0
2026-07-30 06:48,VGC,36500.0
2026-07-30 06:48,VBB,12900.0
2026-07-30 06:48,PVI,71000.0
2026-07-30 06:48,VSF,27800.0
2026-07-30 06:48,F88,72600.0
2026-07-30 06:48,HUT,14800.0
2026-07-30 06:48,DCM,30700.0
2026-07-30 06:48,DPM,23000.0
2026-07-30 06:48,SJS,47200.0
2026-07-30 06:48,DGC,37850.0
2026-07-30 06:48,KDC,48950.0
2026-07-30 06:48,IDC,32100.0
2026-07-30 06:48,SHS,15000.0
2026-07-30 06:48,DXG,10300.0
2026-07-30 06:48,BMP,148100.0
2026-07-30 06:48,BAB,10500.0
2026-07-30 06:48,DHG,91600.0
2026-07-30 06:48,PHP,37400.0
2026-07-30 06:48,SIP,47100.0
2026-07-30 06:48,VHC,53400.0
2026-07-30 06:48,PDR,11500.0
2026-07-30 06:48,BWE,43800.0
2026-07-30 06:48,VCG,15100.0
2026-07-30 06:48,BAF,29350.0
2026-07-30 06:48,VSH,42600.0
2026-07-30 06:48,TCH,11200.0
2026-07-30 06:48,TAL,19850.0
2026-07-30 06:48,NTP,48600.0
2026-07-30 06:48,NLG,20700.0
2026-07-30 06:48,DSE,21700.0
2026-07-30 06:48,VTP,45150.0
2026-07-30 06:48,EVF,11950.0
2026-07-30 06:48,HPA,31000.0
2026-07-30 06:48,PC1,21500.0
2026-07-30 06:48,CTR,69000.0
2026-07-30 06:48,CII,12850.0
2026-07-30 06:48,PVT,17000.0
2026-07-30 06:48,SJG,18600.0
2026-07-30 06:48,AIG,50000.0
2026-07-30 06:48,KLB,11000.0
2026-07-30 06:48,HAH,43950.0
2026-07-30 06:48,HSG,10650.0
2026-07-30 06:48,VAB,9910.0
2026-07-30 06:48,ORS,13600.0
2026-07-30 06:48,VCF,290000.0
2026-07-30 06:48,PHR,56100.0
2026-07-30 06:48,DIG,10100.0
2026-07-30 06:48,KOS,35450.0
2026-07-30 06:48,FTS,20600.0
2026-07-30 06:48,DGW,35350.0
2026-07-30 06:48,DTK,11000.0
2026-07-30 06:48,TDM,59000.0
2026-07-30 06:48,BSI,27000.0
2026-07-30 06:48,DBC,16150.0
2026-07-30 06:48,BHN,29600.0
2026-07-30 06:48,CEO,11200.0
2026-07-30 06:48,TMS,35100.0
2026-07-30 06:48,HDG,16000.0
2026-07-30 06:48,CTD,57400.0
2026-07-30 06:48,NT2,20800.0
2026-07-30 06:48,MPC,14900.0
2026-07-30 06:48,VGR,94000.0
2026-07-30 06:48,HHV,9820.0
2026-07-30 06:48,CMG,23950.0
2026-07-30 06:48,PET,37200.0
2026-07-30 06:48,CTS,20200.0
2026-07-30 06:48,VIF,15000.0
2026-07-30 06:48,DHT,58500.0
2026-07-30 06:48,IMP,35700.0
2026-07-30 06:48,PDN,95500.0
2026-07-30 06:48,VGT,10600.0
2026-07-30 06:48,VCS,32300.0
2026-07-30 06:48,SCG,66500.0
2026-07-30 06:48,HNG,6700.0
2026-07-30 06:48,NKG,10900.0
2026-07-30 06:48,PAN,20600.0
2026-07-30 06:48,HNA,20750.0
2026-07-30 06:48,SAS,36700.0
2026-07-30 06:48,SBH,38500.0
2026-07-30 06:48,VSC,12800.0
2026-07-30 06:48,PGB,9300.0
2026-07-30 06:48,ACG,31400.0
2026-07-30 06:48,DBD,48900.0
2026-07-30 06:48,GEG,12100.0
2026-07-30 06:48,HT1,11950.0
2026-07-30 06:48,TLG,47000.0
2026-07-30 06:48,SCS,42650.0
2026-07-30 06:48,VVS,98000.0
2026-07-30 06:48,CHP,27000.0
2026-07-30 06:48,IJC,7060.0
2026-07-30 06:48,ANV,16950.0
2026-07-30 06:48,BIC,21250.0
2026-07-30 06:48,HHS,9400.0
2026-07-30 06:48,DNW,33000.0
2026-07-30 06:48,VNR,19700.0
2026-07-30 06:48,TID,18800.0
2026-07-30 06:48,MIG,16600.0
2026-07-30 06:48,VC3,25600.0
2026-07-30 06:48,MSH,30300.0
2026-07-30 06:48,AST,62400.0
2026-07-30 06:48,TMP,46500.0
2026-07-30 06:48,DXS,5710.0
2026-07-30 06:48,STG,37050.0
2026-07-30 06:48,SHP,31500.0
2026-07-30 06:48,PTB,32150.0
2026-07-30 06:48,DHC,30800.0
2026-07-30 06:48,DPG,27200.0
2026-07-30 06:48,SZC,17350.0
2026-07-30 06:48,TRA,37200.0
2026-07-30 06:48,AVC,41000.0
2026-07-30 06:48,DPR,35100.0
2026-07-30 06:48,LSG,33900.0
2026-07-30 06:48,VDS,11550.0
2026-07-30 06:48,NTC,128000.0
2026-07-30 06:48,DVP,75600.0
2026-07-30 06:48,TVS,13600.0
2026-07-30 06:48,IPA,14300.0
2026-07-30 06:48,CRE,7140.0
2026-07-30 06:48,DNP,21000.0
2026-07-30 06:48,PGS,62900.0
2026-07-30 06:48,MCM,26900.0
2026-07-30 06:48,PRE,28500.0
2026-07-30 06:48,NAF,48550.0
2026-07-30 06:48,DSC,10700.0
2026-07-30 06:48,PPC,8840.0
2026-07-30 06:48,BMS,13100.0
2026-07-30 06:48,BFC,49700.0
2026-07-30 06:48,AGR,12700.0
2026-07-30 06:48,DCL,38050.0
2026-07-30 06:48,PRT,9000.0
2026-07-30 06:48,AAA,6840.0
2026-07-30 06:48,TDP,27850.0
2026-07-30 06:48,QCG,9460.0
2026-07-30 06:48,HDC,11150.0
2026-07-30 06:48,CDN,25000.0
2026-07-30 06:48,PTI,19400.0
2026-07-30 06:48,SHI,14000.0
2026-07-30 06:48,BWS,32100.0
2026-07-30 06:48,SAM,5780.0
2026-07-30 06:48,ASM,5800.0
2026-07-30 06:48,PGD,22050.0
2026-07-30 06:48,PGI,19550.0
2026-07-30 06:48,FMC,33800.0
2026-07-30 06:48,TRC,76800.0
2026-07-30 06:48,CSV,20350.0
2026-07-30 06:48,VPD,21500.0
2026-07-30 06:48,TNG,17300.0
2026-07-30 06:48,NCT,83000.0
2026-07-30 06:48,BGE,3000.0
2026-07-30 06:48,KHG,4730.0
2026-07-30 06:48,C4G,5500.0
2026-07-30 06:48,TBC,31750.0
2026-07-30 06:48,VIT,26400.0
2026-07-30 06:48,HBC,4100.0
2026-07-30 06:48,TCM,16600.0
2026-07-30 06:48,FIC,14500.0
2026-07-30 06:48,DMC,56900.0
2026-07-30 06:48,CDC,18700.0
2026-07-30 06:48,SCR,4540.0
2026-07-30 06:48,PHS,9000.0
2026-07-30 06:48,BMI,12900.0
2026-07-30 06:48,VFG,46000.0
2026-07-30 06:48,ABI,18600.0
2026-07-30 06:48,TTA,10550.0
2026-07-30 06:48,VGV,40000.0
2026-07-30 06:48,RAL,79000.0
2026-07-30 06:48,MVB,15700.0
2026-07-30 06:48,AGG,11200.0
2026-07-30 06:48,SGN,54000.0
2026-07-30 06:48,BVS,25200.0
2026-07-30 06:48,PVP,16650.0
2026-07-30 06:48,NBB,17050.0
2026-07-30 06:48,NTL,13700.0
2026-07-30 06:48,APF,46800.0
2026-07-30 06:48,CTF,17250.0
2026-07-30 06:48,FCN,10400.0
2026-07-30 06:48,LIX,24900.0
2026-07-30 06:48,OPC,21800.0
2026-07-30 06:48,YEG,7250.0
2026-07-30 16:37,VIC,220000.0
2026-07-30 16:37,VHM,147900.0
2026-07-30 16:37,VCB,56500.0
2026-07-30 16:37,BID,37250.0
2026-07-30 16:37,CTG,30450.0
2026-07-30 16:37,TCB,29300.0
2026-07-30 16:37,VPB,25000.0
2026-07-30 16:37,HPG,21800.0
2026-07-30 16:37,MCH,142900.0
2026-07-30 16:37,MBB,22500.0
2026-07-30 16:37,GAS,68700.0
2026-07-30 16:37,LPB,52600.0
2026-07-30 16:37,VPL,79500.0
2026-07-30 16:37,ACV,39500.0
2026-07-30 16:37,STB,71600.0
2026-07-30 16:37,ACB,22350.0
2026-07-30 16:37,HDB,25700.0
2026-07-30 16:37,VNM,61200.0
2026-07-30 16:37,BSR,25700.0
2026-07-30 16:37,FPT,67000.0
2026-07-30 16:37,TCX,40600.0
2026-07-30 16:37,GVR,27550.0
2026-07-30 16:37,MWG,69800.0
2026-07-30 16:37,MSN,67900.0
2026-07-30 16:37,VJC,124200.0
2026-07-30 16:37,VCK,31150.0
2026-07-30 16:37,KSF,78200.0
2026-07-30 16:37,HVN,21800.0
2026-07-30 16:37,SSI,24000.0
2026-07-30 16:37,SHB,11750.0
2026-07-30 16:37,SAB,43400.0
2026-07-30 16:37,SSB,15550.0
2026-07-30 16:37,VRE,24300.0
2026-07-30 16:37,MSB,15750.0
2026-07-30 16:37,VIB,14750.0
2026-07-30 16:37,THD,123700.0
2026-07-30 16:37,FOX,64500.0
2026-07-30 16:37,VPX,25400.0
2026-07-30 16:37,VEA,34200.0
2026-07-30 16:37,BVH,61100.0
2026-07-30 16:37,PLX,33850.0
2026-07-30 16:37,POW,13700.0
2026-07-30 16:37,GEE,66900.0
2026-07-30 16:37,TPB,14400.0
2026-07-30 16:37,BCM,36300.0
2026-07-30 16:37,HCM,25700.0
2026-07-30 16:37,EIB,17900.0
2026-07-30 16:37,MSR,36300.0
2026-07-30 16:37,GMD,76400.0
2026-07-30 16:37,NVL,13000.0
2026-07-30 16:37,OCB,10350.0
2026-07-30 16:37,VIX,13050.0
2026-07-30 16:37,KSV,101700.0
2026-07-30 16:37,REE,45300.0
2026-07-30 16:37,GEX,22100.0
2026-07-30 16:37,KBC,28050.0
2026-07-30 16:37,NAB,12300.0
2026-07-30 16:37,PGV,22400.0
2026-07-30 16:37,VND,17050.0
2026-07-30 16:37,VCI,21500.0
2026-07-30 16:37,NVB,11600.0
2026-07-30 16:37,ABB,17400.0
2026-07-30 16:37,VPI,64900.0
2026-07-30 16:37,FRT,116300.0
2026-07-30 16:37,KDH,17500.0
2026-07-30 16:37,SBT,21300.0
2026-07-30 16:37,HAG,14200.0
2026-07-30 16:37,MBS,18400.0
2026-07-30 16:37,CRV,26700.0
2026-07-30 16:37,PVS,34800.0
2026-07-30 16:37,PVD,18900.0
2026-07-30 16:37,QNS,47400.0
2026-07-30 16:37,PNJ,32500.0
2026-07-30 16:37,PVI,71000.0
2026-07-30 16:37,VGC,37750.0
2026-07-30 16:37,DCM,31250.0
2026-07-30 16:37,F88,72400.0
2026-07-30 16:37,HUT,14800.0
2026-07-30 16:37,DPM,23450.0
2026-07-30 16:37,VBB,13200.0
2026-07-30 16:37,DGC,39050.0
2026-07-30 16:37,SJS,47300.0
2026-07-30 16:37,VSF,27500.0
2026-07-30 16:37,KDC,50000.0
2026-07-30 16:37,SHS,15600.0
2026-07-30 16:37,IDC,32500.0
2026-07-30 16:37,DXG,10600.0
2026-07-30 16:37,PHP,38000.0
2026-07-30 16:37,BMP,148100.0
2026-07-30 16:37,BAB,10600.0
2026-07-30 16:37,DHG,92700.0
2026-07-30 16:37,PDR,11850.0
2026-07-30 16:37,SIP,48200.0
2026-07-30 16:37,VHC,54100.0
2026-07-30 16:37,BWE,43000.0
2026-07-30 16:37,BAF,29650.0
2026-07-30 16:37,VCG,15650.0
2026-07-30 16:37,TCH,11550.0
2026-07-30 16:37,VSH,42550.0
2026-07-30 16:37,NLG,21550.0
2026-07-30 16:37,TAL,20800.0
2026-07-30 16:37,NTP,48400.0
2026-07-30 16:37,DSE,22100.0
2026-07-30 16:37,VTP,47000.0
2026-07-30 16:37,EVF,12400.0
2026-07-30 16:37,PC1,21650.0
2026-07-30 16:37,CTR,71000.0
2026-07-30 16:37,HPA,31850.0
2026-07-30 16:37,PVT,18150.0
2026-07-30 16:37,CII,13400.0
2026-07-30 16:37,HSG,10900.0
2026-07-30 16:37,AIG,52000.0
2026-07-30 16:37,ORS,14200.0
2026-07-30 16:37,SJG,18700.0
2026-07-30 16:37,HAH,45200.0
2026-07-30 16:37,KLB,11250.0
2026-07-30 16:37,VAB,10250.0
2026-07-30 16:37,DIG,10200.0
2026-07-30 16:37,FTS,21850.0
2026-07-30 16:37,DGW,36500.0
2026-07-30 16:37,VCF,289000.0
2026-07-30 16:37,KOS,35750.0
2026-07-30 16:37,PHR,57200.0
2026-07-30 16:37,DTK,11000.0
2026-07-30 16:37,BSI,28000.0
2026-07-30 16:37,TDM,59100.0
2026-07-30 16:37,DBC,16450.0
2026-07-30 16:37,BHN,29700.0
2026-07-30 16:37,CEO,11700.0
2026-07-30 16:37,HDG,16500.0
2026-07-30 16:37,CTD,59100.0
2026-07-30 16:37,TMS,35100.0
2026-07-30 16:37,NT2,21050.0
2026-07-30 16:37,MPC,15200.0
2026-07-30 16:37,VGR,94500.0
2026-07-30 16:37,PET,38000.0
2026-07-30 16:37,SCG,66600.0
2026-07-30 16:37,HHV,10050.0
2026-07-30 16:37,CMG,24100.0
2026-07-30 16:37,CTS,21600.0
2026-07-30 16:37,IMP,36000.0
2026-07-30 16:37,NKG,11100.0
2026-07-30 16:37,PDN,95500.0
2026-07-30 16:37,VGT,10800.0
2026-07-30 16:37,DHT,58800.0
2026-07-30 16:37,VIF,15500.0
2026-07-30 16:37,HNG,6800.0
2026-07-30 16:37,VCS,33000.0
2026-07-30 16:37,PAN,21300.0
2026-07-30 16:37,SAS,37100.0
2026-07-30 16:37,HNA,20900.0
2026-07-30 16:37,VSC,13650.0
2026-07-30 16:37,SBH,38900.0
2026-07-30 16:37,ACG,32050.0
2026-07-30 16:37,DBD,49950.0
2026-07-30 16:37,PGB,9700.0
2026-07-30 16:37,HT1,12300.0
2026-07-30 16:37,GEG,12150.0
2026-07-30 16:37,TLG,48000.0
2026-07-30 16:37,IJC,7200.0
2026-07-30 16:37,SCS,43400.0
2026-07-30 16:37,ANV,17600.0
2026-07-30 16:37,BIC,21350.0
2026-07-30 16:37,CHP,27100.0
2026-07-30 16:37,VVS,98800.0
2026-07-30 16:37,HHS,9800.0
2026-07-30 16:37,DNW,33000.0
2026-07-30 16:37,VNR,19800.0
2026-07-30 16:37,TID,18000.0
2026-07-30 16:37,STG,36950.0
2026-07-30 16:37,VC3,25800.0
2026-07-30 16:37,MIG,16800.0
2026-07-30 16:37,MSH,30900.0
2026-07-30 16:37,AST,62000.0
2026-07-30 16:37,DXS,5930.0
2026-07-30 16:37,CRE,7200.0
2026-07-30 16:37,DHC,32950.0
2026-07-30 16:37,TMP,46100.0
2026-07-30 16:37,PTB,33400.0
2026-07-30 16:37,DPG,28100.0
2026-07-30 16:37,SHP,31500.0
2026-07-30 16:37,PGS,62900.0
2026-07-30 16:37,VDS,12200.0
2026-07-30 16:37,SZC,17950.0
2026-07-30 16:37,TVS,13750.0
2026-07-30 16:37,TRA,37950.0
2026-07-30 16:37,AVC,41000.0
2026-07-30 16:37,NTC,128000.0
2026-07-30 16:37,IPA,15000.0
2026-07-30 16:37,LSG,33700.0
2026-07-30 16:37,DPR,35950.0
2026-07-30 16:37,DVP,75800.0
2026-07-30 16:37,DSC,10800.0
2026-07-30 16:37,PRE,27900.0
2026-07-30 16:37,NAF,48250.0
2026-07-30 16:37,DNP,21000.0
2026-07-30 16:37,MCM,26350.0
2026-07-30 16:37,AGR,13250.0
2026-07-30 16:37,BFC,51000.0
2026-07-30 16:37,PPC,8840.0
2026-07-30 16:37,BMS,13300.0
2026-07-30 16:37,DCL,38000.0
2026-07-30 16:37,PRT,9000.0
2026-07-30 16:37,AAA,7090.0
2026-07-30 16:37,TDP,28000.0
2026-07-30 16:37,QCG,9900.0
2026-07-30 16:37,HDC,11600.0
2026-07-30 16:37,CDN,25400.0
2026-07-30 16:37,SHI,14000.0
2026-07-30 16:37,ASM,5950.0
2026-07-30 16:37,PTI,19400.0
2026-07-30 16:37,SAM,5870.0
2026-07-30 16:37,TRC,77200.0
2026-07-30 16:37,VPD,20850.0
2026-07-30 16:37,CSV,21250.0
2026-07-30 16:37,BWS,32900.0
2026-07-30 16:37,TNG,17600.0
2026-07-30 16:37,FMC,34050.0
2026-07-30 16:37,BGE,3000.0
2026-07-30 16:37,PGD,22900.0
2026-07-30 16:37,NCT,83600.0
2026-07-30 16:37,PGI,20900.0
2026-07-30 16:37,KHG,4730.0
2026-07-30 16:37,VIT,26400.0
2026-07-30 16:37,TBC,31900.0
2026-07-30 16:37,HBC,4100.0
2026-07-30 16:37,DMC,56900.0
2026-07-30 16:37,CDC,18900.0
2026-07-30 16:37,C4G,5700.0
2026-07-30 16:37,SCR,4680.0
2026-07-30 16:37,TCM,16700.0
2026-07-30 16:37,BMI,13400.0
2026-07-30 16:37,VFG,46000.0
2026-07-30 16:37,ABI,18600.0
2026-07-30 16:37,TTA,10500.0
2026-07-30 16:37,RAL,79900.0
2026-07-30 16:37,FIC,14800.0
2026-07-30 16:37,AGG,11750.0
2026-07-30 16:37,BVS,26200.0
2026-07-30 16:37,SGN,55600.0
2026-07-30 16:37,PHS,9000.0
2026-07-30 16:37,PVP,17300.0
2026-07-30 16:37,NBB,17400.0
2026-07-30 16:37,TV2,25550.0
2026-07-30 16:37,APF,46800.0
2026-07-30 16:37,SVC,18000.0
2026-07-30 16:37,NTL,13700.0
2026-07-30 16:37,CTF,17650.0
2026-07-30 16:37,MVB,15700.0
2026-07-30 16:37,FCN,10750.0
2026-07-30 16:37,YEG,7550.0
2026-07-30 23:06,VIC,220000.0
2026-07-30 23:06,VHM,147900.0
2026-07-30 23:06,VCB,56500.0
2026-07-30 23:06,BID,37250.0
2026-07-30 23:06,CTG,30450.0
2026-07-30 23:06,TCB,29300.0
2026-07-30 23:06,VPB,25000.0
2026-07-30 23:06,HPG,21800.0
2026-07-30 23:06,MCH,142900.0
2026-07-30 23:06,MBB,22500.0
2026-07-30 23:06,GAS,68700.0
2026-07-30 23:06,LPB,52600.0
2026-07-30 23:06,VPL,79500.0
2026-07-30 23:06,ACV,39500.0
2026-07-30 23:06,STB,71600.0
2026-07-30 23:06,ACB,22350.0
2026-07-30 23:06,HDB,25700.0
2026-07-30 23:06,VNM,61200.0
2026-07-30 23:06,BSR,25700.0
2026-07-30 23:06,FPT,67000.0
2026-07-30 23:06,TCX,40600.0
2026-07-30 23:06,GVR,27550.0
2026-07-30 23:06,MWG,69800.0
2026-07-30 23:06,MSN,67900.0
2026-07-30 23:06,VJC,124200.0
2026-07-30 23:06,VCK,31150.0
2026-07-30 23:06,KSF,78200.0
2026-07-30 23:06,HVN,21800.0
2026-07-30 23:06,SSI,24000.0
2026-07-30 23:06,SHB,11750.0
2026-07-30 23:06,SAB,43400.0
2026-07-30 23:06,SSB,15550.0
2026-07-30 23:06,VRE,24300.0
2026-07-30 23:06,MSB,15750.0
2026-07-30 23:06,VIB,14750.0
2026-07-30 23:06,THD,123700.0
2026-07-30 23:06,FOX,64500.0
2026-07-30 23:06,VPX,25400.0
2026-07-30 23:06,VEA,34200.0
2026-07-30 23:06,BVH,61100.0
2026-07-30 23:06,PLX,33850.0
2026-07-30 23:06,POW,13700.0
2026-07-30 23:06,GEE,66900.0
2026-07-30 23:06,TPB,14400.0
2026-07-30 23:06,BCM,36300.0
2026-07-30 23:06,HCM,25700.0
2026-07-30 23:06,EIB,17900.0
2026-07-30 23:06,MSR,36300.0
2026-07-30 23:06,GMD,76400.0
2026-07-30 23:06,NVL,13000.0
2026-07-30 23:06,OCB,10350.0
2026-07-30 23:06,VIX,13050.0
2026-07-30 23:06,KSV,101700.0
2026-07-30 23:06,REE,45300.0
2026-07-30 23:06,GEX,22100.0
2026-07-30 23:06,KBC,28050.0
2026-07-30 23:06,NAB,12300.0
2026-07-30 23:06,PGV,22400.0
2026-07-30 23:06,VND,17050.0
2026-07-30 23:06,VCI,21500.0
2026-07-30 23:06,NVB,11600.0
2026-07-30 23:06,ABB,17400.0
2026-07-30 23:06,VPI,64900.0
2026-07-30 23:06,FRT,116300.0
2026-07-30 23:06,KDH,17500.0
2026-07-30 23:06,SBT,21300.0
2026-07-30 23:06,HAG,14200.0
2026-07-30 23:06,MBS,18400.0
2026-07-30 23:06,CRV,26700.0
2026-07-30 23:06,PVS,34800.0
2026-07-30 23:06,PVD,18900.0
2026-07-30 23:06,QNS,47400.0
2026-07-30 23:06,PNJ,32500.0
2026-07-30 23:06,PVI,71000.0
2026-07-30 23:06,VGC,37750.0
2026-07-30 23:06,DCM,31250.0
2026-07-30 23:06,F88,72400.0
2026-07-30 23:06,HUT,14800.0
2026-07-30 23:06,DPM,23450.0
2026-07-30 23:06,VBB,13200.0
2026-07-30 23:06,DGC,39050.0
2026-07-30 23:06,SJS,47300.0
2026-07-30 23:06,VSF,27500.0
2026-07-30 23:06,KDC,50000.0
2026-07-30 23:06,SHS,15600.0
2026-07-30 23:06,IDC,32500.0
2026-07-30 23:06,DXG,10600.0
2026-07-30 23:06,PHP,38000.0
2026-07-30 23:06,BMP,148100.0
2026-07-30 23:06,BAB,10600.0
2026-07-30 23:06,DHG,92700.0
2026-07-30 23:06,PDR,11850.0
2026-07-30 23:06,SIP,48200.0
2026-07-30 23:06,VHC,54100.0
2026-07-30 23:06,BWE,43000.0
2026-07-30 23:06,BAF,29650.0
2026-07-30 23:06,VCG,15650.0
2026-07-30 23:06,TCH,11550.0
2026-07-30 23:06,VSH,42550.0
2026-07-30 23:06,NLG,21550.0
2026-07-30 23:06,TAL,20800.0
2026-07-30 23:06,NTP,48400.0
2026-07-30 23:06,DSE,22100.0
2026-07-30 23:06,VTP,47000.0
2026-07-30 23:06,EVF,12400.0
2026-07-30 23:06,PC1,21650.0
2026-07-30 23:06,CTR,71000.0
2026-07-30 23:06,HPA,31850.0
2026-07-30 23:06,PVT,18150.0
2026-07-30 23:06,CII,13400.0
2026-07-30 23:06,HSG,10900.0
2026-07-30 23:06,AIG,52000.0
2026-07-30 23:06,ORS,14200.0
2026-07-30 23:06,SJG,18700.0
2026-07-30 23:06,HAH,45200.0
2026-07-30 23:06,KLB,11250.0
2026-07-30 23:06,VAB,10250.0
2026-07-30 23:06,DIG,10200.0
2026-07-30 23:06,FTS,21850.0
2026-07-30 23:06,DGW,36500.0
2026-07-30 23:06,VCF,289000.0
2026-07-30 23:06,KOS,35750.0
2026-07-30 23:06,PHR,57200.0
2026-07-30 23:06,DTK,11000.0
2026-07-30 23:06,BSI,28000.0
2026-07-30 23:06,TDM,59100.0
2026-07-30 23:06,DBC,16450.0
2026-07-30 23:06,BHN,29700.0
2026-07-30 23:06,CEO,11700.0
2026-07-30 23:06,HDG,16500.0
2026-07-30 23:06,CTD,59100.0
2026-07-30 23:06,TMS,35100.0
2026-07-30 23:06,NT2,21050.0
2026-07-30 23:06,MPC,15200.0
2026-07-30 23:06,VGR,94500.0
2026-07-30 23:06,PET,38000.0
2026-07-30 23:06,SCG,66600.0
2026-07-30 23:06,HHV,10050.0
2026-07-30 23:06,CMG,24100.0
2026-07-30 23:06,CTS,21600.0
2026-07-30 23:06,IMP,36000.0
2026-07-30 23:06,NKG,11100.0
2026-07-30 23:06,PDN,95500.0
2026-07-30 23:06,VGT,10800.0
2026-07-30 23:06,DHT,58800.0
2026-07-30 23:06,VIF,15500.0
2026-07-30 23:06,HNG,6800.0
2026-07-30 23:06,VCS,33000.0
2026-07-30 23:06,PAN,21300.0
2026-07-30 23:06,SAS,37100.0
2026-07-30 23:06,HNA,20900.0
2026-07-30 23:06,VSC,13650.0
2026-07-30 23:06,SBH,38900.0
2026-07-30 23:06,ACG,32050.0
2026-07-30 23:06,DBD,49950.0
2026-07-30 23:06,PGB,9700.0
2026-07-30 23:06,HT1,12300.0
2026-07-30 23:06,GEG,12150.0
2026-07-30 23:06,TLG,48000.0
2026-07-30 23:06,IJC,7200.0
2026-07-30 23:06,SCS,43400.0
2026-07-30 23:06,ANV,17600.0
2026-07-30 23:06,BIC,21350.0
2026-07-30 23:06,CHP,27100.0
2026-07-30 23:06,VVS,98800.0
2026-07-30 23:06,HHS,9800.0
2026-07-30 23:06,DNW,33000.0
2026-07-30 23:06,VNR,19800.0
2026-07-30 23:06,TID,18000.0
2026-07-30 23:06,STG,36950.0
2026-07-30 23:06,VC3,25800.0
2026-07-30 23:06,MIG,16800.0
2026-07-30 23:06,MSH,30900.0
2026-07-30 23:06,AST,62000.0
2026-07-30 23:06,DXS,5930.0
2026-07-30 23:06,CRE,7200.0
2026-07-30 23:06,DHC,32950.0
2026-07-30 23:06,TMP,46100.0
2026-07-30 23:06,PTB,33400.0
2026-07-30 23:06,DPG,28100.0
2026-07-30 23:06,SHP,31500.0
2026-07-30 23:06,PGS,62900.0
2026-07-30 23:06,VDS,12200.0
2026-07-30 23:06,SZC,17950.0
2026-07-30 23:06,TVS,13750.0
2026-07-30 23:06,TRA,37950.0
2026-07-30 23:06,AVC,41000.0
2026-07-30 23:06,NTC,128000.0
2026-07-30 23:06,IPA,15000.0
2026-07-30 23:06,LSG,33700.0
2026-07-30 23:06,DPR,35950.0
2026-07-30 23:06,DVP,75800.0
2026-07-30 23:06,DSC,10800.0
2026-07-30 23:06,PRE,27900.0
2026-07-30 23:06,NAF,48250.0
2026-07-30 23:06,DNP,21000.0
2026-07-30 23:06,MCM,26350.0
2026-07-30 23:06,AGR,13250.0
2026-07-30 23:06,BFC,51000.0
2026-07-30 23:06,PPC,8840.0
2026-07-30 23:06,BMS,13300.0
2026-07-30 23:06,DCL,38000.0
2026-07-30 23:06,PRT,9000.0
2026-07-30 23:06,AAA,7090.0
2026-07-30 23:06,TDP,28000.0
2026-07-30 23:06,QCG,9900.0
2026-07-30 23:06,HDC,11600.0
2026-07-30 23:06,CDN,25400.0
2026-07-30 23:06,SHI,14000.0
2026-07-30 23:06,ASM,5950.0
2026-07-30 23:06,PTI,19400.0
2026-07-30 23:06,SAM,5870.0
2026-07-30 23:06,TRC,77200.0
2026-07-30 23:06,VPD,20850.0
2026-07-30 23:06,CSV,21250.0
2026-07-30 23:06,BWS,32900.0
2026-07-30 23:06,TNG,17600.0
2026-07-30 23:06,FMC,34050.0
2026-07-30 23:06,BGE,3000.0
2026-07-30 23:06,PGD,22900.0
2026-07-30 23:06,NCT,83600.0
2026-07-30 23:06,PGI,20900.0
2026-07-30 23:06,KHG,4730.0
2026-07-30 23:06,VIT,26400.0
2026-07-30 23:06,TBC,31900.0
2026-07-30 23:06,HBC,4100.0
2026-07-30 23:06,DMC,56900.0
2026-07-30 23:06,CDC,18900.0
2026-07-30 23:06,C4G,5700.0
2026-07-30 23:06,SCR,4680.0
2026-07-30 23:06,TCM,16700.0
2026-07-30 23:06,BMI,13400.0
2026-07-30 23:06,VFG,46000.0
2026-07-30 23:06,ABI,18600.0
2026-07-30 23:06,TTA,10500.0
2026-07-30 23:06,RAL,79900.0
2026-07-30 23:06,FIC,14800.0
2026-07-30 23:06,AGG,11750.0
2026-07-30 23:06,BVS,26200.0
2026-07-30 23:06,SGN,55600.0
2026-07-30 23:06,PHS,9000.0
2026-07-30 23:06,PVP,17300.0
2026-07-30 23:06,NBB,17400.0
2026-07-30 23:06,TV2,25550.0
2026-07-30 23:06,APF,46800.0
2026-07-30 23:06,SVC,18000.0
2026-07-30 23:06,NTL,13700.0
2026-07-30 23:06,CTF,17650.0
2026-07-30 23:06,MVB,15700.0
2026-07-30 23:06,FCN,10750.0
2026-07-30 23:06,YEG,7550.0
2026-07-31 03:45,VIC,220000.0
2026-07-31 03:45,VHM,147900.0
2026-07-31 03:45,VCB,56500.0
2026-07-31 03:45,BID,37250.0
2026-07-31 03:45,CTG,30450.0
2026-07-31 03:45,TCB,29300.0
2026-07-31 03:45,VPB,25000.0
2026-07-31 03:45,HPG,21800.0
2026-07-31 03:45,MCH,142900.0
2026-07-31 03:45,MBB,22500.0
2026-07-31 03:45,GAS,68700.0
2026-07-31 03:45,LPB,52600.0
2026-07-31 03:45,VPL,79500.0
2026-07-31 03:45,ACV,39500.0
2026-07-31 03:45,STB,71600.0
2026-07-31 03:45,ACB,22350.0
2026-07-31 03:45,HDB,25700.0
2026-07-31 03:45,VNM,61200.0
2026-07-31 03:45,BSR,25700.0
2026-07-31 03:45,FPT,67000.0
2026-07-31 03:45,TCX,40600.0
2026-07-31 03:45,GVR,27550.0
2026-07-31 03:45,MWG,69800.0
2026-07-31 03:45,MSN,67900.0
2026-07-31 03:45,VJC,124200.0
2026-07-31 03:45,VCK,31150.0
2026-07-31 03:45,KSF,78200.0
2026-07-31 03:45,HVN,21800.0
2026-07-31 03:45,SSI,24000.0
2026-07-31 03:45,SHB,11750.0
2026-07-31 03:45,SAB,43400.0
2026-07-31 03:45,SSB,15550.0
2026-07-31 03:45,VRE,24300.0
2026-07-31 03:45,MSB,15750.0
2026-07-31 03:45,VIB,14750.0
2026-07-31 03:45,THD,123700.0
2026-07-31 03:45,FOX,64500.0
2026-07-31 03:45,VPX,25400.0
2026-07-31 03:45,VEA,34200.0
2026-07-31 03:45,BVH,61100.0
2026-07-31 03:45,PLX,33850.0
2026-07-31 03:45,POW,13700.0
2026-07-31 03:45,GEE,66900.0
2026-07-31 03:45,TPB,14400.0
2026-07-31 03:45,BCM,36300.0
2026-07-31 03:45,HCM,25700.0
2026-07-31 03:45,EIB,17900.0
2026-07-31 03:45,MSR,36300.0
2026-07-31 03:45,GMD,76400.0
2026-07-31 03:45,NVL,13000.0
2026-07-31 03:45,OCB,10350.0
2026-07-31 03:45,VIX,13050.0
2026-07-31 03:45,KSV,101700.0
2026-07-31 03:45,REE,45300.0
2026-07-31 03:45,GEX,22100.0
2026-07-31 03:45,KBC,28050.0
2026-07-31 03:45,NAB,12300.0
2026-07-31 03:45,PGV,22400.0
2026-07-31 03:45,VND,17050.0
2026-07-31 03:45,VCI,21500.0
2026-07-31 03:45,NVB,11600.0
2026-07-31 03:45,ABB,17400.0
2026-07-31 03:45,VPI,64900.0
2026-07-31 03:45,FRT,116300.0
2026-07-31 03:45,KDH,17500.0
2026-07-31 03:45,SBT,21300.0
2026-07-31 03:45,HAG,14200.0
2026-07-31 03:45,MBS,18400.0
2026-07-31 03:45,CRV,26700.0
2026-07-31 03:45,PVS,34800.0
2026-07-31 03:45,PVD,18900.0
2026-07-31 03:45,QNS,47400.0
2026-07-31 03:45,PNJ,32500.0
2026-07-31 03:45,PVI,71000.0
2026-07-31 03:45,VGC,37750.0
2026-07-31 03:45,DCM,31250.0
2026-07-31 03:45,F88,72400.0
2026-07-31 03:45,HUT,14800.0
2026-07-31 03:45,DPM,23450.0
2026-07-31 03:45,VBB,13200.0
2026-07-31 03:45,DGC,39050.0
2026-07-31 03:45,SJS,47300.0
2026-07-31 03:45,VSF,27500.0
2026-07-31 03:45,KDC,50000.0
2026-07-31 03:45,SHS,15600.0
2026-07-31 03:45,IDC,32500.0
2026-07-31 03:45,DXG,10600.0
2026-07-31 03:45,PHP,38000.0
2026-07-31 03:45,BMP,148100.0
2026-07-31 03:45,BAB,10600.0
2026-07-31 03:45,DHG,92700.0
2026-07-31 03:45,PDR,11850.0
2026-07-31 03:45,SIP,48200.0
2026-07-31 03:45,VHC,54100.0
2026-07-31 03:45,BWE,43000.0
2026-07-31 03:45,BAF,29650.0
2026-07-31 03:45,VCG,15650.0
2026-07-31 03:45,TCH,11550.0
2026-07-31 03:45,VSH,42550.0
2026-07-31 03:45,NLG,21550.0
2026-07-31 03:45,TAL,20800.0
2026-07-31 03:45,NTP,48400.0
2026-07-31 03:45,DSE,22100.0
2026-07-31 03:45,VTP,47000.0
2026-07-31 03:45,EVF,12400.0
2026-07-31 03:45,PC1,21650.0
2026-07-31 03:45,CTR,71000.0
2026-07-31 03:45,HPA,31850.0
2026-07-31 03:45,PVT,18150.0
2026-07-31 03:45,CII,13400.0
2026-07-31 03:45,HSG,10900.0
2026-07-31 03:45,AIG,52000.0
2026-07-31 03:45,ORS,14200.0
2026-07-31 03:45,SJG,18700.0
2026-07-31 03:45,HAH,45200.0
2026-07-31 03:45,KLB,11250.0
2026-07-31 03:45,VAB,10250.0
2026-07-31 03:45,DIG,10200.0
2026-07-31 03:45,FTS,21850.0
2026-07-31 03:45,DGW,36500.0
2026-07-31 03:45,VCF,289000.0
2026-07-31 03:45,KOS,35750.0
2026-07-31 03:45,PHR,57200.0
2026-07-31 03:45,DTK,11000.0
2026-07-31 03:45,BSI,28000.0
2026-07-31 03:45,TDM,59100.0
2026-07-31 03:45,DBC,16450.0
2026-07-31 03:45,BHN,29700.0
2026-07-31 03:45,CEO,11700.0
2026-07-31 03:45,HDG,16500.0
2026-07-31 03:45,CTD,59100.0
2026-07-31 03:45,TMS,35100.0
2026-07-31 03:45,NT2,21050.0
2026-07-31 03:45,MPC,15200.0
2026-07-31 03:45,VGR,94500.0
2026-07-31 03:45,PET,38000.0
2026-07-31 03:45,SCG,66600.0
2026-07-31 03:45,HHV,10050.0
2026-07-31 03:45,CMG,24100.0
2026-07-31 03:45,CTS,21600.0
2026-07-31 03:45,IMP,36000.0
2026-07-31 03:45,NKG,11100.0
2026-07-31 03:45,PDN,95500.0
2026-07-31 03:45,VGT,10800.0
2026-07-31 03:45,DHT,58800.0
2026-07-31 03:45,VIF,15500.0
2026-07-31 03:45,HNG,6800.0
2026-07-31 03:45,VCS,33000.0
2026-07-31 03:45,PAN,21300.0
2026-07-31 03:45,SAS,37100.0
2026-07-31 03:45,HNA,20900.0
2026-07-31 03:45,VSC,13650.0
2026-07-31 03:45,SBH,38900.0
2026-07-31 03:45,ACG,32050.0
2026-07-31 03:45,DBD,49950.0
2026-07-31 03:45,PGB,9700.0
2026-07-31 03:45,HT1,12300.0
2026-07-31 03:45,GEG,12150.0
2026-07-31 03:45,TLG,48000.0
2026-07-31 03:45,IJC,7200.0
2026-07-31 03:45,SCS,43400.0
2026-07-31 03:45,ANV,17600.0
2026-07-31 03:45,BIC,21350.0
2026-07-31 03:45,CHP,27100.0
2026-07-31 03:45,VVS,98800.0
2026-07-31 03:45,HHS,9800.0
2026-07-31 03:45,DNW,33000.0
2026-07-31 03:45,VNR,19800.0
2026-07-31 03:45,TID,18000.0
2026-07-31 03:45,STG,36950.0
2026-07-31 03:45,VC3,25800.0
2026-07-31 03:45,MIG,16800.0
2026-07-31 03:45,MSH,30900.0
2026-07-31 03:45,AST,62000.0
2026-07-31 03:45,DXS,5930.0
2026-07-31 03:45,CRE,7200.0
2026-07-31 03:45,DHC,32950.0
2026-07-31 03:45,TMP,46100.0
2026-07-31 03:45,PTB,33400.0
2026-07-31 03:45,DPG,28100.0
2026-07-31 03:45,SHP,31500.0
2026-07-31 03:45,PGS,62900.0
2026-07-31 03:45,VDS,12200.0
2026-07-31 03:45,SZC,17950.0
2026-07-31 03:45,TVS,13750.0
2026-07-31 03:45,TRA,37950.0
2026-07-31 03:45,AVC,41000.0
2026-07-31 03:45,NTC,128000.0
2026-07-31 03:45,IPA,15000.0
2026-07-31 03:45,LSG,33700.0
2026-07-31 03:45,DPR,35950.0
2026-07-31 03:45,DVP,75800.0
2026-07-31 03:45,DSC,10800.0
2026-07-31 03:45,PRE,27900.0
2026-07-31 03:45,NAF,48250.0
2026-07-31 03:45,DNP,21000.0
2026-07-31 03:45,MCM,26350.0
2026-07-31 03:45,AGR,13250.0
2026-07-31 03:45,BFC,51000.0
2026-07-31 03:45,PPC,8840.0
2026-07-31 03:45,BMS,13300.0
2026-07-31 03:45,DCL,38000.0
2026-07-31 03:45,PRT,9000.0
2026-07-31 03:45,AAA,7090.0
2026-07-31 03:45,TDP,28000.0
2026-07-31 03:45,QCG,9900.0
2026-07-31 03:45,HDC,11600.0
2026-07-31 03:45,CDN,25400.0
2026-07-31 03:45,SHI,14000.0
2026-07-31 03:45,ASM,5950.0
2026-07-31 03:45,PTI,19400.0
2026-07-31 03:45,SAM,5870.0
2026-07-31 03:45,TRC,77200.0
2026-07-31 03:45,VPD,20850.0
2026-07-31 03:45,CSV,21250.0
2026-07-31 03:45,BWS,32900.0
2026-07-31 03:45,TNG,17600.0
2026-07-31 03:45,FMC,34050.0
2026-07-31 03:45,BGE,3000.0
2026-07-31 03:45,PGD,22900.0
2026-07-31 03:45,NCT,83600.0
2026-07-31 03:45,PGI,20900.0
2026-07-31 03:45,KHG,4730.0
2026-07-31 03:45,VIT,26400.0
2026-07-31 03:45,TBC,31900.0
2026-07-31 03:45,HBC,4100.0
2026-07-31 03:45,DMC,56900.0
2026-07-31 03:45,CDC,18900.0
2026-07-31 03:45,C4G,5700.0
2026-07-31 03:45,SCR,4680.0
2026-07-31 03:45,TCM,16700.0
2026-07-31 03:45,BMI,13400.0
2026-07-31 03:45,VFG,46000.0
2026-07-31 03:45,ABI,18600.0
2026-07-31 03:45,TTA,10500.0
2026-07-31 03:45,RAL,79900.0
2026-07-31 03:45,FIC,14800.0
2026-07-31 03:45,AGG,11750.0
2026-07-31 03:45,BVS,26200.0
2026-07-31 03:45,SGN,55600.0
2026-07-31 03:45,PHS,9000.0
2026-07-31 03:45,PVP,17300.0
2026-07-31 03:45,NBB,17400.0
2026-07-31 03:45,TV2,25550.0
2026-07-31 03:45,APF,46800.0
2026-07-31 03:45,SVC,18000.0
2026-07-31 03:45,NTL,13700.0
2026-07-31 03:45,CTF,17650.0
2026-07-31 03:45,MVB,15700.0
2026-07-31 03:45,FCN,10750.0
2026-07-31 03:45,YEG,7550.0
2026-07-31 15:10,VIC,214100.0
2026-07-31 15:10,VHM,148100.0
2026-07-31 15:10,VCB,59300.0
2026-07-31 15:10,BID,38000.0
2026-07-31 15:10,CTG,30800.0
2026-07-31 15:10,TCB,28950.0
2026-07-31 15:10,VPB,24800.0
2026-07-31 15:10,HPG,21700.0
2026-07-31 15:10,MCH,141000.0
2026-07-31 15:10,MBB,22500.0
2026-07-31 15:10,GAS,68600.0
2026-07-31 15:10,LPB,51800.0
2026-07-31 15:10,VPL,79600.0
2026-07-31 15:10,ACV,39100.0
2026-07-31 15:10,STB,71300.0
2026-07-31 15:10,ACB,21900.0
2026-07-31 15:10,HDB,25200.0
2026-07-31 15:10,VNM,60900.0
2026-07-31 15:10,BSR,25350.0
2026-07-31 15:10,FPT,67100.0
2026-07-31 15:10,TCX,41000.0
2026-07-31 15:10,GVR,27500.0
2026-07-31 15:10,MWG,69900.0
2026-07-31 15:10,MSN,66100.0
2026-07-31 15:10,VJC,125000.0
2026-07-31 15:10,VCK,31000.0
2026-07-31 15:10,KSF,78500.0
2026-07-31 15:10,HVN,21500.0
2026-07-31 15:10,SSI,23550.0
2026-07-31 15:10,SHB,11500.0
2026-07-31 15:10,SAB,43550.0
2026-07-31 15:10,SSB,15550.0
2026-07-31 15:10,VRE,24800.0
2026-07-31 15:10,MSB,15950.0
2026-07-31 15:10,VIB,14500.0
2026-07-31 15:10,THD,119700.0
2026-07-31 15:10,FOX,63600.0
2026-07-31 15:10,VPX,25400.0
2026-07-31 15:10,VEA,34300.0
2026-07-31 15:10,BVH,60100.0
2026-07-31 15:10,PLX,33300.0
2026-07-31 15:10,POW,13600.0
2026-07-31 15:10,GEE,66800.0
2026-07-31 15:10,TPB,14100.0
2026-07-31 15:10,BCM,35700.0
2026-07-31 15:10,HCM,25000.0
2026-07-31 15:10,EIB,17800.0
2026-07-31 15:10,MSR,36700.0
2026-07-31 15:10,GMD,77000.0
2026-07-31 15:10,NVL,13000.0
2026-07-31 15:10,OCB,10150.0
2026-07-31 15:10,VIX,13000.0
2026-07-31 15:10,KSV,111800.0
2026-07-31 15:10,REE,46500.0
2026-07-31 15:10,GEX,22500.0
2026-07-31 15:10,KBC,27800.0
2026-07-31 15:10,NAB,12150.0
2026-07-31 15:10,PGV,22750.0
2026-07-31 15:10,VND,16600.0
2026-07-31 15:10,VCI,21300.0
2026-07-31 15:10,NVB,11400.0
2026-07-31 15:10,ABB,17300.0
2026-07-31 15:10,VPI,63900.0
2026-07-31 15:10,FRT,124400.0
2026-07-31 15:10,KDH,17450.0
2026-07-31 15:10,SBT,21250.0
2026-07-31 15:10,HAG,14000.0
2026-07-31 15:10,MBS,18000.0
2026-07-31 15:10,CRV,26700.0
2026-07-31 15:10,PVS,34100.0
2026-07-31 15:10,PVD,18150.0
2026-07-31 15:10,QNS,47000.0
2026-07-31 15:10,PNJ,31000.0
2026-07-31 15:10,PVI,70800.0
2026-07-31 15:10,VGC,37850.0
2026-07-31 15:10,DCM,30700.0
2026-07-31 15:10,F88,71900.0
2026-07-31 15:10,HUT,14800.0
2026-07-31 15:10,DPM,23550.0
2026-07-31 15:10,VBB,13150.0
2026-07-31 15:10,DGC,39100.0
2026-07-31 15:10,SJS,47150.0
2026-07-31 15:10,VSF,27600.0
2026-07-31 15:10,KDC,50100.0
2026-07-31 15:10,SHS,15200.0
2026-07-31 15:10,IDC,32600.0
2026-07-31 15:10,DXG,10300.0
2026-07-31 15:10,PHP,37400.0
2026-07-31 15:10,BMP,153300.0
2026-07-31 15:10,BAB,10500.0
2026-07-31 15:10,DHG,92600.0
2026-07-31 15:10,PDR,11450.0
2026-07-31 15:10,SIP,48100.0
2026-07-31 15:10,VHC,52600.0
2026-07-31 15:10,BWE,43350.0
2026-07-31 15:10,BAF,29700.0
2026-07-31 15:10,VCG,15500.0
2026-07-31 15:10,TCH,11400.0
2026-07-31 15:10,VSH,42550.0
2026-07-31 15:10,NLG,22200.0
2026-07-31 15:10,TAL,22250.0
2026-07-31 15:10,NTP,47900.0
2026-07-31 15:10,DSE,22200.0
2026-07-31 15:10,VTP,48000.0
2026-07-31 15:10,EVF,12200.0
2026-07-31 15:10,PC1,21400.0
2026-07-31 15:10,CTR,71900.0
2026-07-31 15:10,HPA,31900.0
2026-07-31 15:10,PVT,18300.0
2026-07-31 15:10,CII,13100.0
2026-07-31 15:10,HSG,10700.0
2026-07-31 15:10,AIG,52500.0
2026-07-31 15:10,ORS,13850.0
2026-07-31 15:10,SJG,18700.0
2026-07-31 15:10,HAH,45250.0
2026-07-31 15:10,KLB,11300.0
2026-07-31 15:10,VAB,10100.0
2026-07-31 15:10,DIG,10050.0
2026-07-31 15:10,FTS,21400.0
2026-07-31 15:10,DGW,36600.0
2026-07-31 15:10,VCF,289000.0
2026-07-31 15:10,KOS,35500.0
2026-07-31 15:10,PHR,56800.0
2026-07-31 15:10,DTK,10600.0
2026-07-31 15:10,BSI,27600.0
2026-07-31 15:10,TDM,59200.0
2026-07-31 15:10,DBC,16300.0
2026-07-31 15:10,BHN,29500.0
2026-07-31 15:10,CEO,11400.0
2026-07-31 15:10,HDG,16150.0
2026-07-31 15:10,CTD,61000.0
2026-07-31 15:10,TMS,36750.0
2026-07-31 15:10,NT2,21000.0
2026-07-31 15:10,MPC,14800.0
2026-07-31 15:10,VGR,94300.0
2026-07-31 15:10,PET,38000.0
2026-07-31 15:10,SCG,65300.0
2026-07-31 15:10,HHV,9960.0
2026-07-31 15:10,CMG,24300.0
2026-07-31 15:10,CTS,21850.0
2026-07-31 15:10,IMP,35100.0
2026-07-31 15:10,NKG,10950.0
2026-07-31 15:10,PDN,98200.0
2026-07-31 15:10,VGT,10800.0
2026-07-31 15:10,DHT,59000.0
2026-07-31 15:10,VIF,16000.0
2026-07-31 15:10,HNG,6800.0
2026-07-31 15:10,VCS,32600.0
2026-07-31 15:10,PAN,20800.0
2026-07-31 15:10,SAS,38500.0
2026-07-31 15:10,HNA,21700.0
2026-07-31 15:10,VSC,13800.0
2026-07-31 15:10,SBH,38500.0
2026-07-31 15:10,ACG,31950.0
2026-07-31 15:10,DBD,49500.0
2026-07-31 15:10,PGB,9600.0
2026-07-31 15:10,HT1,12200.0
2026-07-31 15:10,GEG,12100.0
2026-07-31 15:10,TLG,48100.0
2026-07-31 15:10,IJC,7180.0
2026-07-31 15:10,SCS,43400.0
2026-07-31 15:10,ANV,17050.0
2026-07-31 15:10,BIC,21250.0
2026-07-31 15:10,CHP,27100.0
2026-07-31 15:10,VVS,101000.0
2026-07-31 15:10,HHS,9520.0
2026-07-31 15:10,DNW,33000.0
2026-07-31 15:10,VNR,20000.0
2026-07-31 15:10,TID,18500.0
2026-07-31 15:10,STG,38850.0
2026-07-31 15:10,VC3,25500.0
2026-07-31 15:10,MIG,16700.0
2026-07-31 15:10,MSH,30400.0
2026-07-31 15:10,AST,64000.0
2026-07-31 15:10,DXS,5750.0
2026-07-31 15:10,CRE,7000.0
2026-07-31 15:10,DHC,32900.0
2026-07-31 15:10,TMP,46100.0
2026-07-31 15:10,PTB,33500.0
2026-07-31 15:10,DPG,27700.0
2026-07-31 15:10,SHP,30000.0
2026-07-31 15:10,PGS,56700.0
2026-07-31 15:10,VDS,11800.0
2026-07-31 15:10,SZC,17650.0
2026-07-31 15:10,TVS,13400.0
2026-07-31 15:10,TRA,37950.0
2026-07-31 15:10,AVC,41000.0
2026-07-31 15:10,NTC,127500.0
2026-07-31 15:10,IPA,15300.0
2026-07-31 15:10,LSG,33000.0
2026-07-31 15:10,DPR,36000.0
2026-07-31 15:10,DVP,75500.0
2026-07-31 15:10,DSC,10800.0
2026-07-31 15:10,PRE,27900.0
2026-07-31 15:10,NAF,48300.0
2026-07-31 15:10,DNP,21000.0
2026-07-31 15:10,MCM,26400.0
2026-07-31 15:10,AGR,12900.0
2026-07-31 15:10,BFC,51100.0
2026-07-31 15:10,PPC,8820.0
2026-07-31 15:10,BMS,13100.0
2026-07-31 15:10,DCL,38450.0
2026-07-31 15:10,PRT,8600.0
2026-07-31 15:10,AAA,7110.0
2026-07-31 15:10,TDP,28000.0
2026-07-31 15:10,QCG,9960.0
2026-07-31 15:10,HDC,11400.0
2026-07-31 15:10,CDN,25000.0
2026-07-31 15:10,SHI,14000.0
2026-07-31 15:10,ASM,5920.0
2026-07-31 15:10,PTI,19200.0
2026-07-31 15:10,SAM,5820.0
2026-07-31 15:10,TRC,73300.0
2026-07-31 15:10,VPD,20850.0
2026-07-31 15:10,CSV,21200.0
2026-07-31 15:10,BWS,32900.0
2026-07-31 15:10,TNG,17900.0
2026-07-31 15:10,FMC,33850.0
2026-07-31 15:10,BGE,2900.0
2026-07-31 15:10,PGD,21550.0
2026-07-31 15:10,NCT,83400.0
2026-07-31 15:10,PGI,21000.0
2026-07-31 15:10,KHG,4720.0
2026-07-31 15:10,VIT,26400.0
2026-07-31 15:10,TBC,31500.0
2026-07-31 15:10,HBC,4200.0
2026-07-31 15:10,DMC,56900.0
2026-07-31 15:10,CDC,18500.0
2026-07-31 15:10,C4G,5500.0
2026-07-31 15:10,SCR,4570.0
2026-07-31 15:10,TCM,16600.0
2026-07-31 15:10,BMI,13450.0
2026-07-31 15:10,VFG,46300.0
2026-07-31 15:10,ABI,18900.0
2026-07-31 15:10,TTA,10600.0
2026-07-31 15:10,RAL,79000.0
2026-07-31 15:10,FIC,14900.0
2026-07-31 15:10,AGG,11450.0
2026-07-31 15:10,BVS,25100.0
2026-07-31 15:10,SGN,55600.0
2026-07-31 15:10,PHS,9200.0
2026-07-31 15:10,PVP,17000.0
2026-07-31 15:10,NBB,17300.0
2026-07-31 15:10,TV2,25700.0
2026-07-31 15:10,APF,46300.0
2026-07-31 15:10,SVC,18000.0
2026-07-31 15:10,NTL,13700.0
2026-07-31 15:10,CTF,18000.0
2026-07-31 15:10,MVB,14300.0
2026-07-31 15:10,FCN,10650.0
2026-07-31 15:10,YEG,7410.0
2026-07-31 23:08,VIC,214100.0
2026-07-31 23:08,VHM,148100.0
2026-07-31 23:08,VCB,59300.0
2026-07-31 23:08,BID,38000.0
2026-07-31 23:08,CTG,30800.0
2026-07-31 23:08,TCB,28950.0
2026-07-31 23:08,VPB,24800.0
2026-07-31 23:08,MCH,141000.0
2026-07-31 23:08,HPG,21700.0
2026-07-31 23:08,MBB,22500.0
2026-07-31 23:08,GAS,68600.0
2026-07-31 23:08,LPB,51800.0
2026-07-31 23:08,VPL,79600.0
2026-07-31 23:08,ACV,39200.0
2026-07-31 23:08,STB,71300.0
2026-07-31 23:08,ACB,21900.0
2026-07-31 23:08,BSR,25350.0
2026-07-31 23:08,HDB,25200.0
2026-07-31 23:08,VNM,60900.0
2026-07-31 23:08,FPT,67100.0
2026-07-31 23:08,TCX,41000.0
2026-07-31 23:08,GVR,27500.0
2026-07-31 23:08,MWG,69900.0
2026-07-31 23:08,MSN,66100.0
2026-07-31 23:08,VJC,125000.0
2026-07-31 23:08,VCK,31000.0
2026-07-31 23:08,KSF,78500.0
2026-07-31 23:08,HVN,21500.0
2026-07-31 23:08,SSI,23550.0
2026-07-31 23:08,SHB,11500.0
2026-07-31 23:08,SAB,43550.0
2026-07-31 23:08,VRE,24800.0
2026-07-31 23:08,SSB,15550.0
2026-07-31 23:08,VIB,14500.0
2026-07-31 23:08,MSB,15950.0
2026-07-31 23:08,FOX,63400.0
2026-07-31 23:08,VPX,25400.0
2026-07-31 23:08,THD,119700.0
2026-07-31 23:08,VEA,34400.0
2026-07-31 23:08,BVH,60100.0
2026-07-31 23:08,PLX,33300.0
2026-07-31 23:08,GEE,66800.0
2026-07-31 23:08,POW,13600.0
2026-07-31 23:08,TPB,14100.0
2026-07-31 23:08,BCM,35700.0
2026-07-31 23:08,HCM,25000.0
2026-07-31 23:08,EIB,17800.0
2026-07-31 23:08,MSR,36800.0
2026-07-31 23:08,GMD,77000.0
2026-07-31 23:08,VIX,13000.0
2026-07-31 23:08,OCB,10150.0
2026-07-31 23:08,NVL,13000.0
2026-07-31 23:08,KSV,111800.0
2026-07-31 23:08,GEX,22500.0
2026-07-31 23:08,REE,46500.0
2026-07-31 23:08,NAB,12150.0
2026-07-31 23:08,KBC,27800.0
2026-07-31 23:08,VND,16600.0
2026-07-31 23:08,PGV,22750.0
2026-07-31 23:08,VCI,21300.0
2026-07-31 23:08,NVB,11400.0
2026-07-31 23:08,FRT,124400.0
2026-07-31 23:08,VPI,63900.0
2026-07-31 23:08,ABB,17400.0
2026-07-31 23:08,KDH,17450.0
2026-07-31 23:08,SBT,21250.0
2026-07-31 23:08,MBS,18000.0
2026-07-31 23:08,CRV,26700.0
2026-07-31 23:08,HAG,14000.0
2026-07-31 23:08,PVS,34100.0
2026-07-31 23:08,PVD,18150.0
2026-07-31 23:08,VGC,37850.0
2026-07-31 23:08,QNS,47200.0
2026-07-31 23:08,PVI,70800.0
2026-07-31 23:08,PNJ,31000.0
2026-07-31 23:08,DCM,30700.0
2026-07-31 23:08,F88,71800.0
2026-07-31 23:08,DPM,23550.0
2026-07-31 23:08,HUT,14800.0
2026-07-31 23:08,VBB,13150.0
2026-07-31 23:08,DGC,39100.0
2026-07-31 23:08,SJS,47150.0
2026-07-31 23:08,SHS,15200.0
2026-07-31 23:08,KDC,50100.0
2026-07-31 23:08,VSF,27600.0
2026-07-31 23:08,IDC,32600.0
2026-07-31 23:08,DXG,10300.0
2026-07-31 23:08,PHP,37400.0
2026-07-31 23:08,BAB,10500.0
2026-07-31 23:08,BMP,153300.0
2026-07-31 23:08,DHG,92600.0
2026-07-31 23:08,PDR,11450.0
2026-07-31 23:08,SIP,48100.0
2026-07-31 23:08,VHC,52600.0
2026-07-31 23:08,VCG,15500.0
2026-07-31 23:08,BAF,29700.0
2026-07-31 23:08,BWE,43350.0
2026-07-31 23:08,TCH,11400.0
2026-07-31 23:08,TAL,22250.0
2026-07-31 23:08,NLG,22200.0
2026-07-31 23:08,VSH,42550.0
2026-07-31 23:08,NTP,47900.0
2026-07-31 23:08,VTP,48000.0
2026-07-31 23:08,DSE,22200.0
2026-07-31 23:08,EVF,12200.0
2026-07-31 23:08,PVT,18300.0
2026-07-31 23:08,CTR,71900.0
2026-07-31 23:08,HPA,31900.0
2026-07-31 23:08,CII,13100.0
2026-07-31 23:08,PC1,21400.0
2026-07-31 23:08,AIG,52500.0
2026-07-31 23:08,ORS,13850.0
2026-07-31 23:08,HSG,10700.0
2026-07-31 23:08,HAH,45250.0
2026-07-31 23:08,KLB,11300.0
2026-07-31 23:08,SJG,18700.0
2026-07-31 23:08,VAB,10100.0
2026-07-31 23:08,FTS,21400.0
2026-07-31 23:08,DIG,10050.0
2026-07-31 23:08,DGW,36600.0
2026-07-31 23:08,PHR,56800.0
2026-07-31 23:08,KOS,35500.0
2026-07-31 23:08,VCF,289000.0
2026-07-31 23:08,BSI,27600.0
2026-07-31 23:08,DTK,10600.0
2026-07-31 23:08,TDM,59200.0
2026-07-31 23:08,DBC,16300.0
2026-07-31 23:08,CEO,11400.0
2026-07-31 23:08,BHN,29500.0
2026-07-31 23:08,HDG,16150.0
2026-07-31 23:08,CTD,61000.0
2026-07-31 23:08,MPC,14800.0
2026-07-31 23:08,TMS,36750.0
2026-07-31 23:08,NT2,21000.0
2026-07-31 23:08,VGR,94300.0
2026-07-31 23:08,CTS,21850.0
2026-07-31 23:08,PET,38000.0
2026-07-31 23:08,HHV,9960.0
2026-07-31 23:08,SCG,65300.0
2026-07-31 23:08,CMG,24300.0
2026-07-31 23:08,IMP,35100.0
2026-07-31 23:08,NKG,10950.0
2026-07-31 23:08,VIF,16000.0
2026-07-31 23:08,VGT,10800.0
2026-07-31 23:08,PAN,20800.0
2026-07-31 23:08,PDN,98200.0
2026-07-31 23:08,DHT,59000.0
2026-07-31 23:08,VCS,32600.0
2026-07-31 23:08,HNG,6800.0
2026-07-31 23:08,VSC,13800.0
2026-07-31 23:08,SAS,38500.0
2026-07-31 23:08,HNA,21700.0
2026-07-31 23:08,ACG,31950.0
2026-07-31 23:08,SBH,38500.0
2026-07-31 23:08,PGB,9600.0
2026-07-31 23:08,DBD,49500.0
2026-07-31 23:08,HT1,12200.0
2026-07-31 23:08,TLG,48100.0
2026-07-31 23:08,GEG,12100.0
2026-07-31 23:08,IJC,7180.0
2026-07-31 23:08,ANV,17050.0
2026-07-31 23:08,SCS,43400.0
2026-07-31 23:08,BIC,21250.0
2026-07-31 23:08,CHP,27100.0
2026-07-31 23:08,VVS,101000.0
2026-07-31 23:08,HHS,9520.0
2026-07-31 23:08,VNR,20000.0
2026-07-31 23:08,DNW,33000.0
2026-07-31 23:08,STG,38850.0
2026-07-31 23:08,TID,18500.0
2026-07-31 23:08,VC3,25500.0
2026-07-31 23:08,MIG,16700.0
2026-07-31 23:08,DHC,32900.0
2026-07-31 23:08,MSH,30400.0
2026-07-31 23:08,DXS,5750.0
2026-07-31 23:08,PTB,33500.0
2026-07-31 23:08,AST,64000.0
2026-07-31 23:08,DPG,27700.0
2026-07-31 23:08,VDS,11800.0
2026-07-31 23:08,CRE,7000.0
2026-07-31 23:08,SZC,17650.0
2026-07-31 23:08,TMP,46100.0
2026-07-31 23:08,IPA,15300.0
2026-07-31 23:08,SHP,30000.0
2026-07-31 23:08,TRA,37950.0
2026-07-31 23:08,PGS,56700.0
2026-07-31 23:08,TVS,13400.0
2026-07-31 23:08,DPR,36000.0
2026-07-31 23:08,AVC,41000.0
2026-07-31 23:08,NTC,127500.0
2026-07-31 23:08,LSG,33200.0
2026-07-31 23:08,DVP,75500.0
2026-07-31 23:08,AGR,12900.0
2026-07-31 23:08,DSC,10800.0
2026-07-31 23:08,DNP,21000.0
2026-07-31 23:08,NAF,48300.0
2026-07-31 23:08,BFC,51100.0
2026-07-31 23:08,PRE,27900.0
2026-07-31 23:08,MCM,26400.0
2026-07-31 23:08,BMS,13100.0
2026-07-31 23:08,PPC,8820.0
2026-07-31 23:08,AAA,7110.0
2026-07-31 23:08,DCL,38450.0
2026-07-31 23:08,QCG,9960.0
2026-07-31 23:08,PRT,8600.0
2026-07-31 23:08,HDC,11400.0
2026-07-31 23:08,TDP,28000.0
2026-07-31 23:08,CDN,25000.0
2026-07-31 23:08,ASM,5920.0
2026-07-31 23:08,SHI,14000.0
2026-07-31 23:08,SAM,5820.0
2026-07-31 23:08,CSV,21200.0
2026-07-31 23:08,PTI,19200.0
2026-07-31 23:08,PGI,21000.0
2026-07-31 23:08,TRC,73300.0
2026-07-31 23:08,BWS,32900.0
2026-07-31 23:08,PGD,21550.0
2026-07-31 23:08,TNG,17900.0
2026-07-31 23:08,FMC,33850.0
2026-07-31 23:08,VPD,20850.0
2026-07-31 23:08,BGE,3000.0
2026-07-31 23:08,NCT,83400.0
2026-07-31 23:08,KHG,4720.0
2026-07-31 23:08,VIT,26400.0
2026-07-31 23:08,C4G,5600.0
2026-07-31 23:08,TBC,31500.0
2026-07-31 23:08,BMI,13450.0
2026-07-31 23:08,SCR,4570.0
2026-07-31 23:08,HBC,4200.0
2026-07-31 23:08,CDC,18500.0
2026-07-31 23:08,DMC,56900.0
2026-07-31 23:08,TCM,16600.0
2026-07-31 23:08,VFG,46300.0
2026-07-31 23:08,AGG,11450.0
2026-07-31 23:08,BVS,25100.0
2026-07-31 23:08,ABI,18900.0
2026-07-31 23:08,RAL,79000.0
2026-07-31 23:08,FIC,14900.0
2026-07-31 23:08,TTA,10600.0
2026-07-31 23:08,SGN,55600.0
2026-07-31 23:08,PHS,9200.0
2026-07-31 23:08,PVP,17000.0
2026-07-31 23:08,NBB,17300.0
2026-07-31 23:08,TV2,25700.0
2026-07-31 23:08,AAS,7200.0
2026-07-31 23:08,FCN,10650.0
2026-07-31 23:08,CTF,18000.0
2026-07-31 23:08,APF,46300.0
2026-07-31 23:08,SVC,18000.0
2026-07-31 23:08,NTL,13700.0
2026-07-31 23:08,YEG,7410.0
2026-08-01 03:43,VIC,214100.0
2026-08-01 03:43,VHM,148100.0
2026-08-01 03:43,VCB,59300.0
2026-08-01 03:43,BID,38000.0
2026-08-01 03:43,CTG,30800.0
2026-08-01 03:43,TCB,28950.0
2026-08-01 03:43,VPB,24800.0
2026-08-01 03:43,MCH,141000.0
2026-08-01 03:43,HPG,21700.0
2026-08-01 03:43,MBB,22500.0
2026-08-01 03:43,GAS,68600.0
2026-08-01 03:43,LPB,51800.0
2026-08-01 03:43,VPL,79600.0
2026-08-01 03:43,ACV,39200.0
2026-08-01 03:43,STB,71300.0
2026-08-01 03:43,ACB,21900.0
2026-08-01 03:43,BSR,25350.0
2026-08-01 03:43,HDB,25200.0
2026-08-01 03:43,VNM,60900.0
2026-08-01 03:43,FPT,67100.0
2026-08-01 03:43,TCX,41000.0
2026-08-01 03:43,GVR,27500.0
2026-08-01 03:43,MWG,69900.0
2026-08-01 03:43,MSN,66100.0
2026-08-01 03:43,VJC,125000.0
2026-08-01 03:43,VCK,31000.0
2026-08-01 03:43,KSF,78500.0
2026-08-01 03:43,HVN,21500.0
2026-08-01 03:43,SSI,23550.0
2026-08-01 03:43,SHB,11500.0
2026-08-01 03:43,SAB,43550.0
2026-08-01 03:43,VRE,24800.0
2026-08-01 03:43,SSB,15550.0
2026-08-01 03:43,VIB,14500.0
2026-08-01 03:43,MSB,15950.0
2026-08-01 03:43,FOX,63400.0
2026-08-01 03:43,VPX,25400.0
2026-08-01 03:43,THD,119700.0
2026-08-01 03:43,VEA,34400.0
2026-08-01 03:43,BVH,60100.0
2026-08-01 03:43,PLX,33300.0
2026-08-01 03:43,GEE,66800.0
2026-08-01 03:43,POW,13600.0
2026-08-01 03:43,TPB,14100.0
2026-08-01 03:43,BCM,35700.0
2026-08-01 03:43,HCM,25000.0
2026-08-01 03:43,EIB,17800.0
2026-08-01 03:43,MSR,36800.0
2026-08-01 03:43,GMD,77000.0
2026-08-01 03:43,VIX,13000.0
2026-08-01 03:43,OCB,10150.0
2026-08-01 03:43,NVL,13000.0
2026-08-01 03:43,KSV,111800.0
2026-08-01 03:43,GEX,22500.0
2026-08-01 03:43,REE,46500.0
2026-08-01 03:43,NAB,12150.0
2026-08-01 03:43,KBC,27800.0
2026-08-01 03:43,VND,16600.0
2026-08-01 03:43,PGV,22750.0
2026-08-01 03:43,VCI,21300.0
2026-08-01 03:43,NVB,11400.0
2026-08-01 03:43,FRT,124400.0
2026-08-01 03:43,VPI,63900.0
2026-08-01 03:43,ABB,17400.0
2026-08-01 03:43,KDH,17450.0
2026-08-01 03:43,SBT,21250.0
2026-08-01 03:43,MBS,18000.0
2026-08-01 03:43,CRV,26700.0
2026-08-01 03:43,HAG,14000.0
2026-08-01 03:43,PVS,34100.0
2026-08-01 03:43,PVD,18150.0
2026-08-01 03:43,VGC,37850.0
2026-08-01 03:43,QNS,47200.0
2026-08-01 03:43,PVI,70800.0
2026-08-01 03:43,PNJ,31000.0
2026-08-01 03:43,DCM,30700.0
2026-08-01 03:43,F88,71800.0
2026-08-01 03:43,DPM,23550.0
2026-08-01 03:43,HUT,14800.0
2026-08-01 03:43,VBB,13150.0
2026-08-01 03:43,DGC,39100.0
2026-08-01 03:43,SJS,47150.0
2026-08-01 03:43,SHS,15200.0
2026-08-01 03:43,KDC,50100.0
2026-08-01 03:43,VSF,27600.0
2026-08-01 03:43,IDC,32600.0
2026-08-01 03:43,DXG,10300.0
2026-08-01 03:43,PHP,37400.0
2026-08-01 03:43,BAB,10500.0
2026-08-01 03:43,BMP,153300.0
2026-08-01 03:43,DHG,92600.0
2026-08-01 03:43,PDR,11450.0
2026-08-01 03:43,SIP,48100.0
2026-08-01 03:43,VHC,52600.0
2026-08-01 03:43,VCG,15500.0
2026-08-01 03:43,BAF,29700.0
2026-08-01 03:43,BWE,43350.0
2026-08-01 03:43,TCH,11400.0
2026-08-01 03:43,TAL,22250.0
2026-08-01 03:43,NLG,22200.0
2026-08-01 03:43,VSH,42550.0
2026-08-01 03:43,NTP,47900.0
2026-08-01 03:43,VTP,48000.0
2026-08-01 03:43,DSE,22200.0
2026-08-01 03:43,EVF,12200.0
2026-08-01 03:43,PVT,18300.0
2026-08-01 03:43,CTR,71900.0
2026-08-01 03:43,HPA,31900.0
2026-08-01 03:43,CII,13100.0
2026-08-01 03:43,PC1,21400.0
2026-08-01 03:43,AIG,52500.0
2026-08-01 03:43,ORS,13850.0
2026-08-01 03:43,HSG,10700.0
2026-08-01 03:43,HAH,45250.0
2026-08-01 03:43,KLB,11300.0
2026-08-01 03:43,SJG,18700.0
2026-08-01 03:43,VAB,10100.0
2026-08-01 03:43,FTS,21400.0
2026-08-01 03:43,DIG,10050.0
2026-08-01 03:43,DGW,36600.0
2026-08-01 03:43,PHR,56800.0
2026-08-01 03:43,KOS,35500.0
2026-08-01 03:43,VCF,289000.0
2026-08-01 03:43,BSI,27600.0
2026-08-01 03:43,DTK,10600.0
2026-08-01 03:43,TDM,59200.0
2026-08-01 03:43,DBC,16300.0
2026-08-01 03:43,CEO,11400.0
2026-08-01 03:43,BHN,29500.0
2026-08-01 03:43,HDG,16150.0
2026-08-01 03:43,CTD,61000.0
2026-08-01 03:43,MPC,14800.0
2026-08-01 03:43,TMS,36750.0
2026-08-01 03:43,NT2,21000.0
2026-08-01 03:43,VGR,94300.0
2026-08-01 03:43,CTS,21850.0
2026-08-01 03:43,PET,38000.0
2026-08-01 03:43,HHV,9960.0
2026-08-01 03:43,SCG,65300.0
2026-08-01 03:43,CMG,24300.0
2026-08-01 03:43,IMP,35100.0
2026-08-01 03:43,NKG,10950.0
2026-08-01 03:43,VIF,16000.0
2026-08-01 03:43,VGT,10800.0
2026-08-01 03:43,PAN,20800.0
2026-08-01 03:43,PDN,98200.0
2026-08-01 03:43,DHT,59000.0
2026-08-01 03:43,VCS,32600.0
2026-08-01 03:43,HNG,6800.0
2026-08-01 03:43,VSC,13800.0
2026-08-01 03:43,SAS,38500.0
2026-08-01 03:43,HNA,21700.0
2026-08-01 03:43,ACG,31950.0
2026-08-01 03:43,SBH,38500.0
2026-08-01 03:43,PGB,9600.0
2026-08-01 03:43,DBD,49500.0
2026-08-01 03:43,HT1,12200.0
2026-08-01 03:43,TLG,48100.0
2026-08-01 03:43,GEG,12100.0
2026-08-01 03:43,IJC,7180.0
2026-08-01 03:43,ANV,17050.0
2026-08-01 03:43,SCS,43400.0
2026-08-01 03:43,BIC,21250.0
2026-08-01 03:43,CHP,27100.0
2026-08-01 03:43,VVS,101000.0
2026-08-01 03:43,HHS,9520.0
2026-08-01 03:43,VNR,20000.0
2026-08-01 03:43,DNW,33000.0
2026-08-01 03:43,STG,38850.0
2026-08-01 03:43,TID,18500.0
2026-08-01 03:43,VC3,25500.0
2026-08-01 03:43,MIG,16700.0
2026-08-01 03:43,DHC,32900.0
2026-08-01 03:43,MSH,30400.0
2026-08-01 03:43,DXS,5750.0
2026-08-01 03:43,PTB,33500.0
2026-08-01 03:43,AST,64000.0
2026-08-01 03:43,DPG,27700.0
2026-08-01 03:43,VDS,11800.0
2026-08-01 03:43,CRE,7000.0
2026-08-01 03:43,SZC,17650.0
2026-08-01 03:43,TMP,46100.0
2026-08-01 03:43,IPA,15300.0
2026-08-01 03:43,SHP,30000.0
2026-08-01 03:43,TRA,37950.0
2026-08-01 03:43,PGS,56700.0
2026-08-01 03:43,TVS,13400.0
2026-08-01 03:43,DPR,36000.0
2026-08-01 03:43,AVC,41000.0
2026-08-01 03:43,NTC,127500.0
2026-08-01 03:43,LSG,33200.0
2026-08-01 03:43,DVP,75500.0
2026-08-01 03:43,AGR,12900.0
2026-08-01 03:43,DSC,10800.0
2026-08-01 03:43,DNP,21000.0
2026-08-01 03:43,NAF,48300.0
2026-08-01 03:43,BFC,51100.0
2026-08-01 03:43,PRE,27900.0
2026-08-01 03:43,MCM,26400.0
2026-08-01 03:43,BMS,13100.0
2026-08-01 03:43,PPC,8820.0
2026-08-01 03:43,AAA,7110.0
2026-08-01 03:43,DCL,38450.0
2026-08-01 03:43,QCG,9960.0
2026-08-01 03:43,PRT,8600.0
2026-08-01 03:43,HDC,11400.0
2026-08-01 03:43,TDP,28000.0
2026-08-01 03:43,CDN,25000.0
2026-08-01 03:43,ASM,5920.0
2026-08-01 03:43,SHI,14000.0
2026-08-01 03:43,SAM,5820.0
2026-08-01 03:43,CSV,21200.0
2026-08-01 03:43,PTI,19200.0
2026-08-01 03:43,PGI,21000.0
2026-08-01 03:43,TRC,73300.0
2026-08-01 03:43,BWS,32900.0
2026-08-01 03:43,PGD,21550.0
2026-08-01 03:43,TNG,17900.0
2026-08-01 03:43,FMC,33850.0
2026-08-01 03:43,VPD,20850.0
2026-08-01 03:43,BGE,3000.0
2026-08-01 03:43,NCT,83400.0
2026-08-01 03:43,KHG,4720.0
2026-08-01 03:43,VIT,26400.0
2026-08-01 03:43,C4G,5600.0
2026-08-01 03:43,TBC,31500.0
2026-08-01 03:43,BMI,13450.0
2026-08-01 03:43,SCR,4570.0
2026-08-01 03:43,HBC,4200.0
2026-08-01 03:43,CDC,18500.0
2026-08-01 03:43,DMC,56900.0
2026-08-01 03:43,TCM,16600.0
2026-08-01 03:43,VFG,46300.0
2026-08-01 03:43,AGG,11450.0
2026-08-01 03:43,BVS,25100.0
2026-08-01 03:43,ABI,18900.0
2026-08-01 03:43,RAL,79000.0
2026-08-01 03:43,FIC,14900.0
2026-08-01 03:43,TTA,10600.0
2026-08-01 03:43,SGN,55600.0
2026-08-01 03:43,PHS,9200.0
2026-08-01 03:43,PVP,17000.0
2026-08-01 03:43,NBB,17300.0
2026-08-01 03:43,TV2,25700.0
2026-08-01 03:43,AAS,7200.0
2026-08-01 03:43,FCN,10650.0
2026-08-01 03:43,CTF,18000.0
2026-08-01 03:43,APF,46300.0
2026-08-01 03:43,SVC,18000.0
2026-08-01 03:43,NTL,13700.0
2026-08-01 03:43,YEG,7410.0
2026-08-01 07:14,VIC,214100.0
2026-08-01 07:14,VHM,148100.0
2026-08-01 07:14,VCB,59300.0
2026-08-01 07:14,BID,38000.0
2026-08-01 07:14,CTG,30800.0
2026-08-01 07:14,TCB,28950.0
2026-08-01 07:14,VPB,24800.0
2026-08-01 07:14,MCH,141000.0
2026-08-01 07:14,HPG,21700.0
2026-08-01 07:14,MBB,22500.0
2026-08-01 07:14,GAS,68600.0
2026-08-01 07:14,LPB,51800.0
2026-08-01 07:14,VPL,79600.0
2026-08-01 07:14,ACV,39200.0
2026-08-01 07:14,STB,71300.0
2026-08-01 07:14,ACB,21900.0
2026-08-01 07:14,BSR,25350.0
2026-08-01 07:14,HDB,25200.0
2026-08-01 07:14,VNM,60900.0
2026-08-01 07:14,FPT,67100.0
2026-08-01 07:14,TCX,41000.0
2026-08-01 07:14,GVR,27500.0
2026-08-01 07:14,MWG,69900.0
2026-08-01 07:14,MSN,66100.0
2026-08-01 07:14,VJC,125000.0
2026-08-01 07:14,VCK,31000.0
2026-08-01 07:14,KSF,78500.0
2026-08-01 07:14,HVN,21500.0
2026-08-01 07:14,SSI,23550.0
2026-08-01 07:14,SHB,11500.0
2026-08-01 07:14,SAB,43550.0
2026-08-01 07:14,VRE,24800.0
2026-08-01 07:14,SSB,15550.0
2026-08-01 07:14,VIB,14500.0
2026-08-01 07:14,MSB,15950.0
2026-08-01 07:14,FOX,63400.0
2026-08-01 07:14,VPX,25400.0
2026-08-01 07:14,THD,119700.0
2026-08-01 07:14,VEA,34400.0
2026-08-01 07:14,BVH,60100.0
2026-08-01 07:14,PLX,33300.0
2026-08-01 07:14,GEE,66800.0
2026-08-01 07:14,POW,13600.0
2026-08-01 07:14,TPB,14100.0
2026-08-01 07:14,BCM,35700.0
2026-08-01 07:14,HCM,25000.0
2026-08-01 07:14,EIB,17800.0
2026-08-01 07:14,MSR,36800.0
2026-08-01 07:14,GMD,77000.0
2026-08-01 07:14,VIX,13000.0
2026-08-01 07:14,OCB,10150.0
2026-08-01 07:14,NVL,13000.0
2026-08-01 07:14,KSV,111800.0
2026-08-01 07:14,GEX,22500.0
2026-08-01 07:14,REE,46500.0
2026-08-01 07:14,NAB,12150.0
2026-08-01 07:14,KBC,27800.0
2026-08-01 07:14,VND,16600.0
2026-08-01 07:14,PGV,22750.0
2026-08-01 07:14,VCI,21300.0
2026-08-01 07:14,NVB,11400.0
2026-08-01 07:14,FRT,124400.0
2026-08-01 07:14,VPI,63900.0
2026-08-01 07:14,ABB,17400.0
2026-08-01 07:14,KDH,17450.0
2026-08-01 07:14,SBT,21250.0
2026-08-01 07:14,MBS,18000.0
2026-08-01 07:14,CRV,26700.0
2026-08-01 07:14,HAG,14000.0
2026-08-01 07:14,PVS,34100.0
2026-08-01 07:14,PVD,18150.0
2026-08-01 07:14,VGC,37850.0
2026-08-01 07:14,QNS,47200.0
2026-08-01 07:14,PVI,70800.0
2026-08-01 07:14,PNJ,31000.0
2026-08-01 07:14,DCM,30700.0
2026-08-01 07:14,F88,71800.0
2026-08-01 07:14,DPM,23550.0
2026-08-01 07:14,HUT,14800.0
2026-08-01 07:14,VBB,13150.0
2026-08-01 07:14,DGC,39100.0
2026-08-01 07:14,SJS,47150.0
2026-08-01 07:14,SHS,15200.0
2026-08-01 07:14,KDC,50100.0
2026-08-01 07:14,VSF,27600.0
2026-08-01 07:14,IDC,32600.0
2026-08-01 07:14,DXG,10300.0
2026-08-01 07:14,PHP,37400.0
2026-08-01 07:14,BAB,10500.0
2026-08-01 07:14,BMP,153300.0
2026-08-01 07:14,DHG,92600.0
2026-08-01 07:14,PDR,11450.0
2026-08-01 07:14,SIP,48100.0
2026-08-01 07:14,VHC,52600.0
2026-08-01 07:14,VCG,15500.0
2026-08-01 07:14,BAF,29700.0
2026-08-01 07:14,BWE,43350.0
2026-08-01 07:14,TCH,11400.0
2026-08-01 07:14,TAL,22250.0
2026-08-01 07:14,NLG,22200.0
2026-08-01 07:14,VSH,42550.0
2026-08-01 07:14,NTP,47900.0
2026-08-01 07:14,VTP,48000.0
2026-08-01 07:14,DSE,22200.0
2026-08-01 07:14,EVF,12200.0
2026-08-01 07:14,PVT,18300.0
2026-08-01 07:14,CTR,71900.0
2026-08-01 07:14,HPA,31900.0
2026-08-01 07:14,CII,13100.0
2026-08-01 07:14,PC1,21400.0
2026-08-01 07:14,AIG,52500.0
2026-08-01 07:14,ORS,13850.0
2026-08-01 07:14,HSG,10700.0
2026-08-01 07:14,HAH,45250.0
2026-08-01 07:14,KLB,11300.0
2026-08-01 07:14,SJG,18700.0
2026-08-01 07:14,VAB,10100.0
2026-08-01 07:14,FTS,21400.0
2026-08-01 07:14,DIG,10050.0
2026-08-01 07:14,DGW,36600.0
2026-08-01 07:14,PHR,56800.0
2026-08-01 07:14,KOS,35500.0
2026-08-01 07:14,VCF,289000.0
2026-08-01 07:14,BSI,27600.0
2026-08-01 07:14,DTK,10600.0
2026-08-01 07:14,TDM,59200.0
2026-08-01 07:14,DBC,16300.0
2026-08-01 07:14,CEO,11400.0
2026-08-01 07:14,BHN,29500.0
2026-08-01 07:14,HDG,16150.0
2026-08-01 07:14,CTD,61000.0
2026-08-01 07:14,MPC,14800.0
2026-08-01 07:14,TMS,36750.0
2026-08-01 07:14,NT2,21000.0
2026-08-01 07:14,VGR,94300.0
2026-08-01 07:14,CTS,21850.0
2026-08-01 07:14,PET,38000.0
2026-08-01 07:14,HHV,9960.0
2026-08-01 07:14,SCG,65300.0
2026-08-01 07:14,CMG,24300.0
2026-08-01 07:14,IMP,35100.0
2026-08-01 07:14,NKG,10950.0
2026-08-01 07:14,VIF,16000.0
2026-08-01 07:14,VGT,10800.0
2026-08-01 07:14,PAN,20800.0
2026-08-01 07:14,PDN,98200.0
2026-08-01 07:14,DHT,59000.0
2026-08-01 07:14,VCS,32600.0
2026-08-01 07:14,HNG,6800.0
2026-08-01 07:14,VSC,13800.0
2026-08-01 07:14,SAS,38500.0
2026-08-01 07:14,HNA,21700.0
2026-08-01 07:14,ACG,31950.0
2026-08-01 07:14,SBH,38500.0
2026-08-01 07:14,PGB,9600.0
2026-08-01 07:14,DBD,49500.0
2026-08-01 07:14,HT1,12200.0
2026-08-01 07:14,TLG,48100.0
2026-08-01 07:14,GEG,12100.0
2026-08-01 07:14,IJC,7180.0
2026-08-01 07:14,ANV,17050.0
2026-08-01 07:14,SCS,43400.0
2026-08-01 07:14,BIC,21250.0
2026-08-01 07:14,CHP,27100.0
2026-08-01 07:14,VVS,101000.0
2026-08-01 07:14,HHS,9520.0
2026-08-01 07:14,VNR,20000.0
2026-08-01 07:14,DNW,33000.0
2026-08-01 07:14,STG,38850.0
2026-08-01 07:14,TID,18500.0
2026-08-01 07:14,VC3,25500.0
2026-08-01 07:14,MIG,16700.0
2026-08-01 07:14,DHC,32900.0
2026-08-01 07:14,MSH,30400.0
2026-08-01 07:14,DXS,5750.0
2026-08-01 07:14,PTB,33500.0
2026-08-01 07:14,AST,64000.0
2026-08-01 07:14,DPG,27700.0
2026-08-01 07:14,VDS,11800.0
2026-08-01 07:14,CRE,7000.0
2026-08-01 07:14,SZC,17650.0
2026-08-01 07:14,TMP,46100.0
2026-08-01 07:14,IPA,15300.0
2026-08-01 07:14,SHP,30000.0
2026-08-01 07:14,TRA,37950.0
2026-08-01 07:14,PGS,56700.0
2026-08-01 07:14,TVS,13400.0
2026-08-01 07:14,DPR,36000.0
2026-08-01 07:14,AVC,41000.0
2026-08-01 07:14,NTC,127500.0
2026-08-01 07:14,LSG,33200.0
2026-08-01 07:14,DVP,75500.0
2026-08-01 07:14,AGR,12900.0
2026-08-01 07:14,DSC,10800.0
2026-08-01 07:14,DNP,21000.0
2026-08-01 07:14,NAF,48300.0
2026-08-01 07:14,BFC,51100.0
2026-08-01 07:14,PRE,27900.0
2026-08-01 07:14,MCM,26400.0
2026-08-01 07:14,BMS,13100.0
2026-08-01 07:14,PPC,8820.0
2026-08-01 07:14,AAA,7110.0
2026-08-01 07:14,DCL,38450.0
2026-08-01 07:14,QCG,9960.0
2026-08-01 07:14,PRT,8600.0
2026-08-01 07:14,HDC,11400.0
2026-08-01 07:14,TDP,28000.0
2026-08-01 07:14,CDN,25000.0
2026-08-01 07:14,ASM,5920.0
2026-08-01 07:14,SHI,14000.0
2026-08-01 07:14,SAM,5820.0
2026-08-01 07:14,CSV,21200.0
2026-08-01 07:14,PTI,19200.0
2026-08-01 07:14,PGI,21000.0
2026-08-01 07:14,TRC,73300.0
2026-08-01 07:14,BWS,32900.0
2026-08-01 07:14,PGD,21550.0
2026-08-01 07:14,TNG,17900.0
2026-08-01 07:14,FMC,33850.0
2026-08-01 07:14,VPD,20850.0
2026-08-01 07:14,BGE,3000.0
2026-08-01 07:14,NCT,83400.0
2026-08-01 07:14,KHG,4720.0
2026-08-01 07:14,VIT,26400.0
2026-08-01 07:14,C4G,5600.0
2026-08-01 07:14,TBC,31500.0
2026-08-01 07:14,BMI,13450.0
2026-08-01 07:14,SCR,4570.0
2026-08-01 07:14,HBC,4200.0
2026-08-01 07:14,CDC,18500.0
2026-08-01 07:14,DMC,56900.0
2026-08-01 07:14,TCM,16600.0
2026-08-01 07:14,VFG,46300.0
2026-08-01 07:14,AGG,11450.0
2026-08-01 07:14,BVS,25100.0
2026-08-01 07:14,ABI,18900.0
2026-08-01 07:14,RAL,79000.0
2026-08-01 07:14,FIC,14900.0
2026-08-01 07:14,TTA,10600.0
2026-08-01 07:14,SGN,55600.0
2026-08-01 07:14,PHS,9200.0
2026-08-01 07:14,PVP,17000.0
2026-08-01 07:14,NBB,17300.0
2026-08-01 07:14,TV2,25700.0
2026-08-01 07:14,AAS,7200.0
2026-08-01 07:14,FCN,10650.0
2026-08-01 07:14,CTF,18000.0
2026-08-01 07:14,APF,46300.0
2026-08-01 07:14,SVC,18000.0
2026-08-01 07:14,NTL,13700.0
2026-08-01 07:14,YEG,7410.0
2026-08-01 08:34,VIC,214100.0
2026-08-01 08:34,VHM,148100.0
2026-08-01 08:34,VCB,59300.0
2026-08-01 08:34,BID,38000.0
2026-08-01 08:34,CTG,30800.0
2026-08-01 08:34,TCB,28950.0
2026-08-01 08:34,VPB,24800.0
2026-08-01 08:34,MCH,141000.0
2026-08-01 08:34,HPG,21700.0
2026-08-01 08:34,MBB,22500.0
2026-08-01 08:34,GAS,68600.0
2026-08-01 08:34,LPB,51800.0
2026-08-01 08:34,VPL,79600.0
2026-08-01 08:34,ACV,39200.0
2026-08-01 08:34,STB,71300.0
2026-08-01 08:34,ACB,21900.0
2026-08-01 08:34,BSR,25350.0
2026-08-01 08:34,HDB,25200.0
2026-08-01 08:34,VNM,60900.0
2026-08-01 08:34,FPT,67100.0
2026-08-01 08:34,TCX,41000.0
2026-08-01 08:34,GVR,27500.0
2026-08-01 08:34,MWG,69900.0
2026-08-01 08:34,MSN,66100.0
2026-08-01 08:34,VJC,125000.0
2026-08-01 08:34,VCK,31000.0
2026-08-01 08:34,KSF,78500.0
2026-08-01 08:34,HVN,21500.0
2026-08-01 08:34,SSI,23550.0
2026-08-01 08:34,SHB,11500.0
2026-08-01 08:34,SAB,43550.0
2026-08-01 08:34,VRE,24800.0
2026-08-01 08:34,SSB,15550.0
2026-08-01 08:34,VIB,14500.0
2026-08-01 08:34,MSB,15950.0
2026-08-01 08:34,FOX,63400.0
2026-08-01 08:34,VPX,25400.0
2026-08-01 08:34,THD,119700.0
2026-08-01 08:34,VEA,34400.0
2026-08-01 08:34,BVH,60100.0
2026-08-01 08:34,PLX,33300.0
2026-08-01 08:34,GEE,66800.0
2026-08-01 08:34,POW,13600.0
2026-08-01 08:34,TPB,14100.0
2026-08-01 08:34,BCM,35700.0
2026-08-01 08:34,HCM,25000.0
2026-08-01 08:34,EIB,17800.0
2026-08-01 08:34,MSR,36800.0
2026-08-01 08:34,GMD,77000.0
2026-08-01 08:34,VIX,13000.0
2026-08-01 08:34,OCB,10150.0
2026-08-01 08:34,NVL,13000.0
2026-08-01 08:34,KSV,111800.0
2026-08-01 08:34,GEX,22500.0
2026-08-01 08:34,REE,46500.0
2026-08-01 08:34,NAB,12150.0
2026-08-01 08:34,KBC,27800.0
2026-08-01 08:34,VND,16600.0
2026-08-01 08:34,PGV,22750.0
2026-08-01 08:34,VCI,21300.0
2026-08-01 08:34,NVB,11400.0
2026-08-01 08:34,FRT,124400.0
2026-08-01 08:34,VPI,63900.0
2026-08-01 08:34,ABB,17400.0
2026-08-01 08:34,KDH,17450.0
2026-08-01 08:34,SBT,21250.0
2026-08-01 08:34,MBS,18000.0
2026-08-01 08:34,CRV,26700.0
2026-08-01 08:34,HAG,14000.0
2026-08-01 08:34,PVS,34100.0
2026-08-01 08:34,PVD,18150.0
2026-08-01 08:34,VGC,37850.0
2026-08-01 08:34,QNS,47200.0
2026-08-01 08:34,PVI,70800.0
2026-08-01 08:34,PNJ,31000.0
2026-08-01 08:34,DCM,30700.0
2026-08-01 08:34,F88,71800.0
2026-08-01 08:34,DPM,23550.0
2026-08-01 08:34,HUT,14800.0
2026-08-01 08:34,VBB,13150.0
2026-08-01 08:34,DGC,39100.0
2026-08-01 08:34,SJS,47150.0
2026-08-01 08:34,SHS,15200.0
2026-08-01 08:34,KDC,50100.0
2026-08-01 08:34,VSF,27600.0
2026-08-01 08:34,IDC,32600.0
2026-08-01 08:34,DXG,10300.0
2026-08-01 08:34,PHP,37400.0
2026-08-01 08:34,BAB,10500.0
2026-08-01 08:34,BMP,153300.0
2026-08-01 08:34,DHG,92600.0
2026-08-01 08:34,PDR,11450.0
2026-08-01 08:34,SIP,48100.0
2026-08-01 08:34,VHC,52600.0
2026-08-01 08:34,VCG,15500.0
2026-08-01 08:34,BAF,29700.0
2026-08-01 08:34,BWE,43350.0
2026-08-01 08:34,TCH,11400.0
2026-08-01 08:34,TAL,22250.0
2026-08-01 08:34,NLG,22200.0
2026-08-01 08:34,VSH,42550.0
2026-08-01 08:34,NTP,47900.0
2026-08-01 08:34,VTP,48000.0
2026-08-01 08:34,DSE,22200.0
2026-08-01 08:34,EVF,12200.0
2026-08-01 08:34,PVT,18300.0
2026-08-01 08:34,CTR,71900.0
2026-08-01 08:34,HPA,31900.0
2026-08-01 08:34,CII,13100.0
2026-08-01 08:34,PC1,21400.0
2026-08-01 08:34,AIG,52500.0
2026-08-01 08:34,ORS,13850.0
2026-08-01 08:34,HSG,10700.0
2026-08-01 08:34,HAH,45250.0
2026-08-01 08:34,KLB,11300.0
2026-08-01 08:34,SJG,18700.0
2026-08-01 08:34,VAB,10100.0
2026-08-01 08:34,FTS,21400.0
2026-08-01 08:34,DIG,10050.0
2026-08-01 08:34,DGW,36600.0
2026-08-01 08:34,PHR,56800.0
2026-08-01 08:34,KOS,35500.0
2026-08-01 08:34,VCF,289000.0
2026-08-01 08:34,BSI,27600.0
2026-08-01 08:34,DTK,10600.0
2026-08-01 08:34,TDM,59200.0
2026-08-01 08:34,DBC,16300.0
2026-08-01 08:34,CEO,11400.0
2026-08-01 08:34,BHN,29500.0
2026-08-01 08:34,HDG,16150.0
2026-08-01 08:34,CTD,61000.0
2026-08-01 08:34,MPC,14800.0
2026-08-01 08:34,TMS,36750.0
2026-08-01 08:34,NT2,21000.0
2026-08-01 08:34,VGR,94300.0
2026-08-01 08:34,CTS,21850.0
2026-08-01 08:34,PET,38000.0
2026-08-01 08:34,HHV,9960.0
2026-08-01 08:34,SCG,65300.0
2026-08-01 08:34,CMG,24300.0
2026-08-01 08:34,IMP,35100.0
2026-08-01 08:34,NKG,10950.0
2026-08-01 08:34,VIF,16000.0
2026-08-01 08:34,VGT,10800.0
2026-08-01 08:34,PAN,20800.0
2026-08-01 08:34,PDN,98200.0
2026-08-01 08:34,DHT,59000.0
2026-08-01 08:34,VCS,32600.0
2026-08-01 08:34,HNG,6800.0
2026-08-01 08:34,VSC,13800.0
2026-08-01 08:34,SAS,38500.0
2026-08-01 08:34,HNA,21700.0
2026-08-01 08:34,ACG,31950.0
2026-08-01 08:34,SBH,38500.0
2026-08-01 08:34,PGB,9600.0
2026-08-01 08:34,DBD,49500.0
2026-08-01 08:34,HT1,12200.0
2026-08-01 08:34,TLG,48100.0
2026-08-01 08:34,GEG,12100.0
2026-08-01 08:34,IJC,7180.0
2026-08-01 08:34,ANV,17050.0
2026-08-01 08:34,SCS,43400.0
2026-08-01 08:34,BIC,21250.0
2026-08-01 08:34,CHP,27100.0
2026-08-01 08:34,VVS,101000.0
2026-08-01 08:34,HHS,9520.0
2026-08-01 08:34,VNR,20000.0
2026-08-01 08:34,DNW,33000.0
2026-08-01 08:34,STG,38850.0
2026-08-01 08:34,TID,18500.0
2026-08-01 08:34,VC3,25500.0
2026-08-01 08:34,MIG,16700.0
2026-08-01 08:34,DHC,32900.0
2026-08-01 08:34,MSH,30400.0
2026-08-01 08:34,DXS,5750.0
2026-08-01 08:34,PTB,33500.0
2026-08-01 08:34,AST,64000.0
2026-08-01 08:34,DPG,27700.0
2026-08-01 08:34,VDS,11800.0
2026-08-01 08:34,CRE,7000.0
2026-08-01 08:34,SZC,17650.0
2026-08-01 08:34,TMP,46100.0
2026-08-01 08:34,IPA,15300.0
2026-08-01 08:34,SHP,30000.0
2026-08-01 08:34,TRA,37950.0
2026-08-01 08:34,PGS,56700.0
2026-08-01 08:34,TVS,13400.0
2026-08-01 08:34,DPR,36000.0
2026-08-01 08:34,AVC,41000.0
2026-08-01 08:34,NTC,127500.0
2026-08-01 08:34,LSG,33200.0
2026-08-01 08:34,DVP,75500.0
2026-08-01 08:34,AGR,12900.0
2026-08-01 08:34,DSC,10800.0
2026-08-01 08:34,DNP,21000.0
2026-08-01 08:34,NAF,48300.0
2026-08-01 08:34,BFC,51100.0
2026-08-01 08:34,PRE,27900.0
2026-08-01 08:34,MCM,26400.0
2026-08-01 08:34,BMS,13100.0
2026-08-01 08:34,PPC,8820.0
2026-08-01 08:34,AAA,7110.0
2026-08-01 08:34,DCL,38450.0
2026-08-01 08:34,QCG,9960.0
2026-08-01 08:34,PRT,8600.0
2026-08-01 08:34,HDC,11400.0
2026-08-01 08:34,TDP,28000.0
2026-08-01 08:34,CDN,25000.0
2026-08-01 08:34,ASM,5920.0
2026-08-01 08:34,SHI,14000.0
2026-08-01 08:34,SAM,5820.0
2026-08-01 08:34,CSV,21200.0
2026-08-01 08:34,PTI,19200.0
2026-08-01 08:34,PGI,21000.0
2026-08-01 08:34,TRC,73300.0
2026-08-01 08:34,BWS,32900.0
2026-08-01 08:34,PGD,21550.0
2026-08-01 08:34,TNG,17900.0
2026-08-01 08:34,FMC,33850.0
2026-08-01 08:34,VPD,20850.0
2026-08-01 08:34,BGE,3000.0
2026-08-01 08:34,NCT,83400.0
2026-08-01 08:34,KHG,4720.0
2026-08-01 08:34,VIT,26400.0
2026-08-01 08:34,C4G,5600.0
2026-08-01 08:34,TBC,31500.0
2026-08-01 08:34,BMI,13450.0
2026-08-01 08:34,SCR,4570.0
2026-08-01 08:34,HBC,4200.0
2026-08-01 08:34,CDC,18500.0
2026-08-01 08:34,DMC,56900.0
2026-08-01 08:34,TCM,16600.0
2026-08-01 08:34,VFG,46300.0
2026-08-01 08:34,AGG,11450.0
2026-08-01 08:34,BVS,25100.0
2026-08-01 08:34,ABI,18900.0
2026-08-01 08:34,RAL,79000.0
2026-08-01 08:34,FIC,14900.0
2026-08-01 08:34,TTA,10600.0
2026-08-01 08:34,SGN,55600.0
2026-08-01 08:34,PHS,9200.0
2026-08-01 08:34,PVP,17000.0
2026-08-01 08:34,NBB,17300.0
2026-08-01 08:34,TV2,25700.0
2026-08-01 08:34,AAS,7200.0
2026-08-01 08:34,FCN,10650.0
2026-08-01 08:34,CTF,18000.0
2026-08-01 08:34,APF,46300.0
2026-08-01 08:34,SVC,18000.0
2026-08-01 08:34,NTL,13700.0
2026-08-01 08:34,YEG,7410.0
2026-08-01 15:56,VIC,214100.0
2026-08-01 15:56,VHM,148100.0
2026-08-01 15:56,VCB,59300.0
2026-08-01 15:56,BID,38000.0
2026-08-01 15:56,CTG,30800.0
2026-08-01 15:56,TCB,28950.0
2026-08-01 15:56,VPB,24800.0
2026-08-01 15:56,MCH,141000.0
2026-08-01 15:56,HPG,21700.0
2026-08-01 15:56,MBB,22500.0
2026-08-01 15:56,GAS,68600.0
2026-08-01 15:56,LPB,51800.0
2026-08-01 15:56,VPL,79600.0
2026-08-01 15:56,ACV,39200.0
2026-08-01 15:56,STB,71300.0
2026-08-01 15:56,ACB,21900.0
2026-08-01 15:56,BSR,25350.0
2026-08-01 15:56,HDB,25200.0
2026-08-01 15:56,VNM,60900.0
2026-08-01 15:56,FPT,67100.0
2026-08-01 15:56,TCX,41000.0
2026-08-01 15:56,GVR,27500.0
2026-08-01 15:56,MWG,69900.0
2026-08-01 15:56,MSN,66100.0
2026-08-01 15:56,VJC,125000.0
2026-08-01 15:56,VCK,31000.0
2026-08-01 15:56,KSF,78500.0
2026-08-01 15:56,HVN,21500.0
2026-08-01 15:56,SSI,23550.0
2026-08-01 15:56,SHB,11500.0
2026-08-01 15:56,SAB,43550.0
2026-08-01 15:56,VRE,24800.0
2026-08-01 15:56,SSB,15550.0
2026-08-01 15:56,VIB,14500.0
2026-08-01 15:56,MSB,15950.0
2026-08-01 15:56,FOX,63400.0
2026-08-01 15:56,VPX,25400.0
2026-08-01 15:56,THD,119700.0
2026-08-01 15:56,VEA,34400.0
2026-08-01 15:56,BVH,60100.0
2026-08-01 15:56,PLX,33300.0
2026-08-01 15:56,GEE,66800.0
2026-08-01 15:56,POW,13600.0
2026-08-01 15:56,TPB,14100.0
2026-08-01 15:56,BCM,35700.0
2026-08-01 15:56,HCM,25000.0
2026-08-01 15:56,EIB,17800.0
2026-08-01 15:56,MSR,36800.0
2026-08-01 15:56,GMD,77000.0
2026-08-01 15:56,VIX,13000.0
2026-08-01 15:56,OCB,10150.0
2026-08-01 15:56,NVL,13000.0
2026-08-01 15:56,KSV,111800.0
2026-08-01 15:56,GEX,22500.0
2026-08-01 15:56,REE,46500.0
2026-08-01 15:56,NAB,12150.0
2026-08-01 15:56,KBC,27800.0
2026-08-01 15:56,VND,16600.0
2026-08-01 15:56,PGV,22750.0
2026-08-01 15:56,VCI,21300.0
2026-08-01 15:56,NVB,11400.0
2026-08-01 15:56,FRT,124400.0
2026-08-01 15:56,VPI,63900.0
2026-08-01 15:56,ABB,17400.0
2026-08-01 15:56,KDH,17450.0
2026-08-01 15:56,SBT,21250.0
2026-08-01 15:56,MBS,18000.0
2026-08-01 15:56,CRV,26700.0
2026-08-01 15:56,HAG,14000.0
2026-08-01 15:56,PVS,34100.0
2026-08-01 15:56,PVD,18150.0
2026-08-01 15:56,VGC,37850.0
2026-08-01 15:56,QNS,47200.0
2026-08-01 15:56,PVI,70800.0
2026-08-01 15:56,PNJ,31000.0
2026-08-01 15:56,DCM,30700.0
2026-08-01 15:56,F88,71800.0
2026-08-01 15:56,DPM,23550.0
2026-08-01 15:56,HUT,14800.0
2026-08-01 15:56,VBB,13150.0
2026-08-01 15:56,DGC,39100.0
2026-08-01 15:56,SJS,47150.0
2026-08-01 15:56,SHS,15200.0
2026-08-01 15:56,KDC,50100.0
2026-08-01 15:56,VSF,27600.0
2026-08-01 15:56,IDC,32600.0
2026-08-01 15:56,DXG,10300.0
2026-08-01 15:56,PHP,37400.0
2026-08-01 15:56,BAB,10500.0
2026-08-01 15:56,BMP,153300.0
2026-08-01 15:56,DHG,92600.0
2026-08-01 15:56,PDR,11450.0
2026-08-01 15:56,SIP,48100.0
2026-08-01 15:56,VHC,52600.0
2026-08-01 15:56,VCG,15500.0
2026-08-01 15:56,BAF,29700.0
2026-08-01 15:56,BWE,43350.0
2026-08-01 15:56,TCH,11400.0
2026-08-01 15:56,TAL,22250.0
2026-08-01 15:56,NLG,22200.0
2026-08-01 15:56,VSH,42550.0
2026-08-01 15:56,NTP,47900.0
2026-08-01 15:56,VTP,48000.0
2026-08-01 15:56,DSE,22200.0
2026-08-01 15:56,EVF,12200.0
2026-08-01 15:56,PVT,18300.0
2026-08-01 15:56,CTR,71900.0
2026-08-01 15:56,HPA,31900.0
2026-08-01 15:56,CII,13100.0
2026-08-01 15:56,PC1,21400.0
2026-08-01 15:56,AIG,52500.0
2026-08-01 15:56,ORS,13850.0
2026-08-01 15:56,HSG,10700.0
2026-08-01 15:56,HAH,45250.0
2026-08-01 15:56,KLB,11300.0
2026-08-01 15:56,SJG,18700.0
2026-08-01 15:56,VAB,10100.0
2026-08-01 15:56,FTS,21400.0
2026-08-01 15:56,DIG,10050.0
2026-08-01 15:56,DGW,36600.0
2026-08-01 15:56,PHR,56800.0
2026-08-01 15:56,KOS,35500.0
2026-08-01 15:56,VCF,289000.0
2026-08-01 15:56,BSI,27600.0
2026-08-01 15:56,DTK,10600.0
2026-08-01 15:56,TDM,59200.0
2026-08-01 15:56,DBC,16300.0
2026-08-01 15:56,CEO,11400.0
2026-08-01 15:56,BHN,29500.0
2026-08-01 15:56,HDG,16150.0
2026-08-01 15:56,CTD,61000.0
2026-08-01 15:56,MPC,14800.0
2026-08-01 15:56,TMS,36750.0
2026-08-01 15:56,NT2,21000.0
2026-08-01 15:56,VGR,94300.0
2026-08-01 15:56,CTS,21850.0
2026-08-01 15:56,PET,38000.0
2026-08-01 15:56,HHV,9960.0
2026-08-01 15:56,SCG,65300.0
2026-08-01 15:56,CMG,24300.0
2026-08-01 15:56,IMP,35100.0
2026-08-01 15:56,NKG,10950.0
2026-08-01 15:56,VIF,16000.0
2026-08-01 15:56,VGT,10800.0
2026-08-01 15:56,PAN,20800.0
2026-08-01 15:56,PDN,98200.0
2026-08-01 15:56,DHT,59000.0
2026-08-01 15:56,VCS,32600.0
2026-08-01 15:56,HNG,6800.0
2026-08-01 15:56,VSC,13800.0
2026-08-01 15:56,SAS,38500.0
2026-08-01 15:56,HNA,21700.0
2026-08-01 15:56,ACG,31950.0
2026-08-01 15:56,SBH,38500.0
2026-08-01 15:56,PGB,9600.0
2026-08-01 15:56,DBD,49500.0
2026-08-01 15:56,HT1,12200.0
2026-08-01 15:56,TLG,48100.0
2026-08-01 15:56,GEG,12100.0
2026-08-01 15:56,IJC,7180.0
2026-08-01 15:56,ANV,17050.0
2026-08-01 15:56,SCS,43400.0
2026-08-01 15:56,BIC,21250.0
2026-08-01 15:56,CHP,27100.0
2026-08-01 15:56,VVS,101000.0
2026-08-01 15:56,HHS,9520.0
2026-08-01 15:56,VNR,20000.0
2026-08-01 15:56,DNW,33000.0
2026-08-01 15:56,STG,38850.0
2026-08-01 15:56,TID,18500.0
2026-08-01 15:56,VC3,25500.0
2026-08-01 15:56,MIG,16700.0
2026-08-01 15:56,DHC,32900.0
2026-08-01 15:56,MSH,30400.0
2026-08-01 15:56,DXS,5750.0
2026-08-01 15:56,PTB,33500.0
2026-08-01 15:56,AST,64000.0
2026-08-01 15:56,DPG,27700.0
2026-08-01 15:56,VDS,11800.0
2026-08-01 15:56,CRE,7000.0
2026-08-01 15:56,SZC,17650.0
2026-08-01 15:56,TMP,46100.0
2026-08-01 15:56,IPA,15300.0
2026-08-01 15:56,SHP,30000.0
2026-08-01 15:56,TRA,37950.0
2026-08-01 15:56,PGS,56700.0
2026-08-01 15:56,TVS,13400.0
2026-08-01 15:56,DPR,36000.0
2026-08-01 15:56,AVC,41000.0
2026-08-01 15:56,NTC,127500.0
2026-08-01 15:56,LSG,33200.0
2026-08-01 15:56,DVP,75500.0
2026-08-01 15:56,AGR,12900.0
2026-08-01 15:56,DSC,10800.0
2026-08-01 15:56,DNP,21000.0
2026-08-01 15:56,NAF,48300.0
2026-08-01 15:56,BFC,51100.0
2026-08-01 15:56,PRE,27900.0
2026-08-01 15:56,MCM,26400.0
2026-08-01 15:56,BMS,13100.0
2026-08-01 15:56,PPC,8820.0
2026-08-01 15:56,AAA,7110.0
2026-08-01 15:56,DCL,38450.0
2026-08-01 15:56,QCG,9960.0
2026-08-01 15:56,PRT,8600.0
2026-08-01 15:56,HDC,11400.0
2026-08-01 15:56,TDP,28000.0
2026-08-01 15:56,CDN,25000.0
2026-08-01 15:56,ASM,5920.0
2026-08-01 15:56,SHI,14000.0
2026-08-01 15:56,SAM,5820.0
2026-08-01 15:56,CSV,21200.0
2026-08-01 15:56,PTI,19200.0
2026-08-01 15:56,PGI,21000.0
2026-08-01 15:56,TRC,73300.0
2026-08-01 15:56,BWS,32900.0
2026-08-01 15:56,PGD,21550.0
2026-08-01 15:56,TNG,17900.0
2026-08-01 15:56,FMC,33850.0
2026-08-01 15:56,VPD,20850.0
2026-08-01 15:56,BGE,3000.0
2026-08-01 15:56,NCT,83400.0
2026-08-01 15:56,KHG,4720.0
2026-08-01 15:56,VIT,26400.0
2026-08-01 15:56,C4G,5600.0
2026-08-01 15:56,TBC,31500.0
2026-08-01 15:56,BMI,13450.0
2026-08-01 15:56,SCR,4570.0
2026-08-01 15:56,HBC,4200.0
2026-08-01 15:56,CDC,18500.0
2026-08-01 15:56,DMC,56900.0
2026-08-01 15:56,TCM,16600.0
2026-08-01 15:56,VFG,46300.0
2026-08-01 15:56,AGG,11450.0
2026-08-01 15:56,BVS,25100.0
2026-08-01 15:56,ABI,18900.0
2026-08-01 15:56,RAL,79000.0
2026-08-01 15:56,FIC,14900.0
2026-08-01 15:56,TTA,10600.0
2026-08-01 15:56,SGN,55600.0
2026-08-01 15:56,PHS,9200.0
2026-08-01 15:56,PVP,17000.0
2026-08-01 15:56,NBB,17300.0
2026-08-01 15:56,TV2,25700.0
2026-08-01 15:56,AAS,7200.0
2026-08-01 15:56,FCN,10650.0
2026-08-01 15:56,CTF,18000.0
2026-08-01 15:56,APF,46300.0
2026-08-01 15:56,SVC,18000.0
2026-08-01 15:56,NTL,13700.0
2026-08-01 15:56,YEG,7410.0
2026-08-01 19:17,VIC,214100.0
2026-08-01 19:17,VHM,148100.0
2026-08-01 19:17,VCB,59300.0
2026-08-01 19:17,BID,38000.0
2026-08-01 19:17,CTG,30800.0
2026-08-01 19:17,TCB,28950.0
2026-08-01 19:17,VPB,24800.0
2026-08-01 19:17,MCH,141000.0
2026-08-01 19:17,HPG,21700.0
2026-08-01 19:17,MBB,22500.0
2026-08-01 19:17,GAS,68600.0
2026-08-01 19:17,LPB,51800.0
2026-08-01 19:17,VPL,79600.0
2026-08-01 19:17,ACV,39200.0
2026-08-01 19:17,STB,71300.0
2026-08-01 19:17,ACB,21900.0
2026-08-01 19:17,BSR,25350.0
2026-08-01 19:17,HDB,25200.0
2026-08-01 19:17,VNM,60900.0
2026-08-01 19:17,FPT,67100.0
2026-08-01 19:17,TCX,41000.0
2026-08-01 19:17,GVR,27500.0
2026-08-01 19:17,MWG,69900.0
2026-08-01 19:17,MSN,66100.0
2026-08-01 19:17,VJC,125000.0
2026-08-01 19:17,VCK,31000.0
2026-08-01 19:17,KSF,78500.0
2026-08-01 19:17,HVN,21500.0
2026-08-01 19:17,SSI,23550.0
2026-08-01 19:17,SHB,11500.0
2026-08-01 19:17,SAB,43550.0
2026-08-01 19:17,VRE,24800.0
2026-08-01 19:17,SSB,15550.0
2026-08-01 19:17,VIB,14500.0
2026-08-01 19:17,MSB,15950.0
2026-08-01 19:17,FOX,63400.0
2026-08-01 19:17,VPX,25400.0
2026-08-01 19:17,THD,119700.0
2026-08-01 19:17,VEA,34400.0
2026-08-01 19:17,BVH,60100.0
2026-08-01 19:17,PLX,33300.0
2026-08-01 19:17,GEE,66800.0
2026-08-01 19:17,POW,13600.0
2026-08-01 19:17,TPB,14100.0
2026-08-01 19:17,BCM,35700.0
2026-08-01 19:17,HCM,25000.0
2026-08-01 19:17,EIB,17800.0
2026-08-01 19:17,MSR,36800.0
2026-08-01 19:17,GMD,77000.0
2026-08-01 19:17,VIX,13000.0
2026-08-01 19:17,OCB,10150.0
2026-08-01 19:17,NVL,13000.0
2026-08-01 19:17,KSV,111800.0
2026-08-01 19:17,GEX,22500.0
2026-08-01 19:17,REE,46500.0
2026-08-01 19:17,NAB,12150.0
2026-08-01 19:17,KBC,27800.0
2026-08-01 19:17,VND,16600.0
2026-08-01 19:17,PGV,22750.0
2026-08-01 19:17,VCI,21300.0
2026-08-01 19:17,NVB,11400.0
2026-08-01 19:17,FRT,124400.0
2026-08-01 19:17,VPI,63900.0
2026-08-01 19:17,ABB,17400.0
2026-08-01 19:17,KDH,17450.0
2026-08-01 19:17,SBT,21250.0
2026-08-01 19:17,MBS,18000.0
2026-08-01 19:17,CRV,26700.0
2026-08-01 19:17,HAG,14000.0
2026-08-01 19:17,PVS,34100.0
2026-08-01 19:17,PVD,18150.0
2026-08-01 19:17,VGC,37850.0
2026-08-01 19:17,QNS,47200.0
2026-08-01 19:17,PVI,70800.0
2026-08-01 19:17,PNJ,31000.0
2026-08-01 19:17,DCM,30700.0
2026-08-01 19:17,F88,71800.0
2026-08-01 19:17,DPM,23550.0
2026-08-01 19:17,HUT,14800.0
2026-08-01 19:17,VBB,13150.0
2026-08-01 19:17,DGC,39100.0
2026-08-01 19:17,SJS,47150.0
2026-08-01 19:17,SHS,15200.0
2026-08-01 19:17,KDC,50100.0
2026-08-01 19:17,VSF,27600.0
2026-08-01 19:17,IDC,32600.0
2026-08-01 19:17,DXG,10300.0
2026-08-01 19:17,PHP,37400.0
2026-08-01 19:17,BAB,10500.0
2026-08-01 19:17,BMP,153300.0
2026-08-01 19:17,DHG,92600.0
2026-08-01 19:17,PDR,11450.0
2026-08-01 19:17,SIP,48100.0
2026-08-01 19:17,VHC,52600.0
2026-08-01 19:17,VCG,15500.0
2026-08-01 19:17,BAF,29700.0
2026-08-01 19:17,BWE,43350.0
2026-08-01 19:17,TCH,11400.0
2026-08-01 19:17,TAL,22250.0
2026-08-01 19:17,NLG,22200.0
2026-08-01 19:17,VSH,42550.0
2026-08-01 19:17,NTP,47900.0
2026-08-01 19:17,VTP,48000.0
2026-08-01 19:17,DSE,22200.0
2026-08-01 19:17,EVF,12200.0
2026-08-01 19:17,PVT,18300.0
2026-08-01 19:17,CTR,71900.0
2026-08-01 19:17,HPA,31900.0
2026-08-01 19:17,CII,13100.0
2026-08-01 19:17,PC1,21400.0
2026-08-01 19:17,AIG,52500.0
2026-08-01 19:17,ORS,13850.0
2026-08-01 19:17,HSG,10700.0
2026-08-01 19:17,HAH,45250.0
2026-08-01 19:17,KLB,11300.0
2026-08-01 19:17,SJG,18700.0
2026-08-01 19:17,VAB,10100.0
2026-08-01 19:17,FTS,21400.0
2026-08-01 19:17,DIG,10050.0
2026-08-01 19:17,DGW,36600.0
2026-08-01 19:17,PHR,56800.0
2026-08-01 19:17,KOS,35500.0
2026-08-01 19:17,VCF,289000.0
2026-08-01 19:17,BSI,27600.0
2026-08-01 19:17,DTK,10600.0
2026-08-01 19:17,TDM,59200.0
2026-08-01 19:17,DBC,16300.0
2026-08-01 19:17,CEO,11400.0
2026-08-01 19:17,BHN,29500.0
2026-08-01 19:17,HDG,16150.0
2026-08-01 19:17,CTD,61000.0
2026-08-01 19:17,MPC,14800.0
2026-08-01 19:17,TMS,36750.0
2026-08-01 19:17,NT2,21000.0
2026-08-01 19:17,VGR,94300.0
2026-08-01 19:17,CTS,21850.0
2026-08-01 19:17,PET,38000.0
2026-08-01 19:17,HHV,9960.0
2026-08-01 19:17,SCG,65300.0
2026-08-01 19:17,CMG,24300.0
2026-08-01 19:17,IMP,35100.0
2026-08-01 19:17,NKG,10950.0
2026-08-01 19:17,VIF,16000.0
2026-08-01 19:17,VGT,10800.0
2026-08-01 19:17,PAN,20800.0
2026-08-01 19:17,PDN,98200.0
2026-08-01 19:17,DHT,59000.0
2026-08-01 19:17,VCS,32600.0
2026-08-01 19:17,HNG,6800.0
2026-08-01 19:17,VSC,13800.0
2026-08-01 19:17,SAS,38500.0
2026-08-01 19:17,HNA,21700.0
2026-08-01 19:17,ACG,31950.0
2026-08-01 19:17,SBH,38500.0
2026-08-01 19:17,PGB,9600.0
2026-08-01 19:17,DBD,49500.0
2026-08-01 19:17,HT1,12200.0
2026-08-01 19:17,TLG,48100.0
2026-08-01 19:17,GEG,12100.0
2026-08-01 19:17,IJC,7180.0
2026-08-01 19:17,ANV,17050.0
2026-08-01 19:17,SCS,43400.0
2026-08-01 19:17,BIC,21250.0
2026-08-01 19:17,CHP,27100.0
2026-08-01 19:17,VVS,101000.0
2026-08-01 19:17,HHS,9520.0
2026-08-01 19:17,VNR,20000.0
2026-08-01 19:17,DNW,33000.0
2026-08-01 19:17,STG,38850.0
2026-08-01 19:17,TID,18500.0
2026-08-01 19:17,VC3,25500.0
2026-08-01 19:17,MIG,16700.0
2026-08-01 19:17,DHC,32900.0
2026-08-01 19:17,MSH,30400.0
2026-08-01 19:17,DXS,5750.0
2026-08-01 19:17,PTB,33500.0
2026-08-01 19:17,AST,64000.0
2026-08-01 19:17,DPG,27700.0
2026-08-01 19:17,VDS,11800.0
2026-08-01 19:17,CRE,7000.0
2026-08-01 19:17,SZC,17650.0
2026-08-01 19:17,TMP,46100.0
2026-08-01 19:17,IPA,15300.0
2026-08-01 19:17,SHP,30000.0
2026-08-01 19:17,TRA,37950.0
2026-08-01 19:17,PGS,56700.0
2026-08-01 19:17,TVS,13400.0
2026-08-01 19:17,DPR,36000.0
2026-08-01 19:17,AVC,41000.0
2026-08-01 19:17,NTC,127500.0
2026-08-01 19:17,LSG,33200.0
2026-08-01 19:17,DVP,75500.0
2026-08-01 19:17,AGR,12900.0
2026-08-01 19:17,DSC,10800.0
2026-08-01 19:17,DNP,21000.0
2026-08-01 19:17,NAF,48300.0
2026-08-01 19:17,BFC,51100.0
2026-08-01 19:17,PRE,27900.0
2026-08-01 19:17,MCM,26400.0
2026-08-01 19:17,BMS,13100.0
2026-08-01 19:17,PPC,8820.0
2026-08-01 19:17,AAA,7110.0
2026-08-01 19:17,DCL,38450.0
2026-08-01 19:17,QCG,9960.0
2026-08-01 19:17,PRT,8600.0
2026-08-01 19:17,HDC,11400.0
2026-08-01 19:17,TDP,28000.0
2026-08-01 19:17,CDN,25000.0
2026-08-01 19:17,ASM,5920.0
2026-08-01 19:17,SHI,14000.0
2026-08-01 19:17,SAM,5820.0
2026-08-01 19:17,CSV,21200.0
2026-08-01 19:17,PTI,19200.0
2026-08-01 19:17,PGI,21000.0
2026-08-01 19:17,TRC,73300.0
2026-08-01 19:17,BWS,32900.0
2026-08-01 19:17,PGD,21550.0
2026-08-01 19:17,TNG,17900.0
2026-08-01 19:17,FMC,33850.0
2026-08-01 19:17,VPD,20850.0
2026-08-01 19:17,BGE,3000.0
2026-08-01 19:17,NCT,83400.0
2026-08-01 19:17,KHG,4720.0
2026-08-01 19:17,VIT,26400.0
2026-08-01 19:17,C4G,5600.0
2026-08-01 19:17,TBC,31500.0
2026-08-01 19:17,BMI,13450.0
2026-08-01 19:17,SCR,4570.0
2026-08-01 19:17,HBC,4200.0
2026-08-01 19:17,CDC,18500.0
2026-08-01 19:17,DMC,56900.0
2026-08-01 19:17,TCM,16600.0
2026-08-01 19:17,VFG,46300.0
2026-08-01 19:17,AGG,11450.0
2026-08-01 19:17,BVS,25100.0
2026-08-01 19:17,ABI,18900.0
2026-08-01 19:17,RAL,79000.0
2026-08-01 19:17,FIC,14900.0
2026-08-01 19:17,TTA,10600.0
2026-08-01 19:17,SGN,55600.0
2026-08-01 19:17,PHS,9200.0
2026-08-01 19:17,PVP,17000.0
2026-08-01 19:17,NBB,17300.0
2026-08-01 19:17,TV2,25700.0
2026-08-01 19:17,AAS,7200.0
2026-08-01 19:17,FCN,10650.0
2026-08-01 19:17,CTF,18000.0
2026-08-01 19:17,APF,46300.0
2026-08-01 19:17,SVC,18000.0
2026-08-01 19:17,NTL,13700.0
2026-08-01 19:17,YEG,7410.0
2026-08-01 22:47,VIC,214100.0
2026-08-01 22:47,VHM,148100.0
2026-08-01 22:47,VCB,59300.0
2026-08-01 22:47,BID,38000.0
2026-08-01 22:47,CTG,30800.0
2026-08-01 22:47,TCB,28950.0
2026-08-01 22:47,VPB,24800.0
2026-08-01 22:47,MCH,141000.0
2026-08-01 22:47,HPG,21700.0
2026-08-01 22:47,MBB,22500.0
2026-08-01 22:47,GAS,68600.0
2026-08-01 22:47,LPB,51800.0
2026-08-01 22:47,VPL,79600.0
2026-08-01 22:47,ACV,39200.0
2026-08-01 22:47,STB,71300.0
2026-08-01 22:47,ACB,21900.0
2026-08-01 22:47,BSR,25350.0
2026-08-01 22:47,HDB,25200.0
2026-08-01 22:47,VNM,60900.0
2026-08-01 22:47,FPT,67100.0
2026-08-01 22:47,TCX,41000.0
2026-08-01 22:47,GVR,27500.0
2026-08-01 22:47,MWG,69900.0
2026-08-01 22:47,MSN,66100.0
2026-08-01 22:47,VJC,125000.0
2026-08-01 22:47,VCK,31000.0
2026-08-01 22:47,KSF,78500.0
2026-08-01 22:47,HVN,21500.0
2026-08-01 22:47,SSI,23550.0
2026-08-01 22:47,SHB,11500.0
2026-08-01 22:47,SAB,43550.0
2026-08-01 22:47,VRE,24800.0
2026-08-01 22:47,SSB,15550.0
2026-08-01 22:47,VIB,14500.0
2026-08-01 22:47,MSB,15950.0
2026-08-01 22:47,FOX,63400.0
2026-08-01 22:47,VPX,25400.0
2026-08-01 22:47,THD,119700.0
2026-08-01 22:47,VEA,34400.0
2026-08-01 22:47,BVH,60100.0
2026-08-01 22:47,PLX,33300.0
2026-08-01 22:47,GEE,66800.0
2026-08-01 22:47,POW,13600.0
2026-08-01 22:47,TPB,14100.0
2026-08-01 22:47,BCM,35700.0
2026-08-01 22:47,HCM,25000.0
2026-08-01 22:47,EIB,17800.0
2026-08-01 22:47,MSR,36800.0
2026-08-01 22:47,GMD,77000.0
2026-08-01 22:47,VIX,13000.0
2026-08-01 22:47,OCB,10150.0
2026-08-01 22:47,NVL,13000.0
2026-08-01 22:47,KSV,111800.0
2026-08-01 22:47,GEX,22500.0
2026-08-01 22:47,REE,46500.0
2026-08-01 22:47,NAB,12150.0
2026-08-01 22:47,KBC,27800.0
2026-08-01 22:47,VND,16600.0
2026-08-01 22:47,PGV,22750.0
2026-08-01 22:47,VCI,21300.0
2026-08-01 22:47,NVB,11400.0
2026-08-01 22:47,FRT,124400.0
2026-08-01 22:47,VPI,63900.0
2026-08-01 22:47,ABB,17400.0
2026-08-01 22:47,KDH,17450.0
2026-08-01 22:47,SBT,21250.0
2026-08-01 22:47,MBS,18000.0
2026-08-01 22:47,CRV,26700.0
2026-08-01 22:47,HAG,14000.0
2026-08-01 22:47,PVS,34100.0
2026-08-01 22:47,PVD,18150.0
2026-08-01 22:47,VGC,37850.0
2026-08-01 22:47,QNS,47200.0
2026-08-01 22:47,PVI,70800.0
2026-08-01 22:47,PNJ,31000.0
2026-08-01 22:47,DCM,30700.0
2026-08-01 22:47,F88,71800.0
2026-08-01 22:47,DPM,23550.0
2026-08-01 22:47,HUT,14800.0
2026-08-01 22:47,VBB,13150.0
2026-08-01 22:47,DGC,39100.0
2026-08-01 22:47,SJS,47150.0
2026-08-01 22:47,SHS,15200.0
2026-08-01 22:47,KDC,50100.0
2026-08-01 22:47,VSF,27600.0
2026-08-01 22:47,IDC,32600.0
2026-08-01 22:47,DXG,10300.0
2026-08-01 22:47,PHP,37400.0
2026-08-01 22:47,BAB,10500.0
2026-08-01 22:47,BMP,153300.0
2026-08-01 22:47,DHG,92600.0
2026-08-01 22:47,PDR,11450.0
2026-08-01 22:47,SIP,48100.0
2026-08-01 22:47,VHC,52600.0
2026-08-01 22:47,VCG,15500.0
2026-08-01 22:47,BAF,29700.0
2026-08-01 22:47,BWE,43350.0
2026-08-01 22:47,TCH,11400.0
2026-08-01 22:47,TAL,22250.0
2026-08-01 22:47,NLG,22200.0
2026-08-01 22:47,VSH,42550.0
2026-08-01 22:47,NTP,47900.0
2026-08-01 22:47,VTP,48000.0
2026-08-01 22:47,DSE,22200.0
2026-08-01 22:47,EVF,12200.0
2026-08-01 22:47,PVT,18300.0
2026-08-01 22:47,CTR,71900.0
2026-08-01 22:47,HPA,31900.0
2026-08-01 22:47,CII,13100.0
2026-08-01 22:47,PC1,21400.0
2026-08-01 22:47,AIG,52500.0
2026-08-01 22:47,ORS,13850.0
2026-08-01 22:47,HSG,10700.0
2026-08-01 22:47,HAH,45250.0
2026-08-01 22:47,KLB,11300.0
2026-08-01 22:47,SJG,18700.0
2026-08-01 22:47,VAB,10100.0
2026-08-01 22:47,FTS,21400.0
2026-08-01 22:47,DIG,10050.0
2026-08-01 22:47,DGW,36600.0
2026-08-01 22:47,PHR,56800.0
2026-08-01 22:47,KOS,35500.0
2026-08-01 22:47,VCF,289000.0
2026-08-01 22:47,BSI,27600.0
2026-08-01 22:47,DTK,10600.0
2026-08-01 22:47,TDM,59200.0
2026-08-01 22:47,DBC,16300.0
2026-08-01 22:47,CEO,11400.0
2026-08-01 22:47,BHN,29500.0
2026-08-01 22:47,HDG,16150.0
2026-08-01 22:47,CTD,61000.0
2026-08-01 22:47,MPC,14800.0
2026-08-01 22:47,TMS,36750.0
2026-08-01 22:47,NT2,21000.0
2026-08-01 22:47,VGR,94300.0
2026-08-01 22:47,CTS,21850.0
2026-08-01 22:47,PET,38000.0
2026-08-01 22:47,HHV,9960.0
2026-08-01 22:47,SCG,65300.0
2026-08-01 22:47,CMG,24300.0
2026-08-01 22:47,IMP,35100.0
2026-08-01 22:47,NKG,10950.0
2026-08-01 22:47,VIF,16000.0
2026-08-01 22:47,VGT,10800.0
2026-08-01 22:47,PAN,20800.0
2026-08-01 22:47,PDN,98200.0
2026-08-01 22:47,DHT,59000.0
2026-08-01 22:47,VCS,32600.0
2026-08-01 22:47,HNG,6800.0
2026-08-01 22:47,VSC,13800.0
2026-08-01 22:47,SAS,38500.0
2026-08-01 22:47,HNA,21700.0
2026-08-01 22:47,ACG,31950.0
2026-08-01 22:47,SBH,38500.0
2026-08-01 22:47,PGB,9600.0
2026-08-01 22:47,DBD,49500.0
2026-08-01 22:47,HT1,12200.0
2026-08-01 22:47,TLG,48100.0
2026-08-01 22:47,GEG,12100.0
2026-08-01 22:47,IJC,7180.0
2026-08-01 22:47,ANV,17050.0
2026-08-01 22:47,SCS,43400.0
2026-08-01 22:47,BIC,21250.0
2026-08-01 22:47,CHP,27100.0
2026-08-01 22:47,VVS,101000.0
2026-08-01 22:47,HHS,9520.0
2026-08-01 22:47,VNR,20000.0
2026-08-01 22:47,DNW,33000.0
2026-08-01 22:47,STG,38850.0
2026-08-01 22:47,TID,18500.0
2026-08-01 22:47,VC3,25500.0
2026-08-01 22:47,MIG,16700.0
2026-08-01 22:47,DHC,32900.0
2026-08-01 22:47,MSH,30400.0
2026-08-01 22:47,DXS,5750.0
2026-08-01 22:47,PTB,33500.0
2026-08-01 22:47,AST,64000.0
2026-08-01 22:47,DPG,27700.0
2026-08-01 22:47,VDS,11800.0
2026-08-01 22:47,CRE,7000.0
2026-08-01 22:47,SZC,17650.0
2026-08-01 22:47,TMP,46100.0
2026-08-01 22:47,IPA,15300.0
2026-08-01 22:47,SHP,30000.0
2026-08-01 22:47,TRA,37950.0
2026-08-01 22:47,PGS,56700.0
2026-08-01 22:47,TVS,13400.0
2026-08-01 22:47,DPR,36000.0
2026-08-01 22:47,AVC,41000.0
2026-08-01 22:47,NTC,127500.0
2026-08-01 22:47,LSG,33200.0
2026-08-01 22:47,DVP,75500.0
2026-08-01 22:47,AGR,12900.0
2026-08-01 22:47,DSC,10800.0
2026-08-01 22:47,DNP,21000.0
2026-08-01 22:47,NAF,48300.0
2026-08-01 22:47,BFC,51100.0
2026-08-01 22:47,PRE,27900.0
2026-08-01 22:47,MCM,26400.0
2026-08-01 22:47,BMS,13100.0
2026-08-01 22:47,PPC,8820.0
2026-08-01 22:47,AAA,7110.0
2026-08-01 22:47,DCL,38450.0
2026-08-01 22:47,QCG,9960.0
2026-08-01 22:47,PRT,8600.0
2026-08-01 22:47,HDC,11400.0
2026-08-01 22:47,TDP,28000.0
2026-08-01 22:47,CDN,25000.0
2026-08-01 22:47,ASM,5920.0
2026-08-01 22:47,SHI,14000.0
2026-08-01 22:47,SAM,5820.0
2026-08-01 22:47,CSV,21200.0
2026-08-01 22:47,PTI,19200.0
2026-08-01 22:47,PGI,21000.0
2026-08-01 22:47,TRC,73300.0
2026-08-01 22:47,BWS,32900.0
2026-08-01 22:47,PGD,21550.0
2026-08-01 22:47,TNG,17900.0
2026-08-01 22:47,FMC,33850.0
2026-08-01 22:47,VPD,20850.0
2026-08-01 22:47,BGE,3000.0
2026-08-01 22:47,NCT,83400.0
2026-08-01 22:47,KHG,4720.0
2026-08-01 22:47,VIT,26400.0
2026-08-01 22:47,C4G,5600.0
2026-08-01 22:47,TBC,31500.0
2026-08-01 22:47,BMI,13450.0
2026-08-01 22:47,SCR,4570.0
2026-08-01 22:47,HBC,4200.0
2026-08-01 22:47,CDC,18500.0
2026-08-01 22:47,DMC,56900.0
2026-08-01 22:47,TCM,16600.0
2026-08-01 22:47,VFG,46300.0
2026-08-01 22:47,AGG,11450.0
2026-08-01 22:47,BVS,25100.0
2026-08-01 22:47,ABI,18900.0
2026-08-01 22:47,RAL,79000.0
2026-08-01 22:47,FIC,14900.0
2026-08-01 22:47,TTA,10600.0
2026-08-01 22:47,SGN,55600.0
2026-08-01 22:47,PHS,9200.0
2026-08-01 22:47,PVP,17000.0
2026-08-01 22:47,NBB,17300.0
2026-08-01 22:47,TV2,25700.0
2026-08-01 22:47,AAS,7200.0
2026-08-01 22:47,FCN,10650.0
2026-08-01 22:47,CTF,18000.0
2026-08-01 22:47,APF,46300.0
2026-08-01 22:47,SVC,18000.0
2026-08-01 22:47,NTL,13700.0
2026-08-01 22:47,YEG,7410.0
2026-08-02 03:13,VIC,214100.0
2026-08-02 03:13,VHM,148100.0
2026-08-02 03:13,VCB,59300.0
2026-08-02 03:13,BID,38000.0
2026-08-02 03:13,CTG,30800.0
2026-08-02 03:13,TCB,28950.0
2026-08-02 03:13,VPB,24800.0
2026-08-02 03:13,MCH,141000.0
2026-08-02 03:13,HPG,21700.0
2026-08-02 03:13,MBB,22500.0
2026-08-02 03:13,GAS,68600.0
2026-08-02 03:13,LPB,51800.0
2026-08-02 03:13,VPL,79600.0
2026-08-02 03:13,ACV,39200.0
2026-08-02 03:13,STB,71300.0
2026-08-02 03:13,VNM,60900.0
2026-08-02 03:13,ACB,21900.0
2026-08-02 03:13,BSR,25350.0
2026-08-02 03:13,HDB,25200.0
2026-08-02 03:13,FPT,67100.0
2026-08-02 03:13,TCX,41000.0
2026-08-02 03:13,GVR,27500.0
2026-08-02 03:13,MWG,69900.0
2026-08-02 03:13,MSN,66100.0
2026-08-02 03:13,VJC,125000.0
2026-08-02 03:13,VCK,31000.0
2026-08-02 03:13,KSF,78500.0
2026-08-02 03:13,HVN,21500.0
2026-08-02 03:13,SSI,23550.0
2026-08-02 03:13,SHB,11500.0
2026-08-02 03:13,VRE,24800.0
2026-08-02 03:13,SAB,43550.0
2026-08-02 03:13,SSB,15550.0
2026-08-02 03:13,MSB,15950.0
2026-08-02 03:13,VIB,14500.0
2026-08-02 03:13,VPX,25400.0
2026-08-02 03:13,FOX,63400.0
2026-08-02 03:13,THD,119700.0
2026-08-02 03:13,VEA,34400.0
2026-08-02 03:13,BVH,60100.0
2026-08-02 03:13,GEE,66800.0
2026-08-02 03:13,PLX,33300.0
2026-08-02 03:13,POW,13600.0
2026-08-02 03:13,TPB,14100.0
2026-08-02 03:13,BCM,35700.0
2026-08-02 03:13,HCM,25000.0
2026-08-02 03:13,KSV,111800.0
2026-08-02 03:13,EIB,17800.0
2026-08-02 03:13,MSR,36800.0
2026-08-02 03:13,GMD,77000.0
2026-08-02 03:13,VIX,13000.0
2026-08-02 03:13,NVL,13000.0
2026-08-02 03:13,OCB,10150.0
2026-08-02 03:13,GEX,22500.0
2026-08-02 03:13,REE,46500.0
2026-08-02 03:13,NAB,12150.0
2026-08-02 03:13,KBC,27800.0
2026-08-02 03:13,PGV,22750.0
2026-08-02 03:13,VND,16600.0
2026-08-02 03:13,VCI,21300.0
2026-08-02 03:13,FRT,124400.0
2026-08-02 03:13,NVB,11400.0
2026-08-02 03:13,ABB,17400.0
2026-08-02 03:13,VPI,63900.0
2026-08-02 03:13,KDH,17450.0
2026-08-02 03:13,SBT,21250.0
2026-08-02 03:13,CRV,26700.0
2026-08-02 03:13,MBS,18000.0
2026-08-02 03:13,HAG,14000.0
2026-08-02 03:13,PVS,34100.0
2026-08-02 03:13,VGC,37850.0
2026-08-02 03:13,QNS,47200.0
2026-08-02 03:13,PVD,18150.0
2026-08-02 03:13,PVI,70800.0
2026-08-02 03:13,DCM,30700.0
2026-08-02 03:13,DPM,23550.0
2026-08-02 03:13,PNJ,31000.0
2026-08-02 03:13,F88,71800.0
2026-08-02 03:13,HUT,14800.0
2026-08-02 03:13,VBB,13150.0
2026-08-02 03:13,DGC,39100.0
2026-08-02 03:13,SJS,47150.0
2026-08-02 03:13,KDC,50100.0
2026-08-02 03:13,VSF,27600.0
2026-08-02 03:13,SHS,15200.0
2026-08-02 03:13,IDC,32600.0
2026-08-02 03:13,DXG,10300.0
2026-08-02 03:13,BMP,153300.0
2026-08-02 03:13,PHP,37400.0
2026-08-02 03:13,DHG,92600.0
2026-08-02 03:13,BAB,10500.0
2026-08-02 03:13,SIP,48100.0
2026-08-02 03:13,PDR,11450.0
2026-08-02 03:13,TAL,22250.0
2026-08-02 03:13,VHC,52600.0
2026-08-02 03:13,BWE,43350.0
2026-08-02 03:13,BAF,29700.0
2026-08-02 03:13,VCG,15500.0
2026-08-02 03:13,NLG,22200.0
2026-08-02 03:13,TCH,11400.0
2026-08-02 03:13,VSH,42550.0
2026-08-02 03:13,NTP,47900.0
2026-08-02 03:13,VTP,48000.0
2026-08-02 03:13,DSE,22200.0
2026-08-02 03:13,PVT,18300.0
2026-08-02 03:13,EVF,12200.0
2026-08-02 03:13,CTR,71900.0
2026-08-02 03:13,HPA,31900.0
2026-08-02 03:13,AIG,52500.0
2026-08-02 03:13,CII,13100.0
2026-08-02 03:13,PC1,21400.0
2026-08-02 03:13,ORS,13850.0
2026-08-02 03:13,HSG,10700.0
2026-08-02 03:13,HAH,45250.0
2026-08-02 03:13,KLB,11300.0
2026-08-02 03:13,SJG,18700.0
2026-08-02 03:13,VAB,10100.0
2026-08-02 03:13,FTS,21400.0
2026-08-02 03:13,DGW,36600.0
2026-08-02 03:13,DIG,10050.0
2026-08-02 03:13,PHR,56800.0
2026-08-02 03:13,KOS,35500.0
2026-08-02 03:13,VCF,289000.0
2026-08-02 03:13,BSI,27600.0
2026-08-02 03:13,DTK,10600.0
2026-08-02 03:13,TDM,59200.0
2026-08-02 03:13,DBC,16300.0
2026-08-02 03:13,BHN,29500.0
2026-08-02 03:13,CTD,61000.0
2026-08-02 03:13,CEO,11400.0
2026-08-02 03:13,HDG,16150.0
2026-08-02 03:13,TMS,36750.0
2026-08-02 03:13,NT2,21000.0
2026-08-02 03:13,VGR,94300.0
2026-08-02 03:13,CTS,21850.0
2026-08-02 03:13,MPC,14800.0
2026-08-02 03:13,PET,38000.0
2026-08-02 03:13,HHV,9960.0
2026-08-02 03:13,CMG,24300.0
2026-08-02 03:13,VIF,16000.0
2026-08-02 03:13,SCG,65300.0
2026-08-02 03:13,PDN,98200.0
2026-08-02 03:13,IMP,35100.0
2026-08-02 03:13,VGT,10800.0
2026-08-02 03:13,NKG,10950.0
2026-08-02 03:13,DHT,59000.0
2026-08-02 03:13,VCS,32600.0
2026-08-02 03:13,PAN,20800.0
2026-08-02 03:13,HNG,6800.0
2026-08-02 03:13,VSC,13800.0
2026-08-02 03:13,SAS,38500.0
2026-08-02 03:13,HNA,21700.0
2026-08-02 03:13,ACG,31950.0
2026-08-02 03:13,SBH,38500.0
2026-08-02 03:13,PGB,9600.0
2026-08-02 03:13,DBD,49500.0
2026-08-02 03:13,HT1,12200.0
2026-08-02 03:13,TLG,48100.0
2026-08-02 03:13,GEG,12100.0
2026-08-02 03:13,IJC,7180.0
2026-08-02 03:13,SCS,43400.0
2026-08-02 03:13,VVS,101000.0
2026-08-02 03:13,ANV,17050.0
2026-08-02 03:13,BIC,21250.0
2026-08-02 03:13,CHP,27100.0
2026-08-02 03:13,HHS,9520.0
2026-08-02 03:13,VNR,20000.0
2026-08-02 03:13,DNW,33000.0
2026-08-02 03:13,STG,38850.0
2026-08-02 03:13,TID,18500.0
2026-08-02 03:13,MIG,16700.0
2026-08-02 03:13,VC3,25500.0
2026-08-02 03:13,DHC,32900.0
2026-08-02 03:13,AST,64000.0
2026-08-02 03:13,MSH,30400.0
2026-08-02 03:13,PTB,33500.0
2026-08-02 03:13,DXS,5750.0
2026-08-02 03:13,DPG,27700.0
2026-08-02 03:13,IPA,15300.0
2026-08-02 03:13,TMP,46100.0
2026-08-02 03:13,CRE,7000.0
2026-08-02 03:13,VDS,11800.0
2026-08-02 03:13,SZC,17650.0
2026-08-02 03:13,TRA,37950.0
2026-08-02 03:13,DPR,36000.0
2026-08-02 03:13,AVC,41000.0
2026-08-02 03:13,TVS,13400.0
2026-08-02 03:13,NTC,127500.0
2026-08-02 03:13,SHP,30000.0
2026-08-02 03:13,DVP,75500.0
2026-08-02 03:13,DSC,10800.0
2026-08-02 03:13,LSG,33200.0
2026-08-02 03:13,DNP,21000.0
2026-08-02 03:13,NAF,48300.0
2026-08-02 03:13,AGR,12900.0
2026-08-02 03:13,BFC,51100.0
2026-08-02 03:13,PRE,27900.0
2026-08-02 03:13,MCM,26400.0
2026-08-02 03:13,PGS,56700.0
2026-08-02 03:13,PPC,8820.0
2026-08-02 03:13,BMS,13100.0
2026-08-02 03:13,DCL,38450.0
2026-08-02 03:13,AAA,7110.0
2026-08-02 03:13,QCG,9960.0
2026-08-02 03:13,TDP,28000.0
2026-08-02 03:13,HDC,11400.0
2026-08-02 03:13,PRT,8600.0
2026-08-02 03:13,CDN,25000.0
2026-08-02 03:13,ASM,5920.0
2026-08-02 03:13,SHI,14000.0
2026-08-02 03:13,SAM,5820.0
2026-08-02 03:13,CSV,21200.0
2026-08-02 03:13,PGI,21000.0
2026-08-02 03:13,PTI,19200.0
2026-08-02 03:13,TNG,17900.0
2026-08-02 03:13,BWS,32900.0
2026-08-02 03:13,VPD,20850.0
2026-08-02 03:13,FMC,33850.0
2026-08-02 03:13,TRC,73300.0
2026-08-02 03:13,BGE,3000.0
2026-08-02 03:13,NCT,83400.0
2026-08-02 03:13,PGD,21550.0
2026-08-02 03:13,KHG,4720.0
2026-08-02 03:13,VIT,26400.0
2026-08-02 03:13,BMI,13450.0
2026-08-02 03:13,C4G,5600.0
2026-08-02 03:13,TBC,31500.0
2026-08-02 03:13,HBC,4200.0
2026-08-02 03:13,DMC,56900.0
2026-08-02 03:13,SCR,4570.0
2026-08-02 03:13,TCM,16600.0
2026-08-02 03:13,CDC,18500.0
2026-08-02 03:13,VFG,46300.0
2026-08-02 03:13,ABI,18900.0
2026-08-02 03:13,TTA,10600.0
2026-08-02 03:13,FIC,14900.0
2026-08-02 03:13,SGN,55600.0
2026-08-02 03:13,AGG,11450.0
2026-08-02 03:13,RAL,79000.0
2026-08-02 03:13,PHS,9200.0
2026-08-02 03:13,BVS,25100.0
2026-08-02 03:13,PVP,17000.0
2026-08-02 03:13,NBB,17300.0
2026-08-02 03:13,TV2,25700.0
2026-08-02 03:13,CTF,18000.0
2026-08-02 03:13,SVC,18000.0
2026-08-02 03:13,FCN,10650.0
2026-08-02 03:13,NTL,13700.0
2026-08-02 03:13,APF,46300.0
2026-08-02 03:13,AAS,7200.0
2026-08-02 03:13,YEG,7410.0
2026-08-02 06:47,VIC,214100.0
2026-08-02 06:47,VHM,148100.0
2026-08-02 06:47,VCB,59300.0
2026-08-02 06:47,BID,38000.0
2026-08-02 06:47,CTG,30800.0
2026-08-02 06:47,TCB,28950.0
2026-08-02 06:47,VPB,24800.0
2026-08-02 06:47,MCH,141000.0
2026-08-02 06:47,HPG,21700.0
2026-08-02 06:47,MBB,22500.0
2026-08-02 06:47,GAS,68600.0
2026-08-02 06:47,LPB,51800.0
2026-08-02 06:47,VPL,79600.0
2026-08-02 06:47,ACV,39200.0
2026-08-02 06:47,STB,71300.0
2026-08-02 06:47,VNM,60900.0
2026-08-02 06:47,ACB,21900.0
2026-08-02 06:47,BSR,25350.0
2026-08-02 06:47,HDB,25200.0
2026-08-02 06:47,FPT,67100.0
2026-08-02 06:47,TCX,41000.0
2026-08-02 06:47,GVR,27500.0
2026-08-02 06:47,MWG,69900.0
2026-08-02 06:47,MSN,66100.0
2026-08-02 06:47,VJC,125000.0
2026-08-02 06:47,VCK,31000.0
2026-08-02 06:47,KSF,78500.0
2026-08-02 06:47,HVN,21500.0
2026-08-02 06:47,SSI,23550.0
2026-08-02 06:47,SHB,11500.0
2026-08-02 06:47,VRE,24800.0
2026-08-02 06:47,SAB,43550.0
2026-08-02 06:47,SSB,15550.0
2026-08-02 06:47,MSB,15950.0
2026-08-02 06:47,VIB,14500.0
2026-08-02 06:47,VPX,25400.0
2026-08-02 06:47,FOX,63400.0
2026-08-02 06:47,THD,119700.0
2026-08-02 06:47,VEA,34400.0
2026-08-02 06:47,BVH,60100.0
2026-08-02 06:47,GEE,66800.0
2026-08-02 06:47,PLX,33300.0
2026-08-02 06:47,POW,13600.0
2026-08-02 06:47,TPB,14100.0
2026-08-02 06:47,BCM,35700.0
2026-08-02 06:47,HCM,25000.0
2026-08-02 06:47,KSV,111800.0
2026-08-02 06:47,EIB,17800.0
2026-08-02 06:47,MSR,36800.0
2026-08-02 06:47,GMD,77000.0
2026-08-02 06:47,VIX,13000.0
2026-08-02 06:47,NVL,13000.0
2026-08-02 06:47,OCB,10150.0
2026-08-02 06:47,GEX,22500.0
2026-08-02 06:47,REE,46500.0
2026-08-02 06:47,NAB,12150.0
2026-08-02 06:47,KBC,27800.0
2026-08-02 06:47,PGV,22750.0
2026-08-02 06:47,VND,16600.0
2026-08-02 06:47,VCI,21300.0
2026-08-02 06:47,FRT,124400.0
2026-08-02 06:47,NVB,11400.0
2026-08-02 06:47,ABB,17400.0
2026-08-02 06:47,VPI,63900.0
2026-08-02 06:47,KDH,17450.0
2026-08-02 06:47,SBT,21250.0
2026-08-02 06:47,CRV,26700.0
2026-08-02 06:47,MBS,18000.0
2026-08-02 06:47,HAG,14000.0
2026-08-02 06:47,PVS,34100.0
2026-08-02 06:47,VGC,37850.0
2026-08-02 06:47,QNS,47200.0
2026-08-02 06:47,PVD,18150.0
2026-08-02 06:47,PVI,70800.0
2026-08-02 06:47,DCM,30700.0
2026-08-02 06:47,DPM,23550.0
2026-08-02 06:47,PNJ,31000.0
2026-08-02 06:47,F88,71800.0
2026-08-02 06:47,HUT,14800.0
2026-08-02 06:47,VBB,13150.0
2026-08-02 06:47,DGC,39100.0
2026-08-02 06:47,SJS,47150.0
2026-08-02 06:47,KDC,50100.0
2026-08-02 06:47,VSF,27600.0
2026-08-02 06:47,SHS,15200.0
2026-08-02 06:47,IDC,32600.0
2026-08-02 06:47,DXG,10300.0
2026-08-02 06:47,BMP,153300.0
2026-08-02 06:47,PHP,37400.0
2026-08-02 06:47,DHG,92600.0
2026-08-02 06:47,BAB,10500.0
2026-08-02 06:47,SIP,48100.0
2026-08-02 06:47,PDR,11450.0
2026-08-02 06:47,TAL,22250.0
2026-08-02 06:47,VHC,52600.0
2026-08-02 06:47,BWE,43350.0
2026-08-02 06:47,BAF,29700.0
2026-08-02 06:47,VCG,15500.0
2026-08-02 06:47,NLG,22200.0
2026-08-02 06:47,TCH,11400.0
2026-08-02 06:47,VSH,42550.0
2026-08-02 06:47,NTP,47900.0
2026-08-02 06:47,VTP,48000.0
2026-08-02 06:47,DSE,22200.0
2026-08-02 06:47,PVT,18300.0
2026-08-02 06:47,EVF,12200.0
2026-08-02 06:47,CTR,71900.0
2026-08-02 06:47,HPA,31900.0
2026-08-02 06:47,AIG,52500.0
2026-08-02 06:47,CII,13100.0
2026-08-02 06:47,PC1,21400.0
2026-08-02 06:47,ORS,13850.0
2026-08-02 06:47,HSG,10700.0
2026-08-02 06:47,HAH,45250.0
2026-08-02 06:47,KLB,11300.0
2026-08-02 06:47,SJG,18700.0
2026-08-02 06:47,VAB,10100.0
2026-08-02 06:47,FTS,21400.0
2026-08-02 06:47,DGW,36600.0
2026-08-02 06:47,DIG,10050.0
2026-08-02 06:47,PHR,56800.0
2026-08-02 06:47,KOS,35500.0
2026-08-02 06:47,VCF,289000.0
2026-08-02 06:47,BSI,27600.0
2026-08-02 06:47,DTK,10600.0
2026-08-02 06:47,TDM,59200.0
2026-08-02 06:47,DBC,16300.0
2026-08-02 06:47,BHN,29500.0
2026-08-02 06:47,CTD,61000.0
2026-08-02 06:47,CEO,11400.0
2026-08-02 06:47,HDG,16150.0
2026-08-02 06:47,TMS,36750.0
2026-08-02 06:47,NT2,21000.0
2026-08-02 06:47,VGR,94300.0
2026-08-02 06:47,CTS,21850.0
2026-08-02 06:47,MPC,14800.0
2026-08-02 06:47,PET,38000.0
2026-08-02 06:47,HHV,9960.0
2026-08-02 06:47,CMG,24300.0
2026-08-02 06:47,VIF,16000.0
2026-08-02 06:47,SCG,65300.0
2026-08-02 06:47,PDN,98200.0
2026-08-02 06:47,IMP,35100.0
2026-08-02 06:47,VGT,10800.0
2026-08-02 06:47,NKG,10950.0
2026-08-02 06:47,DHT,59000.0
2026-08-02 06:47,VCS,32600.0
2026-08-02 06:47,PAN,20800.0
2026-08-02 06:47,HNG,6800.0
2026-08-02 06:47,VSC,13800.0
2026-08-02 06:47,SAS,38500.0
2026-08-02 06:47,HNA,21700.0
2026-08-02 06:47,ACG,31950.0
2026-08-02 06:47,SBH,38500.0
2026-08-02 06:47,PGB,9600.0
2026-08-02 06:47,DBD,49500.0
2026-08-02 06:47,HT1,12200.0
2026-08-02 06:47,TLG,48100.0
2026-08-02 06:47,GEG,12100.0
2026-08-02 06:47,IJC,7180.0
2026-08-02 06:47,SCS,43400.0
2026-08-02 06:47,VVS,101000.0
2026-08-02 06:47,ANV,17050.0
2026-08-02 06:47,BIC,21250.0
2026-08-02 06:47,CHP,27100.0
2026-08-02 06:47,HHS,9520.0
2026-08-02 06:47,VNR,20000.0
2026-08-02 06:47,DNW,33000.0
2026-08-02 06:47,STG,38850.0
2026-08-02 06:47,TID,18500.0
2026-08-02 06:47,MIG,16700.0
2026-08-02 06:47,VC3,25500.0
2026-08-02 06:47,DHC,32900.0
2026-08-02 06:47,AST,64000.0
2026-08-02 06:47,MSH,30400.0
2026-08-02 06:47,PTB,33500.0
2026-08-02 06:47,DXS,5750.0
2026-08-02 06:47,DPG,27700.0
2026-08-02 06:47,IPA,15300.0
2026-08-02 06:47,TMP,46100.0
2026-08-02 06:47,CRE,7000.0
2026-08-02 06:47,VDS,11800.0
2026-08-02 06:47,SZC,17650.0
2026-08-02 06:47,TRA,37950.0
2026-08-02 06:47,DPR,36000.0
2026-08-02 06:47,AVC,41000.0
2026-08-02 06:47,TVS,13400.0
2026-08-02 06:47,NTC,127500.0
2026-08-02 06:47,SHP,30000.0
2026-08-02 06:47,DVP,75500.0
2026-08-02 06:47,DSC,10800.0
2026-08-02 06:47,LSG,33200.0
2026-08-02 06:47,DNP,21000.0
2026-08-02 06:47,NAF,48300.0
2026-08-02 06:47,AGR,12900.0
2026-08-02 06:47,BFC,51100.0
2026-08-02 06:47,PRE,27900.0
2026-08-02 06:47,MCM,26400.0
2026-08-02 06:47,PGS,56700.0
2026-08-02 06:47,PPC,8820.0
2026-08-02 06:47,BMS,13100.0
2026-08-02 06:47,DCL,38450.0
2026-08-02 06:47,AAA,7110.0
2026-08-02 06:47,QCG,9960.0
2026-08-02 06:47,TDP,28000.0
2026-08-02 06:47,HDC,11400.0
2026-08-02 06:47,PRT,8600.0
2026-08-02 06:47,CDN,25000.0
2026-08-02 06:47,ASM,5920.0
2026-08-02 06:47,SHI,14000.0
2026-08-02 06:47,SAM,5820.0
2026-08-02 06:47,CSV,21200.0
2026-08-02 06:47,PGI,21000.0
2026-08-02 06:47,PTI,19200.0
2026-08-02 06:47,TNG,17900.0
2026-08-02 06:47,BWS,32900.0
2026-08-02 06:47,VPD,20850.0
2026-08-02 06:47,FMC,33850.0
2026-08-02 06:47,TRC,73300.0
2026-08-02 06:47,BGE,3000.0
2026-08-02 06:47,NCT,83400.0
2026-08-02 06:47,PGD,21550.0
2026-08-02 06:47,KHG,4720.0
2026-08-02 06:47,VIT,26400.0
2026-08-02 06:47,BMI,13450.0
2026-08-02 06:47,C4G,5600.0
2026-08-02 06:47,TBC,31500.0
2026-08-02 06:47,HBC,4200.0
2026-08-02 06:47,DMC,56900.0
2026-08-02 06:47,SCR,4570.0
2026-08-02 06:47,TCM,16600.0
2026-08-02 06:47,CDC,18500.0
2026-08-02 06:47,VFG,46300.0
2026-08-02 06:47,ABI,18900.0
2026-08-02 06:47,TTA,10600.0
2026-08-02 06:47,FIC,14900.0
2026-08-02 06:47,SGN,55600.0
2026-08-02 06:47,AGG,11450.0
2026-08-02 06:47,RAL,79000.0
2026-08-02 06:47,PHS,9200.0
2026-08-02 06:47,BVS,25100.0
2026-08-02 06:47,PVP,17000.0
2026-08-02 06:47,NBB,17300.0
2026-08-02 06:47,TV2,25700.0
2026-08-02 06:47,CTF,18000.0
2026-08-02 06:47,SVC,18000.0
2026-08-02 06:47,FCN,10650.0
2026-08-02 06:47,NTL,13700.0
2026-08-02 06:47,APF,46300.0
2026-08-02 06:47,AAS,7200.0
2026-08-02 06:47,YEG,7410.0
2026-08-02 14:55,VIC,214100.0
2026-08-02 14:55,VHM,148100.0
2026-08-02 14:55,VCB,59300.0
2026-08-02 14:55,BID,38000.0
2026-08-02 14:55,CTG,30800.0
2026-08-02 14:55,TCB,28950.0
2026-08-02 14:55,VPB,24800.0
2026-08-02 14:55,MCH,141000.0
2026-08-02 14:55,HPG,21700.0
2026-08-02 14:55,MBB,22500.0
2026-08-02 14:55,GAS,68600.0
2026-08-02 14:55,LPB,51800.0
2026-08-02 14:55,VPL,79600.0
2026-08-02 14:55,ACV,39200.0
2026-08-02 14:55,STB,71300.0
2026-08-02 14:55,VNM,60900.0
2026-08-02 14:55,ACB,21900.0
2026-08-02 14:55,BSR,25350.0
2026-08-02 14:55,HDB,25200.0
2026-08-02 14:55,FPT,67100.0
2026-08-02 14:55,TCX,41000.0
2026-08-02 14:55,GVR,27500.0
2026-08-02 14:55,MWG,69900.0
2026-08-02 14:55,MSN,66100.0
2026-08-02 14:55,VJC,125000.0
2026-08-02 14:55,VCK,31000.0
2026-08-02 14:55,KSF,78500.0
2026-08-02 14:55,HVN,21500.0
2026-08-02 14:55,SSI,23550.0
2026-08-02 14:55,SHB,11500.0
2026-08-02 14:55,VRE,24800.0
2026-08-02 14:55,SAB,43550.0
2026-08-02 14:55,SSB,15550.0
2026-08-02 14:55,MSB,15950.0
2026-08-02 14:55,VIB,14500.0
2026-08-02 14:55,VPX,25400.0
2026-08-02 14:55,FOX,63400.0
2026-08-02 14:55,THD,119700.0
2026-08-02 14:55,VEA,34400.0
2026-08-02 14:55,BVH,60100.0
2026-08-02 14:55,GEE,66800.0
2026-08-02 14:55,PLX,33300.0
2026-08-02 14:55,POW,13600.0
2026-08-02 14:55,TPB,14100.0
2026-08-02 14:55,BCM,35700.0
2026-08-02 14:55,HCM,25000.0
2026-08-02 14:55,KSV,111800.0
2026-08-02 14:55,EIB,17800.0
2026-08-02 14:55,MSR,36800.0
2026-08-02 14:55,GMD,77000.0
2026-08-02 14:55,VIX,13000.0
2026-08-02 14:55,NVL,13000.0
2026-08-02 14:55,OCB,10150.0
2026-08-02 14:55,GEX,22500.0
2026-08-02 14:55,REE,46500.0
2026-08-02 14:55,NAB,12150.0
2026-08-02 14:55,KBC,27800.0
2026-08-02 14:55,PGV,22750.0
2026-08-02 14:55,VND,16600.0
2026-08-02 14:55,VCI,21300.0
2026-08-02 14:55,FRT,124400.0
2026-08-02 14:55,NVB,11400.0
2026-08-02 14:55,ABB,17400.0
2026-08-02 14:55,VPI,63900.0
2026-08-02 14:55,KDH,17450.0
2026-08-02 14:55,SBT,21250.0
2026-08-02 14:55,CRV,26700.0
2026-08-02 14:55,MBS,18000.0
2026-08-02 14:55,HAG,14000.0
2026-08-02 14:55,PVS,34100.0
2026-08-02 14:55,VGC,37850.0
2026-08-02 14:55,QNS,47200.0
2026-08-02 14:55,PVD,18150.0
2026-08-02 14:55,PVI,70800.0
2026-08-02 14:55,DCM,30700.0
2026-08-02 14:55,DPM,23550.0
2026-08-02 14:55,PNJ,31000.0
2026-08-02 14:55,F88,71800.0
2026-08-02 14:55,HUT,14800.0
2026-08-02 14:55,VBB,13150.0
2026-08-02 14:55,DGC,39100.0
2026-08-02 14:55,SJS,47150.0
2026-08-02 14:55,KDC,50100.0
2026-08-02 14:55,VSF,27600.0
2026-08-02 14:55,SHS,15200.0
2026-08-02 14:55,IDC,32600.0
2026-08-02 14:55,DXG,10300.0
2026-08-02 14:55,BMP,153300.0
2026-08-02 14:55,PHP,37400.0
2026-08-02 14:55,DHG,92600.0
2026-08-02 14:55,BAB,10500.0
2026-08-02 14:55,SIP,48100.0
2026-08-02 14:55,PDR,11450.0
2026-08-02 14:55,TAL,22250.0
2026-08-02 14:55,VHC,52600.0
2026-08-02 14:55,BWE,43350.0
2026-08-02 14:55,BAF,29700.0
2026-08-02 14:55,VCG,15500.0
2026-08-02 14:55,NLG,22200.0
2026-08-02 14:55,TCH,11400.0
2026-08-02 14:55,VSH,42550.0
2026-08-02 14:55,NTP,47900.0
2026-08-02 14:55,VTP,48000.0
2026-08-02 14:55,DSE,22200.0
2026-08-02 14:55,PVT,18300.0
2026-08-02 14:55,EVF,12200.0
2026-08-02 14:55,CTR,71900.0
2026-08-02 14:55,HPA,31900.0
2026-08-02 14:55,AIG,52500.0
2026-08-02 14:55,CII,13100.0
2026-08-02 14:55,PC1,21400.0
2026-08-02 14:55,ORS,13850.0
2026-08-02 14:55,HSG,10700.0
2026-08-02 14:55,HAH,45250.0
2026-08-02 14:55,KLB,11300.0
2026-08-02 14:55,SJG,18700.0
2026-08-02 14:55,VAB,10100.0
2026-08-02 14:55,FTS,21400.0
2026-08-02 14:55,DGW,36600.0
2026-08-02 14:55,DIG,10050.0
2026-08-02 14:55,PHR,56800.0
2026-08-02 14:55,KOS,35500.0
2026-08-02 14:55,VCF,289000.0
2026-08-02 14:55,BSI,27600.0
2026-08-02 14:55,DTK,10600.0
2026-08-02 14:55,TDM,59200.0
2026-08-02 14:55,DBC,16300.0
2026-08-02 14:55,BHN,29500.0
2026-08-02 14:55,CTD,61000.0
2026-08-02 14:55,CEO,11400.0
2026-08-02 14:55,HDG,16150.0
2026-08-02 14:55,TMS,36750.0
2026-08-02 14:55,NT2,21000.0
2026-08-02 14:55,VGR,94300.0
2026-08-02 14:55,CTS,21850.0
2026-08-02 14:55,MPC,14800.0
2026-08-02 14:55,PET,38000.0
2026-08-02 14:55,HHV,9960.0
2026-08-02 14:55,CMG,24300.0
2026-08-02 14:55,VIF,16000.0
2026-08-02 14:55,SCG,65300.0
2026-08-02 14:55,PDN,98200.0
2026-08-02 14:55,IMP,35100.0
2026-08-02 14:55,VGT,10800.0
2026-08-02 14:55,NKG,10950.0
2026-08-02 14:55,DHT,59000.0
2026-08-02 14:55,VCS,32600.0
2026-08-02 14:55,PAN,20800.0
2026-08-02 14:55,HNG,6800.0
2026-08-02 14:55,VSC,13800.0
2026-08-02 14:55,SAS,38500.0
2026-08-02 14:55,HNA,21700.0
2026-08-02 14:55,ACG,31950.0
2026-08-02 14:55,SBH,38500.0
2026-08-02 14:55,PGB,9600.0
2026-08-02 14:55,DBD,49500.0
2026-08-02 14:55,HT1,12200.0
2026-08-02 14:55,TLG,48100.0
2026-08-02 14:55,GEG,12100.0
2026-08-02 14:55,IJC,7180.0
2026-08-02 14:55,SCS,43400.0
2026-08-02 14:55,VVS,101000.0
2026-08-02 14:55,ANV,17050.0
2026-08-02 14:55,BIC,21250.0
2026-08-02 14:55,CHP,27100.0
2026-08-02 14:55,HHS,9520.0
2026-08-02 14:55,VNR,20000.0
2026-08-02 14:55,DNW,33000.0
2026-08-02 14:55,STG,38850.0
2026-08-02 14:55,TID,18500.0
2026-08-02 14:55,MIG,16700.0
2026-08-02 14:55,VC3,25500.0
2026-08-02 14:55,DHC,32900.0
2026-08-02 14:55,AST,64000.0
2026-08-02 14:55,MSH,30400.0
2026-08-02 14:55,PTB,33500.0
2026-08-02 14:55,DXS,5750.0
2026-08-02 14:55,DPG,27700.0
2026-08-02 14:55,IPA,15300.0
2026-08-02 14:55,TMP,46100.0
2026-08-02 14:55,CRE,7000.0
2026-08-02 14:55,VDS,11800.0
2026-08-02 14:55,SZC,17650.0
2026-08-02 14:55,TRA,37950.0
2026-08-02 14:55,DPR,36000.0
2026-08-02 14:55,AVC,41000.0
2026-08-02 14:55,TVS,13400.0
2026-08-02 14:55,NTC,127500.0
2026-08-02 14:55,SHP,30000.0
2026-08-02 14:55,DVP,75500.0
2026-08-02 14:55,DSC,10800.0
2026-08-02 14:55,LSG,33200.0
2026-08-02 14:55,DNP,21000.0
2026-08-02 14:55,NAF,48300.0
2026-08-02 14:55,AGR,12900.0
2026-08-02 14:55,BFC,51100.0
2026-08-02 14:55,PRE,27900.0
2026-08-02 14:55,MCM,26400.0
2026-08-02 14:55,PGS,56700.0
2026-08-02 14:55,PPC,8820.0
2026-08-02 14:55,BMS,13100.0
2026-08-02 14:55,DCL,38450.0
2026-08-02 14:55,AAA,7110.0
2026-08-02 14:55,QCG,9960.0
2026-08-02 14:55,TDP,28000.0
2026-08-02 14:55,HDC,11400.0
2026-08-02 14:55,PRT,8600.0
2026-08-02 14:55,CDN,25000.0
2026-08-02 14:55,ASM,5920.0
2026-08-02 14:55,SHI,14000.0
2026-08-02 14:55,SAM,5820.0
2026-08-02 14:55,CSV,21200.0
2026-08-02 14:55,PGI,21000.0
2026-08-02 14:55,PTI,19200.0
2026-08-02 14:55,TNG,17900.0
2026-08-02 14:55,BWS,32900.0
2026-08-02 14:55,VPD,20850.0
2026-08-02 14:55,FMC,33850.0
2026-08-02 14:55,TRC,73300.0
2026-08-02 14:55,BGE,3000.0
2026-08-02 14:55,NCT,83400.0
2026-08-02 14:55,PGD,21550.0
2026-08-02 14:55,KHG,4720.0
2026-08-02 14:55,VIT,26400.0
2026-08-02 14:55,BMI,13450.0
2026-08-02 14:55,C4G,5600.0
2026-08-02 14:55,TBC,31500.0
2026-08-02 14:55,HBC,4200.0
2026-08-02 14:55,DMC,56900.0
2026-08-02 14:55,SCR,4570.0
2026-08-02 14:55,TCM,16600.0
2026-08-02 14:55,CDC,18500.0
2026-08-02 14:55,VFG,46300.0
2026-08-02 14:55,ABI,18900.0
2026-08-02 14:55,TTA,10600.0
2026-08-02 14:55,FIC,14900.0
2026-08-02 14:55,SGN,55600.0
2026-08-02 14:55,AGG,11450.0
2026-08-02 14:55,RAL,79000.0
2026-08-02 14:55,PHS,9200.0
2026-08-02 14:55,BVS,25100.0
2026-08-02 14:55,PVP,17000.0
2026-08-02 14:55,NBB,17300.0
2026-08-02 14:55,TV2,25700.0
2026-08-02 14:55,CTF,18000.0
2026-08-02 14:55,SVC,18000.0
2026-08-02 14:55,FCN,10650.0
2026-08-02 14:55,NTL,13700.0
2026-08-02 14:55,APF,46300.0
2026-08-02 14:55,AAS,7200.0
2026-08-02 14:55,YEG,7410.0
2026-08-02 18:46,VIC,214100.0
2026-08-02 18:46,VHM,148100.0
2026-08-02 18:46,VCB,59300.0
2026-08-02 18:46,BID,38000.0
2026-08-02 18:46,CTG,30800.0
2026-08-02 18:46,TCB,28950.0
2026-08-02 18:46,VPB,24800.0
2026-08-02 18:46,MCH,141000.0
2026-08-02 18:46,HPG,21700.0
2026-08-02 18:46,MBB,22500.0
2026-08-02 18:46,GAS,68600.0
2026-08-02 18:46,LPB,51800.0
2026-08-02 18:46,VPL,79600.0
2026-08-02 18:46,ACV,39200.0
2026-08-02 18:46,STB,71300.0
2026-08-02 18:46,VNM,60900.0
2026-08-02 18:46,ACB,21900.0
2026-08-02 18:46,BSR,25350.0
2026-08-02 18:46,HDB,25200.0
2026-08-02 18:46,FPT,67100.0
2026-08-02 18:46,TCX,41000.0
2026-08-02 18:46,GVR,27500.0
2026-08-02 18:46,MWG,69900.0
2026-08-02 18:46,MSN,66100.0
2026-08-02 18:46,VJC,125000.0
2026-08-02 18:46,VCK,31000.0
2026-08-02 18:46,KSF,78500.0
2026-08-02 18:46,HVN,21500.0
2026-08-02 18:46,SSI,23550.0
2026-08-02 18:46,SHB,11500.0
2026-08-02 18:46,VRE,24800.0
2026-08-02 18:46,SAB,43550.0
2026-08-02 18:46,SSB,15550.0
2026-08-02 18:46,MSB,15950.0
2026-08-02 18:46,VIB,14500.0
2026-08-02 18:46,VPX,25400.0
2026-08-02 18:46,FOX,63400.0
2026-08-02 18:46,THD,119700.0
2026-08-02 18:46,VEA,34400.0
2026-08-02 18:46,BVH,60100.0
2026-08-02 18:46,GEE,66800.0
2026-08-02 18:46,PLX,33300.0
2026-08-02 18:46,POW,13600.0
2026-08-02 18:46,TPB,14100.0
2026-08-02 18:46,BCM,35700.0
2026-08-02 18:46,HCM,25000.0
2026-08-02 18:46,KSV,111800.0
2026-08-02 18:46,EIB,17800.0
2026-08-02 18:46,MSR,36800.0
2026-08-02 18:46,GMD,77000.0
2026-08-02 18:46,VIX,13000.0
2026-08-02 18:46,NVL,13000.0
2026-08-02 18:46,OCB,10150.0
2026-08-02 18:46,GEX,22500.0
2026-08-02 18:46,REE,46500.0
2026-08-02 18:46,NAB,12150.0
2026-08-02 18:46,KBC,27800.0
2026-08-02 18:46,PGV,22750.0
2026-08-02 18:46,VND,16600.0
2026-08-02 18:46,VCI,21300.0
2026-08-02 18:46,FRT,124400.0
2026-08-02 18:46,NVB,11400.0
2026-08-02 18:46,ABB,17400.0
2026-08-02 18:46,VPI,63900.0
2026-08-02 18:46,KDH,17450.0
2026-08-02 18:46,SBT,21250.0
2026-08-02 18:46,CRV,26700.0
2026-08-02 18:46,MBS,18000.0
2026-08-02 18:46,HAG,14000.0
2026-08-02 18:46,PVS,34100.0
2026-08-02 18:46,VGC,37850.0
2026-08-02 18:46,QNS,47200.0
2026-08-02 18:46,PVD,18150.0
2026-08-02 18:46,PVI,70800.0
2026-08-02 18:46,DCM,30700.0
2026-08-02 18:46,DPM,23550.0
2026-08-02 18:46,PNJ,31000.0
2026-08-02 18:46,F88,71800.0
2026-08-02 18:46,HUT,14800.0
2026-08-02 18:46,VBB,13150.0
2026-08-02 18:46,DGC,39100.0
2026-08-02 18:46,SJS,47150.0
2026-08-02 18:46,KDC,50100.0
2026-08-02 18:46,VSF,27600.0
2026-08-02 18:46,SHS,15200.0
2026-08-02 18:46,IDC,32600.0
2026-08-02 18:46,DXG,10300.0
2026-08-02 18:46,BMP,153300.0
2026-08-02 18:46,PHP,37400.0
2026-08-02 18:46,DHG,92600.0
2026-08-02 18:46,BAB,10500.0
2026-08-02 18:46,SIP,48100.0
2026-08-02 18:46,PDR,11450.0
2026-08-02 18:46,TAL,22250.0
2026-08-02 18:46,VHC,52600.0
2026-08-02 18:46,BWE,43350.0
2026-08-02 18:46,BAF,29700.0
2026-08-02 18:46,VCG,15500.0
2026-08-02 18:46,NLG,22200.0
2026-08-02 18:46,TCH,11400.0
2026-08-02 18:46,VSH,42550.0
2026-08-02 18:46,NTP,47900.0
2026-08-02 18:46,VTP,48000.0
2026-08-02 18:46,DSE,22200.0
2026-08-02 18:46,PVT,18300.0
2026-08-02 18:46,EVF,12200.0
2026-08-02 18:46,CTR,71900.0
2026-08-02 18:46,HPA,31900.0
2026-08-02 18:46,AIG,52500.0
2026-08-02 18:46,CII,13100.0
2026-08-02 18:46,PC1,21400.0
2026-08-02 18:46,ORS,13850.0
2026-08-02 18:46,HSG,10700.0
2026-08-02 18:46,HAH,45250.0
2026-08-02 18:46,KLB,11300.0
2026-08-02 18:46,SJG,18700.0
2026-08-02 18:46,VAB,10100.0
2026-08-02 18:46,FTS,21400.0
2026-08-02 18:46,DGW,36600.0
2026-08-02 18:46,DIG,10050.0
2026-08-02 18:46,PHR,56800.0
2026-08-02 18:46,KOS,35500.0
2026-08-02 18:46,VCF,289000.0
2026-08-02 18:46,BSI,27600.0
2026-08-02 18:46,DTK,10600.0
2026-08-02 18:46,TDM,59200.0
2026-08-02 18:46,DBC,16300.0
2026-08-02 18:46,BHN,29500.0
2026-08-02 18:46,CTD,61000.0
2026-08-02 18:46,CEO,11400.0
2026-08-02 18:46,HDG,16150.0
2026-08-02 18:46,TMS,36750.0
2026-08-02 18:46,NT2,21000.0
2026-08-02 18:46,VGR,94300.0
2026-08-02 18:46,CTS,21850.0
2026-08-02 18:46,MPC,14800.0
2026-08-02 18:46,PET,38000.0
2026-08-02 18:46,HHV,9960.0
2026-08-02 18:46,CMG,24300.0
2026-08-02 18:46,VIF,16000.0
2026-08-02 18:46,SCG,65300.0
2026-08-02 18:46,PDN,98200.0
2026-08-02 18:46,IMP,35100.0
2026-08-02 18:46,VGT,10800.0
2026-08-02 18:46,NKG,10950.0
2026-08-02 18:46,DHT,59000.0
2026-08-02 18:46,VCS,32600.0
2026-08-02 18:46,PAN,20800.0
2026-08-02 18:46,HNG,6800.0
2026-08-02 18:46,VSC,13800.0
2026-08-02 18:46,SAS,38500.0
2026-08-02 18:46,HNA,21700.0
2026-08-02 18:46,ACG,31950.0
2026-08-02 18:46,SBH,38500.0
2026-08-02 18:46,PGB,9600.0
2026-08-02 18:46,DBD,49500.0
2026-08-02 18:46,HT1,12200.0
2026-08-02 18:46,TLG,48100.0
2026-08-02 18:46,GEG,12100.0
2026-08-02 18:46,IJC,7180.0
2026-08-02 18:46,SCS,43400.0
2026-08-02 18:46,VVS,101000.0
2026-08-02 18:46,ANV,17050.0
2026-08-02 18:46,BIC,21250.0
2026-08-02 18:46,CHP,27100.0
2026-08-02 18:46,HHS,9520.0
2026-08-02 18:46,VNR,20000.0
2026-08-02 18:46,DNW,33000.0
2026-08-02 18:46,STG,38850.0
2026-08-02 18:46,TID,18500.0
2026-08-02 18:46,MIG,16700.0
2026-08-02 18:46,VC3,25500.0
2026-08-02 18:46,DHC,32900.0
2026-08-02 18:46,AST,64000.0
2026-08-02 18:46,MSH,30400.0
2026-08-02 18:46,PTB,33500.0
2026-08-02 18:46,DXS,5750.0
2026-08-02 18:46,DPG,27700.0
2026-08-02 18:46,IPA,15300.0
2026-08-02 18:46,TMP,46100.0
2026-08-02 18:46,CRE,7000.0
2026-08-02 18:46,VDS,11800.0
2026-08-02 18:46,SZC,17650.0
2026-08-02 18:46,TRA,37950.0
2026-08-02 18:46,DPR,36000.0
2026-08-02 18:46,AVC,41000.0
2026-08-02 18:46,TVS,13400.0
2026-08-02 18:46,NTC,127500.0
2026-08-02 18:46,SHP,30000.0
2026-08-02 18:46,DVP,75500.0
2026-08-02 18:46,DSC,10800.0
2026-08-02 18:46,LSG,33200.0
2026-08-02 18:46,DNP,21000.0
2026-08-02 18:46,NAF,48300.0
2026-08-02 18:46,AGR,12900.0
2026-08-02 18:46,BFC,51100.0
2026-08-02 18:46,PRE,27900.0
2026-08-02 18:46,MCM,26400.0
2026-08-02 18:46,PGS,56700.0
2026-08-02 18:46,PPC,8820.0
2026-08-02 18:46,BMS,13100.0
2026-08-02 18:46,DCL,38450.0
2026-08-02 18:46,AAA,7110.0
2026-08-02 18:46,QCG,9960.0
2026-08-02 18:46,TDP,28000.0
2026-08-02 18:46,HDC,11400.0
2026-08-02 18:46,PRT,8600.0
2026-08-02 18:46,CDN,25000.0
2026-08-02 18:46,ASM,5920.0
2026-08-02 18:46,SHI,14000.0
2026-08-02 18:46,SAM,5820.0
2026-08-02 18:46,CSV,21200.0
2026-08-02 18:46,PGI,21000.0
2026-08-02 18:46,PTI,19200.0
2026-08-02 18:46,TNG,17900.0
2026-08-02 18:46,BWS,32900.0
2026-08-02 18:46,VPD,20850.0
2026-08-02 18:46,FMC,33850.0
2026-08-02 18:46,TRC,73300.0
2026-08-02 18:46,BGE,3000.0
2026-08-02 18:46,NCT,83400.0
2026-08-02 18:46,PGD,21550.0
2026-08-02 18:46,KHG,4720.0
2026-08-02 18:46,VIT,26400.0
2026-08-02 18:46,BMI,13450.0
2026-08-02 18:46,C4G,5600.0
2026-08-02 18:46,TBC,31500.0
2026-08-02 18:46,HBC,4200.0
2026-08-02 18:46,DMC,56900.0
2026-08-02 18:46,SCR,4570.0
2026-08-02 18:46,TCM,16600.0
2026-08-02 18:46,CDC,18500.0
2026-08-02 18:46,VFG,46300.0
2026-08-02 18:46,ABI,18900.0
2026-08-02 18:46,TTA,10600.0
2026-08-02 18:46,FIC,14900.0
2026-08-02 18:46,SGN,55600.0
2026-08-02 18:46,AGG,11450.0
2026-08-02 18:46,RAL,79000.0
2026-08-02 18:46,PHS,9200.0
2026-08-02 18:46,BVS,25100.0
2026-08-02 18:46,PVP,17000.0
2026-08-02 18:46,NBB,17300.0
2026-08-02 18:46,TV2,25700.0
2026-08-02 18:46,CTF,18000.0
2026-08-02 18:46,SVC,18000.0
2026-08-02 18:46,FCN,10650.0
2026-08-02 18:46,NTL,13700.0
2026-08-02 18:46,APF,46300.0
2026-08-02 18:46,AAS,7200.0
2026-08-02 18:46,YEG,7410.0
2026-08-02 22:47,VIC,214100.0
2026-08-02 22:47,VHM,148100.0
2026-08-02 22:47,VCB,59300.0
2026-08-02 22:47,BID,38000.0
2026-08-02 22:47,CTG,30800.0
2026-08-02 22:47,TCB,28950.0
2026-08-02 22:47,VPB,24800.0
2026-08-02 22:47,MCH,141000.0
2026-08-02 22:47,HPG,21700.0
2026-08-02 22:47,MBB,22500.0
2026-08-02 22:47,GAS,68600.0
2026-08-02 22:47,LPB,51800.0
2026-08-02 22:47,VPL,79600.0
2026-08-02 22:47,ACV,39200.0
2026-08-02 22:47,STB,71300.0
2026-08-02 22:47,VNM,60900.0
2026-08-02 22:47,ACB,21900.0
2026-08-02 22:47,BSR,25350.0
2026-08-02 22:47,HDB,25200.0
2026-08-02 22:47,FPT,67100.0
2026-08-02 22:47,TCX,41000.0
2026-08-02 22:47,GVR,27500.0
2026-08-02 22:47,MWG,69900.0
2026-08-02 22:47,MSN,66100.0
2026-08-02 22:47,VJC,125000.0
2026-08-02 22:47,VCK,31000.0
2026-08-02 22:47,KSF,78500.0
2026-08-02 22:47,HVN,21500.0
2026-08-02 22:47,SSI,23550.0
2026-08-02 22:47,SHB,11500.0
2026-08-02 22:47,VRE,24800.0
2026-08-02 22:47,SAB,43550.0
2026-08-02 22:47,SSB,15550.0
2026-08-02 22:47,MSB,15950.0
2026-08-02 22:47,VIB,14500.0
2026-08-02 22:47,VPX,25400.0
2026-08-02 22:47,FOX,63400.0
2026-08-02 22:47,THD,119700.0
2026-08-02 22:47,VEA,34400.0
2026-08-02 22:47,BVH,60100.0
2026-08-02 22:47,GEE,66800.0
2026-08-02 22:47,PLX,33300.0
2026-08-02 22:47,POW,13600.0
2026-08-02 22:47,TPB,14100.0
2026-08-02 22:47,BCM,35700.0
2026-08-02 22:47,HCM,25000.0
2026-08-02 22:47,KSV,111800.0
2026-08-02 22:47,EIB,17800.0
2026-08-02 22:47,MSR,36800.0
2026-08-02 22:47,GMD,77000.0
2026-08-02 22:47,VIX,13000.0
2026-08-02 22:47,NVL,13000.0
2026-08-02 22:47,OCB,10150.0
2026-08-02 22:47,GEX,22500.0
2026-08-02 22:47,REE,46500.0
2026-08-02 22:47,NAB,12150.0
2026-08-02 22:47,KBC,27800.0
2026-08-02 22:47,PGV,22750.0
2026-08-02 22:47,VND,16600.0
2026-08-02 22:47,VCI,21300.0
2026-08-02 22:47,FRT,124400.0
2026-08-02 22:47,NVB,11400.0
2026-08-02 22:47,ABB,17400.0
2026-08-02 22:47,VPI,63900.0
2026-08-02 22:47,KDH,17450.0
2026-08-02 22:47,SBT,21250.0
2026-08-02 22:47,CRV,26700.0
2026-08-02 22:47,MBS,18000.0
2026-08-02 22:47,HAG,14000.0
2026-08-02 22:47,PVS,34100.0
2026-08-02 22:47,VGC,37850.0
2026-08-02 22:47,QNS,47200.0
2026-08-02 22:47,PVD,18150.0
2026-08-02 22:47,PVI,70800.0
2026-08-02 22:47,DCM,30700.0
2026-08-02 22:47,DPM,23550.0
2026-08-02 22:47,PNJ,31000.0
2026-08-02 22:47,F88,71800.0
2026-08-02 22:47,HUT,14800.0
2026-08-02 22:47,VBB,13150.0
2026-08-02 22:47,DGC,39100.0
2026-08-02 22:47,SJS,47150.0
2026-08-02 22:47,KDC,50100.0
2026-08-02 22:47,VSF,27600.0
2026-08-02 22:47,SHS,15200.0
2026-08-02 22:47,IDC,32600.0
2026-08-02 22:47,DXG,10300.0
2026-08-02 22:47,BMP,153300.0
2026-08-02 22:47,PHP,37400.0
2026-08-02 22:47,DHG,92600.0
2026-08-02 22:47,BAB,10500.0
2026-08-02 22:47,SIP,48100.0
2026-08-02 22:47,PDR,11450.0
2026-08-02 22:47,TAL,22250.0
2026-08-02 22:47,VHC,52600.0
2026-08-02 22:47,BWE,43350.0
2026-08-02 22:47,BAF,29700.0
2026-08-02 22:47,VCG,15500.0
2026-08-02 22:47,NLG,22200.0
2026-08-02 22:47,TCH,11400.0
2026-08-02 22:47,VSH,42550.0
2026-08-02 22:47,NTP,47900.0
2026-08-02 22:47,VTP,48000.0
2026-08-02 22:47,DSE,22200.0
2026-08-02 22:47,PVT,18300.0
2026-08-02 22:47,EVF,12200.0
2026-08-02 22:47,CTR,71900.0
2026-08-02 22:47,HPA,31900.0
2026-08-02 22:47,AIG,52500.0
2026-08-02 22:47,CII,13100.0
2026-08-02 22:47,PC1,21400.0
2026-08-02 22:47,ORS,13850.0
2026-08-02 22:47,HSG,10700.0
2026-08-02 22:47,HAH,45250.0
2026-08-02 22:47,KLB,11300.0
2026-08-02 22:47,SJG,18700.0
2026-08-02 22:47,VAB,10100.0
2026-08-02 22:47,FTS,21400.0
2026-08-02 22:47,DGW,36600.0
2026-08-02 22:47,DIG,10050.0
2026-08-02 22:47,PHR,56800.0
2026-08-02 22:47,KOS,35500.0
2026-08-02 22:47,VCF,289000.0
2026-08-02 22:47,BSI,27600.0
2026-08-02 22:47,DTK,10600.0
2026-08-02 22:47,TDM,59200.0
2026-08-02 22:47,DBC,16300.0
2026-08-02 22:47,BHN,29500.0
2026-08-02 22:47,CTD,61000.0
2026-08-02 22:47,CEO,11400.0
2026-08-02 22:47,HDG,16150.0
2026-08-02 22:47,TMS,36750.0
2026-08-02 22:47,NT2,21000.0
2026-08-02 22:47,VGR,94300.0
2026-08-02 22:47,CTS,21850.0
2026-08-02 22:47,MPC,14800.0
2026-08-02 22:47,PET,38000.0
2026-08-02 22:47,HHV,9960.0
2026-08-02 22:47,CMG,24300.0
2026-08-02 22:47,VIF,16000.0
2026-08-02 22:47,SCG,65300.0
2026-08-02 22:47,PDN,98200.0
2026-08-02 22:47,IMP,35100.0
2026-08-02 22:47,VGT,10800.0
2026-08-02 22:47,NKG,10950.0
2026-08-02 22:47,DHT,59000.0
2026-08-02 22:47,VCS,32600.0
2026-08-02 22:47,PAN,20800.0
2026-08-02 22:47,HNG,6800.0
2026-08-02 22:47,VSC,13800.0
2026-08-02 22:47,SAS,38500.0
2026-08-02 22:47,HNA,21700.0
2026-08-02 22:47,ACG,31950.0
2026-08-02 22:47,SBH,38500.0
2026-08-02 22:47,PGB,9600.0
2026-08-02 22:47,DBD,49500.0
2026-08-02 22:47,HT1,12200.0
2026-08-02 22:47,TLG,48100.0
2026-08-02 22:47,GEG,12100.0
2026-08-02 22:47,IJC,7180.0
2026-08-02 22:47,SCS,43400.0
2026-08-02 22:47,VVS,101000.0
2026-08-02 22:47,ANV,17050.0
2026-08-02 22:47,BIC,21250.0
2026-08-02 22:47,CHP,27100.0
2026-08-02 22:47,HHS,9520.0
2026-08-02 22:47,VNR,20000.0
2026-08-02 22:47,DNW,33000.0
2026-08-02 22:47,STG,38850.0
2026-08-02 22:47,TID,18500.0
2026-08-02 22:47,MIG,16700.0
2026-08-02 22:47,VC3,25500.0
2026-08-02 22:47,DHC,32900.0
2026-08-02 22:47,AST,64000.0
2026-08-02 22:47,MSH,30400.0
2026-08-02 22:47,PTB,33500.0
2026-08-02 22:47,DXS,5750.0
2026-08-02 22:47,DPG,27700.0
2026-08-02 22:47,IPA,15300.0
2026-08-02 22:47,TMP,46100.0
2026-08-02 22:47,CRE,7000.0
2026-08-02 22:47,VDS,11800.0
2026-08-02 22:47,SZC,17650.0
2026-08-02 22:47,TRA,37950.0
2026-08-02 22:47,DPR,36000.0
2026-08-02 22:47,AVC,41000.0
2026-08-02 22:47,TVS,13400.0
2026-08-02 22:47,NTC,127500.0
2026-08-02 22:47,SHP,30000.0
2026-08-02 22:47,DVP,75500.0
2026-08-02 22:47,DSC,10800.0
2026-08-02 22:47,LSG,33200.0
2026-08-02 22:47,DNP,21000.0
2026-08-02 22:47,NAF,48300.0
2026-08-02 22:47,AGR,12900.0
2026-08-02 22:47,BFC,51100.0
2026-08-02 22:47,PRE,27900.0
2026-08-02 22:47,MCM,26400.0
2026-08-02 22:47,PGS,56700.0
2026-08-02 22:47,PPC,8820.0
2026-08-02 22:47,BMS,13100.0
2026-08-02 22:47,DCL,38450.0
2026-08-02 22:47,AAA,7110.0
2026-08-02 22:47,QCG,9960.0
2026-08-02 22:47,TDP,28000.0
2026-08-02 22:47,HDC,11400.0
2026-08-02 22:47,PRT,8600.0
2026-08-02 22:47,CDN,25000.0
2026-08-02 22:47,ASM,5920.0
2026-08-02 22:47,SHI,14000.0
2026-08-02 22:47,SAM,5820.0
2026-08-02 22:47,CSV,21200.0
2026-08-02 22:47,PGI,21000.0
2026-08-02 22:47,PTI,19200.0
2026-08-02 22:47,TNG,17900.0
2026-08-02 22:47,BWS,32900.0
2026-08-02 22:47,VPD,20850.0
2026-08-02 22:47,FMC,33850.0
2026-08-02 22:47,TRC,73300.0
2026-08-02 22:47,BGE,3000.0
2026-08-02 22:47,NCT,83400.0
2026-08-02 22:47,PGD,21550.0
2026-08-02 22:47,KHG,4720.0
2026-08-02 22:47,VIT,26400.0
2026-08-02 22:47,BMI,13450.0
2026-08-02 22:47,C4G,5600.0
2026-08-02 22:47,TBC,31500.0
2026-08-02 22:47,HBC,4200.0
2026-08-02 22:47,DMC,56900.0
2026-08-02 22:47,SCR,4570.0
2026-08-02 22:47,TCM,16600.0
2026-08-02 22:47,CDC,18500.0
2026-08-02 22:47,VFG,46300.0
2026-08-02 22:47,ABI,18900.0
2026-08-02 22:47,TTA,10600.0
2026-08-02 22:47,FIC,14900.0
2026-08-02 22:47,SGN,55600.0
2026-08-02 22:47,AGG,11450.0
2026-08-02 22:47,RAL,79000.0
2026-08-02 22:47,PHS,9200.0
2026-08-02 22:47,BVS,25100.0
2026-08-02 22:47,PVP,17000.0
2026-08-02 22:47,NBB,17300.0
2026-08-02 22:47,TV2,25700.0
2026-08-02 22:47,CTF,18000.0
2026-08-02 22:47,SVC,18000.0
2026-08-02 22:47,FCN,10650.0
2026-08-02 22:47,NTL,13700.0
2026-08-02 22:47,APF,46300.0
2026-08-02 22:47,AAS,7200.0
2026-08-02 22:47,YEG,7410.0
2026-08-03 03:15,VIC,214100.0
2026-08-03 03:15,VHM,148100.0
2026-08-03 03:15,VCB,59300.0
2026-08-03 03:15,BID,38000.0
2026-08-03 03:15,CTG,30800.0
2026-08-03 03:15,TCB,28950.0
2026-08-03 03:15,VPB,24800.0
2026-08-03 03:15,MCH,141000.0
2026-08-03 03:15,HPG,21700.0
2026-08-03 03:15,MBB,22500.0
2026-08-03 03:15,GAS,68600.0
2026-08-03 03:15,LPB,51800.0
2026-08-03 03:15,VPL,79600.0
2026-08-03 03:15,ACV,39200.0
2026-08-03 03:15,STB,71300.0
2026-08-03 03:15,VNM,60900.0
2026-08-03 03:15,ACB,21900.0
2026-08-03 03:15,BSR,25350.0
2026-08-03 03:15,HDB,25200.0
2026-08-03 03:15,FPT,67100.0
2026-08-03 03:15,TCX,41000.0
2026-08-03 03:15,GVR,27500.0
2026-08-03 03:15,MWG,69900.0
2026-08-03 03:15,MSN,66100.0
2026-08-03 03:15,VJC,125000.0
2026-08-03 03:15,VCK,31000.0
2026-08-03 03:15,KSF,78500.0
2026-08-03 03:15,HVN,21500.0
2026-08-03 03:15,SSI,23550.0
2026-08-03 03:15,SHB,11500.0
2026-08-03 03:15,VRE,24800.0
2026-08-03 03:15,SAB,43550.0
2026-08-03 03:15,SSB,15550.0
2026-08-03 03:15,MSB,15950.0
2026-08-03 03:15,VIB,14500.0
2026-08-03 03:15,VPX,25400.0
2026-08-03 03:15,FOX,63400.0
2026-08-03 03:15,THD,119700.0
2026-08-03 03:15,VEA,34400.0
2026-08-03 03:15,BVH,60100.0
2026-08-03 03:15,GEE,66800.0
2026-08-03 03:15,PLX,33300.0
2026-08-03 03:15,POW,13600.0
2026-08-03 03:15,TPB,14100.0
2026-08-03 03:15,BCM,35700.0
2026-08-03 03:15,HCM,25000.0
2026-08-03 03:15,KSV,111800.0
2026-08-03 03:15,EIB,17800.0
2026-08-03 03:15,MSR,36800.0
2026-08-03 03:15,GMD,77000.0
2026-08-03 03:15,VIX,13000.0
2026-08-03 03:15,NVL,13000.0
2026-08-03 03:15,OCB,10150.0
2026-08-03 03:15,GEX,22500.0
2026-08-03 03:15,REE,46500.0
2026-08-03 03:15,NAB,12150.0
2026-08-03 03:15,KBC,27800.0
2026-08-03 03:15,PGV,22750.0
2026-08-03 03:15,VND,16600.0
2026-08-03 03:15,VCI,21300.0
2026-08-03 03:15,FRT,124400.0
2026-08-03 03:15,NVB,11400.0
2026-08-03 03:15,ABB,17400.0
2026-08-03 03:15,VPI,63900.0
2026-08-03 03:15,KDH,17450.0
2026-08-03 03:15,SBT,21250.0
2026-08-03 03:15,CRV,26700.0
2026-08-03 03:15,MBS,18000.0
2026-08-03 03:15,HAG,14000.0
2026-08-03 03:15,PVS,34100.0
2026-08-03 03:15,VGC,37850.0
2026-08-03 03:15,QNS,47200.0
2026-08-03 03:15,PVD,18150.0
2026-08-03 03:15,PVI,70800.0
2026-08-03 03:15,DCM,30700.0
2026-08-03 03:15,DPM,23550.0
2026-08-03 03:15,PNJ,31000.0
2026-08-03 03:15,F88,71800.0
2026-08-03 03:15,HUT,14800.0
2026-08-03 03:15,VBB,13150.0
2026-08-03 03:15,DGC,39100.0
2026-08-03 03:15,SJS,47150.0
2026-08-03 03:15,KDC,50100.0
2026-08-03 03:15,VSF,27600.0
2026-08-03 03:15,SHS,15200.0
2026-08-03 03:15,IDC,32600.0
2026-08-03 03:15,DXG,10300.0
2026-08-03 03:15,BMP,153300.0
2026-08-03 03:15,PHP,37400.0
2026-08-03 03:15,DHG,92600.0
2026-08-03 03:15,BAB,10500.0
2026-08-03 03:15,SIP,48100.0
2026-08-03 03:15,PDR,11450.0
2026-08-03 03:15,TAL,22250.0
2026-08-03 03:15,VHC,52600.0
2026-08-03 03:15,BWE,43350.0
2026-08-03 03:15,BAF,29700.0
2026-08-03 03:15,VCG,15500.0
2026-08-03 03:15,NLG,22200.0
2026-08-03 03:15,TCH,11400.0
2026-08-03 03:15,VSH,42550.0
2026-08-03 03:15,NTP,47900.0
2026-08-03 03:15,VTP,48000.0
2026-08-03 03:15,DSE,22200.0
2026-08-03 03:15,PVT,18300.0
2026-08-03 03:15,EVF,12200.0
2026-08-03 03:15,CTR,71900.0
2026-08-03 03:15,HPA,31900.0
2026-08-03 03:15,AIG,52500.0
2026-08-03 03:15,CII,13100.0
2026-08-03 03:15,PC1,21400.0
2026-08-03 03:15,ORS,13850.0
2026-08-03 03:15,HSG,10700.0
2026-08-03 03:15,HAH,45250.0
2026-08-03 03:15,KLB,11300.0
2026-08-03 03:15,SJG,18700.0
2026-08-03 03:15,VAB,10100.0
2026-08-03 03:15,FTS,21400.0
2026-08-03 03:15,DGW,36600.0
2026-08-03 03:15,DIG,10050.0
2026-08-03 03:15,PHR,56800.0
2026-08-03 03:15,KOS,35500.0
2026-08-03 03:15,VCF,289000.0
2026-08-03 03:15,BSI,27600.0
2026-08-03 03:15,DTK,10600.0
2026-08-03 03:15,TDM,59200.0
2026-08-03 03:15,DBC,16300.0
2026-08-03 03:15,BHN,29500.0
2026-08-03 03:15,CTD,61000.0
2026-08-03 03:15,CEO,11400.0
2026-08-03 03:15,HDG,16150.0
2026-08-03 03:15,TMS,36750.0
2026-08-03 03:15,NT2,21000.0
2026-08-03 03:15,VGR,94300.0
2026-08-03 03:15,CTS,21850.0
2026-08-03 03:15,MPC,14800.0
2026-08-03 03:15,PET,38000.0
2026-08-03 03:15,HHV,9960.0
2026-08-03 03:15,CMG,24300.0
2026-08-03 03:15,VIF,16000.0
2026-08-03 03:15,SCG,65300.0
2026-08-03 03:15,PDN,98200.0
2026-08-03 03:15,IMP,35100.0
2026-08-03 03:15,VGT,10800.0
2026-08-03 03:15,NKG,10950.0
2026-08-03 03:15,DHT,59000.0
2026-08-03 03:15,VCS,32600.0
2026-08-03 03:15,PAN,20800.0
2026-08-03 03:15,HNG,6800.0
2026-08-03 03:15,VSC,13800.0
2026-08-03 03:15,SAS,38500.0
2026-08-03 03:15,HNA,21700.0
2026-08-03 03:15,ACG,31950.0
2026-08-03 03:15,SBH,38500.0
2026-08-03 03:15,PGB,9600.0
2026-08-03 03:15,DBD,49500.0
2026-08-03 03:15,HT1,12200.0
2026-08-03 03:15,TLG,48100.0
2026-08-03 03:15,GEG,12100.0
2026-08-03 03:15,IJC,7180.0
2026-08-03 03:15,SCS,43400.0
2026-08-03 03:15,VVS,101000.0
2026-08-03 03:15,ANV,17050.0
2026-08-03 03:15,BIC,21250.0
2026-08-03 03:15,CHP,27100.0
2026-08-03 03:15,HHS,9520.0
2026-08-03 03:15,VNR,20000.0
2026-08-03 03:15,DNW,33000.0
2026-08-03 03:15,STG,38850.0
2026-08-03 03:15,TID,18500.0
2026-08-03 03:15,MIG,16700.0
2026-08-03 03:15,VC3,25500.0
2026-08-03 03:15,DHC,32900.0
2026-08-03 03:15,AST,64000.0
2026-08-03 03:15,MSH,30400.0
2026-08-03 03:15,PTB,33500.0
2026-08-03 03:15,DXS,5750.0
2026-08-03 03:15,DPG,27700.0
2026-08-03 03:15,IPA,15300.0
2026-08-03 03:15,TMP,46100.0
2026-08-03 03:15,CRE,7000.0
2026-08-03 03:15,VDS,11800.0
2026-08-03 03:15,SZC,17650.0
2026-08-03 03:15,TRA,37950.0
2026-08-03 03:15,DPR,36000.0
2026-08-03 03:15,AVC,41000.0
2026-08-03 03:15,TVS,13400.0
2026-08-03 03:15,NTC,127500.0
2026-08-03 03:15,SHP,30000.0
2026-08-03 03:15,DVP,75500.0
2026-08-03 03:15,DSC,10800.0
2026-08-03 03:15,LSG,33200.0
2026-08-03 03:15,DNP,21000.0
2026-08-03 03:15,NAF,48300.0
2026-08-03 03:15,AGR,12900.0
2026-08-03 03:15,BFC,51100.0
2026-08-03 03:15,PRE,27900.0
2026-08-03 03:15,MCM,26400.0
2026-08-03 03:15,PGS,56700.0
2026-08-03 03:15,PPC,8820.0
2026-08-03 03:15,BMS,13100.0
2026-08-03 03:15,DCL,38450.0
2026-08-03 03:15,AAA,7110.0
2026-08-03 03:15,QCG,9960.0
2026-08-03 03:15,TDP,28000.0
2026-08-03 03:15,HDC,11400.0
2026-08-03 03:15,PRT,8600.0
2026-08-03 03:15,CDN,25000.0
2026-08-03 03:15,ASM,5920.0
2026-08-03 03:15,SHI,14000.0
2026-08-03 03:15,SAM,5820.0
2026-08-03 03:15,CSV,21200.0
2026-08-03 03:15,PGI,21000.0
2026-08-03 03:15,PTI,19200.0
2026-08-03 03:15,TNG,17900.0
2026-08-03 03:15,BWS,32900.0
2026-08-03 03:15,VPD,20850.0
2026-08-03 03:15,FMC,33850.0
2026-08-03 03:15,TRC,73300.0
2026-08-03 03:15,BGE,3000.0
2026-08-03 03:15,NCT,83400.0
2026-08-03 03:15,PGD,21550.0
2026-08-03 03:15,KHG,4720.0
2026-08-03 03:15,VIT,26400.0
2026-08-03 03:15,BMI,13450.0
2026-08-03 03:15,C4G,5600.0
2026-08-03 03:15,TBC,31500.0
2026-08-03 03:15,HBC,4200.0
2026-08-03 03:15,DMC,56900.0
2026-08-03 03:15,SCR,4570.0
2026-08-03 03:15,TCM,16600.0
2026-08-03 03:15,CDC,18500.0
2026-08-03 03:15,VFG,46300.0
2026-08-03 03:15,ABI,18900.0
2026-08-03 03:15,TTA,10600.0
2026-08-03 03:15,FIC,14900.0
2026-08-03 03:15,SGN,55600.0
2026-08-03 03:15,AGG,11450.0
2026-08-03 03:15,RAL,79000.0
2026-08-03 03:15,PHS,9200.0
2026-08-03 03:15,BVS,25100.0
2026-08-03 03:15,PVP,17000.0
2026-08-03 03:15,NBB,17300.0
2026-08-03 03:15,TV2,25700.0
2026-08-03 03:15,CTF,18000.0
2026-08-03 03:15,SVC,18000.0
2026-08-03 03:15,FCN,10650.0
2026-08-03 03:15,NTL,13700.0
2026-08-03 03:15,APF,46300.0
2026-08-03 03:15,AAS,7200.0
2026-08-03 03:15,YEG,7410.0
2026-08-03 06:45,VIC,214100.0
2026-08-03 06:45,VHM,148100.0
2026-08-03 06:45,VCB,59300.0
2026-08-03 06:45,BID,38000.0
2026-08-03 06:45,CTG,30800.0
2026-08-03 06:45,TCB,28950.0
2026-08-03 06:45,VPB,24800.0
2026-08-03 06:45,MCH,141000.0
2026-08-03 06:45,HPG,21700.0
2026-08-03 06:45,MBB,22500.0
2026-08-03 06:45,GAS,68600.0
2026-08-03 06:45,LPB,51800.0
2026-08-03 06:45,VPL,79600.0
2026-08-03 06:45,ACV,39200.0
2026-08-03 06:45,STB,71300.0
2026-08-03 06:45,VNM,60900.0
2026-08-03 06:45,ACB,21900.0
2026-08-03 06:45,BSR,25350.0
2026-08-03 06:45,HDB,25200.0
2026-08-03 06:45,FPT,67100.0
2026-08-03 06:45,TCX,41000.0
2026-08-03 06:45,GVR,27500.0
2026-08-03 06:45,MWG,69900.0
2026-08-03 06:45,MSN,66100.0
2026-08-03 06:45,VJC,125000.0
2026-08-03 06:45,VCK,31000.0
2026-08-03 06:45,KSF,78500.0
2026-08-03 06:45,HVN,21500.0
2026-08-03 06:45,SSI,23550.0
2026-08-03 06:45,SHB,11500.0
2026-08-03 06:45,VRE,24800.0
2026-08-03 06:45,SAB,43550.0
2026-08-03 06:45,SSB,15550.0
2026-08-03 06:45,MSB,15950.0
2026-08-03 06:45,VIB,14500.0
2026-08-03 06:45,VPX,25400.0
2026-08-03 06:45,FOX,63400.0
2026-08-03 06:45,THD,119700.0
2026-08-03 06:45,VEA,34400.0
2026-08-03 06:45,BVH,60100.0
2026-08-03 06:45,GEE,66800.0
2026-08-03 06:45,PLX,33300.0
2026-08-03 06:45,POW,13600.0
2026-08-03 06:45,TPB,14100.0
2026-08-03 06:45,BCM,35700.0
2026-08-03 06:45,HCM,25000.0
2026-08-03 06:45,KSV,111800.0
2026-08-03 06:45,EIB,17800.0
2026-08-03 06:45,MSR,36800.0
2026-08-03 06:45,GMD,77000.0
2026-08-03 06:45,VIX,13000.0
2026-08-03 06:45,NVL,13000.0
2026-08-03 06:45,OCB,10150.0
2026-08-03 06:45,GEX,22500.0
2026-08-03 06:45,REE,46500.0
2026-08-03 06:45,NAB,12150.0
2026-08-03 06:45,KBC,27800.0
2026-08-03 06:45,PGV,22750.0
2026-08-03 06:45,VND,16600.0
2026-08-03 06:45,VCI,21300.0
2026-08-03 06:45,FRT,124400.0
2026-08-03 06:45,NVB,11400.0
2026-08-03 06:45,ABB,17400.0
2026-08-03 06:45,VPI,63900.0
2026-08-03 06:45,KDH,17450.0
2026-08-03 06:45,SBT,21250.0
2026-08-03 06:45,CRV,26700.0
2026-08-03 06:45,MBS,18000.0
2026-08-03 06:45,HAG,14000.0
2026-08-03 06:45,PVS,34100.0
2026-08-03 06:45,VGC,37850.0
2026-08-03 06:45,QNS,47200.0
2026-08-03 06:45,PVD,18150.0
2026-08-03 06:45,PVI,70800.0
2026-08-03 06:45,DCM,30700.0
2026-08-03 06:45,DPM,23550.0
2026-08-03 06:45,PNJ,31000.0
2026-08-03 06:45,F88,71800.0
2026-08-03 06:45,HUT,14800.0
2026-08-03 06:45,VBB,13150.0
2026-08-03 06:45,DGC,39100.0
2026-08-03 06:45,SJS,47150.0
2026-08-03 06:45,KDC,50100.0
2026-08-03 06:45,VSF,27600.0
2026-08-03 06:45,SHS,15200.0
2026-08-03 06:45,IDC,32600.0
2026-08-03 06:45,DXG,10300.0
2026-08-03 06:45,BMP,153300.0
2026-08-03 06:45,PHP,37400.0
2026-08-03 06:45,DHG,92600.0
2026-08-03 06:45,BAB,10500.0
2026-08-03 06:45,SIP,48100.0
2026-08-03 06:45,PDR,11450.0
2026-08-03 06:45,TAL,22250.0
2026-08-03 06:45,VHC,52600.0
2026-08-03 06:45,BWE,43350.0
2026-08-03 06:45,BAF,29700.0
2026-08-03 06:45,VCG,15500.0
2026-08-03 06:45,NLG,22200.0
2026-08-03 06:45,TCH,11400.0
2026-08-03 06:45,VSH,42550.0
2026-08-03 06:45,NTP,47900.0
2026-08-03 06:45,VTP,48000.0
2026-08-03 06:45,DSE,22200.0
2026-08-03 06:45,PVT,18300.0
2026-08-03 06:45,EVF,12200.0
2026-08-03 06:45,CTR,71900.0
2026-08-03 06:45,HPA,31900.0
2026-08-03 06:45,AIG,52500.0
2026-08-03 06:45,CII,13100.0
2026-08-03 06:45,PC1,21400.0
2026-08-03 06:45,ORS,13850.0
2026-08-03 06:45,HSG,10700.0
2026-08-03 06:45,HAH,45250.0
2026-08-03 06:45,KLB,11300.0
2026-08-03 06:45,SJG,18700.0
2026-08-03 06:45,VAB,10100.0
2026-08-03 06:45,FTS,21400.0
2026-08-03 06:45,DGW,36600.0
2026-08-03 06:45,DIG,10050.0
2026-08-03 06:45,PHR,56800.0
2026-08-03 06:45,KOS,35500.0
2026-08-03 06:45,VCF,289000.0
2026-08-03 06:45,BSI,27600.0
2026-08-03 06:45,DTK,10600.0
2026-08-03 06:45,TDM,59200.0
2026-08-03 06:45,DBC,16300.0
2026-08-03 06:45,BHN,29500.0
2026-08-03 06:45,CTD,61000.0
2026-08-03 06:45,CEO,11400.0
2026-08-03 06:45,HDG,16150.0
2026-08-03 06:45,TMS,36750.0
2026-08-03 06:45,NT2,21000.0
2026-08-03 06:45,VGR,94300.0
2026-08-03 06:45,CTS,21850.0
2026-08-03 06:45,MPC,14800.0
2026-08-03 06:45,PET,38000.0
2026-08-03 06:45,HHV,9960.0
2026-08-03 06:45,CMG,24300.0
2026-08-03 06:45,VIF,16000.0
2026-08-03 06:45,SCG,65300.0
2026-08-03 06:45,PDN,98200.0
2026-08-03 06:45,IMP,35100.0
2026-08-03 06:45,VGT,10800.0
2026-08-03 06:45,NKG,10950.0
2026-08-03 06:45,DHT,59000.0
2026-08-03 06:45,VCS,32600.0
2026-08-03 06:45,PAN,20800.0
2026-08-03 06:45,HNG,6800.0
2026-08-03 06:45,VSC,13800.0
2026-08-03 06:45,SAS,38500.0
2026-08-03 06:45,HNA,21700.0
2026-08-03 06:45,ACG,31950.0
2026-08-03 06:45,SBH,38500.0
2026-08-03 06:45,PGB,9600.0
2026-08-03 06:45,DBD,49500.0
2026-08-03 06:45,HT1,12200.0
2026-08-03 06:45,TLG,48100.0
2026-08-03 06:45,GEG,12100.0
2026-08-03 06:45,IJC,7180.0
2026-08-03 06:45,SCS,43400.0
2026-08-03 06:45,VVS,101000.0
2026-08-03 06:45,ANV,17050.0
2026-08-03 06:45,BIC,21250.0
2026-08-03 06:45,CHP,27100.0
2026-08-03 06:45,HHS,9520.0
2026-08-03 06:45,VNR,20000.0
2026-08-03 06:45,DNW,33000.0
2026-08-03 06:45,STG,38850.0
2026-08-03 06:45,TID,18500.0
2026-08-03 06:45,MIG,16700.0
2026-08-03 06:45,VC3,25500.0
2026-08-03 06:45,DHC,32900.0
2026-08-03 06:45,AST,64000.0
2026-08-03 06:45,MSH,30400.0
2026-08-03 06:45,PTB,33500.0
2026-08-03 06:45,DXS,5750.0
2026-08-03 06:45,DPG,27700.0
2026-08-03 06:45,IPA,15300.0
2026-08-03 06:45,TMP,46100.0
2026-08-03 06:45,CRE,7000.0
2026-08-03 06:45,VDS,11800.0
2026-08-03 06:45,SZC,17650.0
2026-08-03 06:45,TRA,37950.0
2026-08-03 06:45,DPR,36000.0
2026-08-03 06:45,AVC,41000.0
2026-08-03 06:45,TVS,13400.0
2026-08-03 06:45,NTC,127500.0
2026-08-03 06:45,SHP,30000.0
2026-08-03 06:45,DVP,75500.0
2026-08-03 06:45,DSC,10800.0
2026-08-03 06:45,LSG,33200.0
2026-08-03 06:45,DNP,21000.0
2026-08-03 06:45,NAF,48300.0
2026-08-03 06:45,AGR,12900.0
2026-08-03 06:45,BFC,51100.0
2026-08-03 06:45,PRE,27900.0
2026-08-03 06:45,MCM,26400.0
2026-08-03 06:45,PGS,56700.0
2026-08-03 06:45,PPC,8820.0
2026-08-03 06:45,BMS,13100.0
2026-08-03 06:45,DCL,38450.0
2026-08-03 06:45,AAA,7110.0
2026-08-03 06:45,QCG,9960.0
2026-08-03 06:45,TDP,28000.0
2026-08-03 06:45,HDC,11400.0
2026-08-03 06:45,PRT,8600.0
2026-08-03 06:45,CDN,25000.0
2026-08-03 06:45,ASM,5920.0
2026-08-03 06:45,SHI,14000.0
2026-08-03 06:45,SAM,5820.0
2026-08-03 06:45,CSV,21200.0
2026-08-03 06:45,PGI,21000.0
2026-08-03 06:45,PTI,19200.0
2026-08-03 06:45,TNG,17900.0
2026-08-03 06:45,BWS,32900.0
2026-08-03 06:45,VPD,20850.0
2026-08-03 06:45,FMC,33850.0
2026-08-03 06:45,TRC,73300.0
2026-08-03 06:45,BGE,3000.0
2026-08-03 06:45,NCT,83400.0
2026-08-03 06:45,PGD,21550.0
2026-08-03 06:45,KHG,4720.0
2026-08-03 06:45,VIT,26400.0
2026-08-03 06:45,BMI,13450.0
2026-08-03 06:45,C4G,5600.0
2026-08-03 06:45,TBC,31500.0
2026-08-03 06:45,HBC,4200.0
2026-08-03 06:45,DMC,56900.0
2026-08-03 06:45,SCR,4570.0
2026-08-03 06:45,TCM,16600.0
2026-08-03 06:45,CDC,18500.0
2026-08-03 06:45,VFG,46300.0
2026-08-03 06:45,ABI,18900.0
2026-08-03 06:45,TTA,10600.0
2026-08-03 06:45,FIC,14900.0
2026-08-03 06:45,SGN,55600.0
2026-08-03 06:45,AGG,11450.0
2026-08-03 06:45,RAL,79000.0
2026-08-03 06:45,PHS,9200.0
2026-08-03 06:45,BVS,25100.0
2026-08-03 06:45,PVP,17000.0
2026-08-03 06:45,NBB,17300.0
2026-08-03 06:45,TV2,25700.0
2026-08-03 06:45,CTF,18000.0
2026-08-03 06:45,SVC,18000.0
2026-08-03 06:45,FCN,10650.0
2026-08-03 06:45,NTL,13700.0
2026-08-03 06:45,APF,46300.0
2026-08-03 06:45,AAS,7200.0
2026-08-03 06:45,YEG,7410.0
2026-08-03 19:41,VIC,213000.0
2026-08-03 19:41,VHM,148000.0
2026-08-03 19:41,VCB,60800.0
2026-08-03 19:41,BID,38250.0
2026-08-03 19:41,CTG,31800.0
2026-08-03 19:41,TCB,29950.0
2026-08-03 19:41,VPB,25500.0
2026-08-03 19:41,MCH,137700.0
2026-08-03 19:41,HPG,22550.0
2026-08-03 19:41,MBB,24000.0
2026-08-03 19:41,GAS,71200.0
2026-08-03 19:41,LPB,53000.0
2026-08-03 19:41,VPL,81000.0
2026-08-03 19:41,ACV,40000.0
2026-08-03 19:41,STB,71500.0
2026-08-03 19:41,VNM,60300.0
2026-08-03 19:41,ACB,22550.0
2026-08-03 19:41,BSR,25500.0
2026-08-03 19:41,HDB,26000.0
2026-08-03 19:41,FPT,71700.0
2026-08-03 19:41,TCX,40900.0
2026-08-03 19:41,GVR,28200.0
2026-08-03 19:41,MWG,72500.0
2026-08-03 19:41,MSN,68200.0
2026-08-03 19:41,VJC,126600.0
2026-08-03 19:41,VCK,31350.0
2026-08-03 19:41,KSF,79000.0
2026-08-03 19:41,HVN,23000.0
2026-08-03 19:41,SSI,24550.0
2026-08-03 19:41,SHB,11900.0
2026-08-03 19:41,VRE,25200.0
2026-08-03 19:41,SAB,44800.0
2026-08-03 19:41,SSB,15550.0
2026-08-03 19:41,MSB,16100.0
2026-08-03 19:41,VIB,14850.0
2026-08-03 19:41,VPX,26250.0
2026-08-03 19:41,FOX,66500.0
2026-08-03 19:41,THD,131600.0
2026-08-03 19:41,VEA,34700.0
2026-08-03 19:41,BVH,64300.0
2026-08-03 19:41,GEE,67800.0
2026-08-03 19:41,PLX,34700.0
2026-08-03 19:41,POW,13950.0
2026-08-03 19:41,TPB,14400.0
2026-08-03 19:41,BCM,36900.0
2026-08-03 19:41,HCM,25150.0
2026-08-03 19:41,KSV,114000.0
2026-08-03 19:41,EIB,18250.0
2026-08-03 19:41,MSR,37300.0
2026-08-03 19:41,GMD,77100.0
2026-08-03 19:41,VIX,13400.0
2026-08-03 19:41,NVL,13150.0
2026-08-03 19:41,OCB,10300.0
2026-08-03 19:41,GEX,23350.0
2026-08-03 19:41,REE,48400.0
2026-08-03 19:41,NAB,12200.0
2026-08-03 19:41,KBC,28250.0
2026-08-03 19:41,PGV,23000.0
2026-08-03 19:41,VND,16850.0
2026-08-03 19:41,VCI,21750.0
2026-08-03 19:41,FRT,133100.0
2026-08-03 19:41,NVB,11600.0
2026-08-03 19:41,ABB,17300.0
2026-08-03 19:41,VPI,65000.0
2026-08-03 19:41,KDH,18000.0
2026-08-03 19:41,SBT,21300.0
2026-08-03 19:41,CRV,26700.0
2026-08-03 19:41,MBS,18500.0
2026-08-03 19:41,HAG,14000.0
2026-08-03 19:41,PVS,34500.0
2026-08-03 19:41,VGC,38300.0
2026-08-03 19:41,QNS,46900.0
2026-08-03 19:41,PVD,18100.0
2026-08-03 19:41,PVI,72000.0
2026-08-03 19:41,DCM,31050.0
2026-08-03 19:41,DPM,22200.0
2026-08-03 19:41,PNJ,33150.0
2026-08-03 19:41,F88,71900.0
2026-08-03 19:41,HUT,14300.0
2026-08-03 19:41,VBB,13050.0
2026-08-03 19:41,DGC,39400.0
2026-08-03 19:41,SJS,47150.0
2026-08-03 19:41,KDC,52000.0
2026-08-03 19:41,VSF,28000.0
2026-08-03 19:41,SHS,15600.0
2026-08-03 19:41,IDC,33300.0
2026-08-03 19:41,DXG,10850.0
2026-08-03 19:41,BMP,151600.0
2026-08-03 19:41,PHP,38800.0
2026-08-03 19:41,DHG,93000.0
2026-08-03 19:41,BAB,10700.0
2026-08-03 19:41,SIP,49650.0
2026-08-03 19:41,PDR,11800.0
2026-08-03 19:41,TAL,23800.0
2026-08-03 19:41,VHC,53000.0
2026-08-03 19:41,BWE,43800.0
2026-08-03 19:41,BAF,30550.0
2026-08-03 19:41,VCG,15750.0
2026-08-03 19:41,NLG,21700.0
2026-08-03 19:41,TCH,12150.0
2026-08-03 19:41,VSH,42550.0
2026-08-03 19:41,NTP,48600.0
2026-08-03 19:41,VTP,49050.0
2026-08-03 19:41,DSE,22350.0
2026-08-03 19:41,PVT,18600.0
2026-08-03 19:41,EVF,12400.0
2026-08-03 19:41,CTR,74300.0
2026-08-03 19:41,HPA,32400.0
2026-08-03 19:41,AIG,52100.0
2026-08-03 19:41,CII,13950.0
2026-08-03 19:41,PC1,21500.0
2026-08-03 19:41,ORS,14100.0
2026-08-03 19:41,HSG,10950.0
2026-08-03 19:41,HAH,46050.0
2026-08-03 19:41,KLB,11500.0
2026-08-03 19:41,SJG,19300.0
2026-08-03 19:41,VAB,10100.0
2026-08-03 19:41,FTS,22100.0
2026-08-03 19:41,DGW,37050.0
2026-08-03 19:41,DIG,10600.0
2026-08-03 19:41,PHR,59500.0
2026-08-03 19:41,KOS,35100.0
2026-08-03 19:41,VCF,289000.0
2026-08-03 19:41,BSI,28200.0
2026-08-03 19:41,DTK,10700.0
2026-08-03 19:41,TDM,59500.0
2026-08-03 19:41,DBC,16550.0
2026-08-03 19:41,BHN,29900.0
2026-08-03 19:41,CTD,62600.0
2026-08-03 19:41,CEO,12000.0
2026-08-03 19:41,HDG,16400.0
2026-08-03 19:41,TMS,36750.0
2026-08-03 19:41,NT2,21550.0
2026-08-03 19:41,VGR,94000.0
2026-08-03 19:41,CTS,22300.0
2026-08-03 19:41,MPC,15100.0
2026-08-03 19:41,PET,38000.0
2026-08-03 19:41,HHV,10150.0
2026-08-03 19:41,CMG,25600.0
2026-08-03 19:41,VIF,15800.0
2026-08-03 19:41,SCG,65000.0
2026-08-03 19:41,PDN,96200.0
2026-08-03 19:41,IMP,36700.0
2026-08-03 19:41,VGT,11000.0
2026-08-03 19:41,NKG,11250.0
2026-08-03 19:41,DHT,58900.0
2026-08-03 19:41,VCS,33200.0
2026-08-03 19:41,PAN,21250.0
2026-08-03 19:41,HNG,6900.0
2026-08-03 19:41,VSC,14200.0
2026-08-03 19:41,SAS,34000.0
2026-08-03 19:41,HNA,21700.0
2026-08-03 19:41,ACG,31750.0
2026-08-03 19:41,SBH,38500.0
2026-08-03 19:41,PGB,9600.0
2026-08-03 19:41,DBD,49450.0
2026-08-03 19:41,HT1,12450.0
2026-08-03 19:41,TLG,49100.0
2026-08-03 19:41,GEG,12200.0
2026-08-03 19:41,IJC,7410.0
2026-08-03 19:41,SCS,44550.0
2026-08-03 19:41,VVS,101900.0
2026-08-03 19:41,ANV,17350.0
2026-08-03 19:41,BIC,21250.0
2026-08-03 19:41,CHP,27500.0
2026-08-03 19:41,HHS,10150.0
2026-08-03 19:41,VNR,20100.0
2026-08-03 19:41,DNW,33400.0
2026-08-03 19:41,STG,38850.0
2026-08-03 19:41,TID,18700.0
2026-08-03 19:41,MIG,16900.0
2026-08-03 19:41,VC3,25800.0
2026-08-03 19:41,DHC,34600.0
2026-08-03 19:41,AST,63000.0
2026-08-03 19:41,MSH,31200.0
2026-08-03 19:41,PTB,34200.0
2026-08-03 19:41,DXS,6030.0
2026-08-03 19:41,DPG,29000.0
2026-08-03 19:41,IPA,15600.0
2026-08-03 19:41,TMP,46100.0
2026-08-03 19:41,CRE,7280.0
2026-08-03 19:41,VDS,12150.0
2026-08-03 19:41,SZC,18600.0
2026-08-03 19:41,TRA,37900.0
2026-08-03 19:41,DPR,36400.0
2026-08-03 19:41,AVC,41100.0
2026-08-03 19:41,TVS,13850.0
2026-08-03 19:41,NTC,129000.0
2026-08-03 19:41,SHP,31100.0
2026-08-03 19:41,DVP,76100.0
2026-08-03 19:41,DSC,11000.0
2026-08-03 19:41,LSG,33000.0
2026-08-03 19:41,DNP,21000.0
2026-08-03 19:41,NAF,48300.0
2026-08-03 19:41,AGR,13200.0
2026-08-03 19:41,BFC,51600.0
2026-08-03 19:41,PRE,28200.0
2026-08-03 19:41,MCM,26450.0
2026-08-03 19:41,PGS,62000.0
2026-08-03 19:41,PPC,8880.0
2026-08-03 19:41,BMS,13400.0
2026-08-03 19:41,DCL,39200.0
2026-08-03 19:41,AAA,7200.0
2026-08-03 19:41,QCG,10250.0
2026-08-03 19:41,TDP,28200.0
2026-08-03 19:41,HDC,11850.0
2026-08-03 19:41,PRT,8900.0
2026-08-03 19:41,CDN,25100.0
2026-08-03 19:41,ASM,5970.0
2026-08-03 19:41,SHI,14000.0
2026-08-03 19:41,SAM,5800.0
2026-08-03 19:41,CSV,21700.0
2026-08-03 19:41,PGI,22300.0
2026-08-03 19:41,PTI,18800.0
2026-08-03 19:41,TNG,18300.0
2026-08-03 19:41,BWS,32900.0
2026-08-03 19:41,VPD,20900.0
2026-08-03 19:41,FMC,33900.0
2026-08-03 19:41,TRC,74500.0
2026-08-03 19:41,BGE,3000.0
2026-08-03 19:41,NCT,83400.0
2026-08-03 19:41,PGD,22200.0
2026-08-03 19:41,KHG,4740.0
2026-08-03 19:41,VIT,25000.0
2026-08-03 19:41,BMI,13800.0
2026-08-03 19:41,C4G,5700.0
2026-08-03 19:41,TBC,31500.0
2026-08-03 19:41,HBC,4300.0
2026-08-03 19:41,DMC,58900.0
2026-08-03 19:41,SCR,4620.0
2026-08-03 19:41,TCM,16600.0
2026-08-03 19:41,CDC,18500.0
2026-08-03 19:41,VFG,46250.0
2026-08-03 19:41,ABI,18900.0
2026-08-03 19:41,TTA,10700.0
2026-08-03 19:41,FIC,14900.0
2026-08-03 19:41,SGN,55600.0
2026-08-03 19:41,AGG,11550.0
2026-08-03 19:41,RAL,79700.0
2026-08-03 19:41,PHS,9400.0
2026-08-03 19:41,BVS,26400.0
2026-08-03 19:41,PVP,17050.0
2026-08-03 19:41,NBB,17300.0
2026-08-03 19:41,TV2,26450.0
2026-08-03 19:41,CTF,18000.0
2026-08-03 19:41,SVC,17050.0
2026-08-03 19:41,FCN,10900.0
2026-08-03 19:41,NTL,14000.0
2026-08-03 19:41,APF,45900.0
2026-08-03 19:41,AAS,7400.0
2026-08-03 19:41,YEG,7600.0
2026-08-04 02:06,VIC,213000.0
2026-08-04 02:06,VHM,148000.0
2026-08-04 02:06,VCB,60800.0
2026-08-04 02:06,BID,38250.0
2026-08-04 02:06,CTG,31800.0
2026-08-04 02:06,TCB,29950.0
2026-08-04 02:06,VPB,25500.0
2026-08-04 02:06,MCH,137700.0
2026-08-04 02:06,HPG,22550.0
2026-08-04 02:06,MBB,24000.0
2026-08-04 02:06,GAS,71200.0
2026-08-04 02:06,LPB,53000.0
2026-08-04 02:06,VPL,81000.0
2026-08-04 02:06,ACV,40000.0
2026-08-04 02:06,STB,71500.0
2026-08-04 02:06,VNM,60300.0
2026-08-04 02:06,ACB,22550.0
2026-08-04 02:06,BSR,25500.0
2026-08-04 02:06,HDB,26000.0
2026-08-04 02:06,FPT,71700.0
2026-08-04 02:06,TCX,40900.0
2026-08-04 02:06,GVR,28200.0
2026-08-04 02:06,MWG,72500.0
2026-08-04 02:06,MSN,68200.0
2026-08-04 02:06,VJC,126600.0
2026-08-04 02:06,VCK,31350.0
2026-08-04 02:06,KSF,79000.0
2026-08-04 02:06,HVN,23000.0
2026-08-04 02:06,SSI,24550.0
2026-08-04 02:06,SHB,11900.0
2026-08-04 02:06,VRE,25200.0
2026-08-04 02:06,SAB,44800.0
2026-08-04 02:06,SSB,15550.0
2026-08-04 02:06,MSB,16100.0
2026-08-04 02:06,VIB,14850.0
2026-08-04 02:06,VPX,26250.0
2026-08-04 02:06,FOX,66500.0
2026-08-04 02:06,THD,131600.0
2026-08-04 02:06,VEA,34700.0
2026-08-04 02:06,BVH,64300.0
2026-08-04 02:06,GEE,67800.0
2026-08-04 02:06,PLX,34700.0
2026-08-04 02:06,POW,13950.0
2026-08-04 02:06,TPB,14400.0
2026-08-04 02:06,BCM,36900.0
2026-08-04 02:06,HCM,25150.0
2026-08-04 02:06,KSV,114000.0
2026-08-04 02:06,EIB,18250.0
2026-08-04 02:06,MSR,37300.0
2026-08-04 02:06,GMD,77100.0
2026-08-04 02:06,VIX,13400.0
2026-08-04 02:06,NVL,13150.0
2026-08-04 02:06,OCB,10300.0
2026-08-04 02:06,GEX,23350.0
2026-08-04 02:06,REE,48400.0
2026-08-04 02:06,NAB,12200.0
2026-08-04 02:06,KBC,28250.0
2026-08-04 02:06,PGV,23000.0
2026-08-04 02:06,VND,16850.0
2026-08-04 02:06,VCI,21750.0
2026-08-04 02:06,FRT,133100.0
2026-08-04 02:06,NVB,11600.0
2026-08-04 02:06,ABB,17300.0
2026-08-04 02:06,VPI,65000.0
2026-08-04 02:06,KDH,18000.0
2026-08-04 02:06,SBT,21300.0
2026-08-04 02:06,CRV,26700.0
2026-08-04 02:06,MBS,18500.0
2026-08-04 02:06,HAG,14000.0
2026-08-04 02:06,PVS,34500.0
2026-08-04 02:06,VGC,38300.0
2026-08-04 02:06,QNS,46900.0
2026-08-04 02:06,PVD,18100.0
2026-08-04 02:06,PVI,72000.0
2026-08-04 02:06,DCM,31050.0
2026-08-04 02:06,DPM,22200.0
2026-08-04 02:06,PNJ,33150.0
2026-08-04 02:06,F88,71900.0
2026-08-04 02:06,HUT,14300.0
2026-08-04 02:06,VBB,13050.0
2026-08-04 02:06,DGC,39400.0
2026-08-04 02:06,SJS,47150.0
2026-08-04 02:06,KDC,52000.0
2026-08-04 02:06,VSF,28000.0
2026-08-04 02:06,SHS,15600.0
2026-08-04 02:06,IDC,33300.0
2026-08-04 02:06,DXG,10850.0
2026-08-04 02:06,BMP,151600.0
2026-08-04 02:06,PHP,38800.0
2026-08-04 02:06,DHG,93000.0
2026-08-04 02:06,BAB,10700.0
2026-08-04 02:06,SIP,49650.0
2026-08-04 02:06,PDR,11800.0
2026-08-04 02:06,TAL,23800.0
2026-08-04 02:06,VHC,53000.0
2026-08-04 02:06,BWE,43800.0
2026-08-04 02:06,BAF,30550.0
2026-08-04 02:06,VCG,15750.0
2026-08-04 02:06,NLG,21700.0
2026-08-04 02:06,TCH,12150.0
2026-08-04 02:06,VSH,42550.0
2026-08-04 02:06,NTP,48600.0
2026-08-04 02:06,VTP,49050.0
2026-08-04 02:06,DSE,22350.0
2026-08-04 02:06,PVT,18600.0
2026-08-04 02:06,EVF,12400.0
2026-08-04 02:06,CTR,74300.0
2026-08-04 02:06,HPA,32400.0
2026-08-04 02:06,AIG,52100.0
2026-08-04 02:06,CII,13950.0
2026-08-04 02:06,PC1,21500.0
2026-08-04 02:06,ORS,14100.0
2026-08-04 02:06,HSG,10950.0
2026-08-04 02:06,HAH,46050.0
2026-08-04 02:06,KLB,11500.0
2026-08-04 02:06,SJG,19300.0
2026-08-04 02:06,VAB,10100.0
2026-08-04 02:06,FTS,22100.0
2026-08-04 02:06,DGW,37050.0
2026-08-04 02:06,DIG,10600.0
2026-08-04 02:06,PHR,59500.0
2026-08-04 02:06,KOS,35100.0
2026-08-04 02:06,VCF,289000.0
2026-08-04 02:06,BSI,28200.0
2026-08-04 02:06,DTK,10700.0
2026-08-04 02:06,TDM,59500.0
2026-08-04 02:06,DBC,16550.0
2026-08-04 02:06,BHN,29900.0
2026-08-04 02:06,CTD,62600.0
2026-08-04 02:06,CEO,12000.0
2026-08-04 02:06,HDG,16400.0
2026-08-04 02:06,TMS,36750.0
2026-08-04 02:06,NT2,21550.0
2026-08-04 02:06,VGR,94000.0
2026-08-04 02:06,CTS,22300.0
2026-08-04 02:06,MPC,15100.0
2026-08-04 02:06,PET,38000.0
2026-08-04 02:06,HHV,10150.0
2026-08-04 02:06,CMG,25600.0
2026-08-04 02:06,VIF,15800.0
2026-08-04 02:06,SCG,65000.0
2026-08-04 02:06,PDN,96200.0
2026-08-04 02:06,IMP,36700.0
2026-08-04 02:06,VGT,11000.0
2026-08-04 02:06,NKG,11250.0
2026-08-04 02:06,DHT,58900.0
2026-08-04 02:06,VCS,33200.0
2026-08-04 02:06,PAN,21250.0
2026-08-04 02:06,HNG,6900.0
2026-08-04 02:06,VSC,14200.0
2026-08-04 02:06,SAS,34000.0
2026-08-04 02:06,HNA,21700.0
2026-08-04 02:06,ACG,31750.0
2026-08-04 02:06,SBH,38500.0
2026-08-04 02:06,PGB,9600.0
2026-08-04 02:06,DBD,49450.0
2026-08-04 02:06,HT1,12450.0
2026-08-04 02:06,TLG,49100.0
2026-08-04 02:06,GEG,12200.0
2026-08-04 02:06,IJC,7410.0
2026-08-04 02:06,SCS,44550.0
2026-08-04 02:06,VVS,101900.0
2026-08-04 02:06,ANV,17350.0
2026-08-04 02:06,BIC,21250.0
2026-08-04 02:06,CHP,27500.0
2026-08-04 02:06,HHS,10150.0
2026-08-04 02:06,VNR,20100.0
2026-08-04 02:06,DNW,33400.0
2026-08-04 02:06,STG,38850.0
2026-08-04 02:06,TID,18700.0
2026-08-04 02:06,MIG,16900.0
2026-08-04 02:06,VC3,25800.0
2026-08-04 02:06,DHC,34600.0
2026-08-04 02:06,AST,63000.0
2026-08-04 02:06,MSH,31200.0
2026-08-04 02:06,PTB,34200.0
2026-08-04 02:06,DXS,6030.0
2026-08-04 02:06,DPG,29000.0
2026-08-04 02:06,IPA,15600.0
2026-08-04 02:06,TMP,46100.0
2026-08-04 02:06,CRE,7280.0
2026-08-04 02:06,VDS,12150.0
2026-08-04 02:06,SZC,18600.0
2026-08-04 02:06,TRA,37900.0
2026-08-04 02:06,DPR,36400.0
2026-08-04 02:06,AVC,41100.0
2026-08-04 02:06,TVS,13850.0
2026-08-04 02:06,NTC,129000.0
2026-08-04 02:06,SHP,31100.0
2026-08-04 02:06,DVP,76100.0
2026-08-04 02:06,DSC,11000.0
2026-08-04 02:06,LSG,33000.0
2026-08-04 02:06,DNP,21000.0
2026-08-04 02:06,NAF,48300.0
2026-08-04 02:06,AGR,13200.0
2026-08-04 02:06,BFC,51600.0
2026-08-04 02:06,PRE,28200.0
2026-08-04 02:06,MCM,26450.0
2026-08-04 02:06,PGS,62000.0
2026-08-04 02:06,PPC,8880.0
2026-08-04 02:06,BMS,13400.0
2026-08-04 02:06,DCL,39200.0
2026-08-04 02:06,AAA,7200.0
2026-08-04 02:06,QCG,10250.0
2026-08-04 02:06,TDP,28200.0
2026-08-04 02:06,HDC,11850.0
2026-08-04 02:06,PRT,8900.0
2026-08-04 02:06,CDN,25100.0
2026-08-04 02:06,ASM,5970.0
2026-08-04 02:06,SHI,14000.0
2026-08-04 02:06,SAM,5800.0
2026-08-04 02:06,CSV,21700.0
2026-08-04 02:06,PGI,22300.0
2026-08-04 02:06,PTI,18800.0
2026-08-04 02:06,TNG,18300.0
2026-08-04 02:06,BWS,32900.0
2026-08-04 02:06,VPD,20900.0
2026-08-04 02:06,FMC,33900.0
2026-08-04 02:06,TRC,74500.0
2026-08-04 02:06,BGE,3000.0
2026-08-04 02:06,NCT,83400.0
2026-08-04 02:06,PGD,22200.0
2026-08-04 02:06,KHG,4740.0
2026-08-04 02:06,VIT,25000.0
2026-08-04 02:06,BMI,13800.0
2026-08-04 02:06,C4G,5700.0
2026-08-04 02:06,TBC,31500.0
2026-08-04 02:06,HBC,4300.0
2026-08-04 02:06,DMC,58900.0
2026-08-04 02:06,SCR,4620.0
2026-08-04 02:06,TCM,16600.0
2026-08-04 02:06,CDC,18500.0
2026-08-04 02:06,VFG,46250.0
2026-08-04 02:06,ABI,18900.0
2026-08-04 02:06,TTA,10700.0
2026-08-04 02:06,FIC,14900.0
2026-08-04 02:06,SGN,55600.0
2026-08-04 02:06,AGG,11550.0
2026-08-04 02:06,RAL,79700.0
2026-08-04 02:06,PHS,9400.0
2026-08-04 02:06,BVS,26400.0
2026-08-04 02:06,PVP,17050.0
2026-08-04 02:06,NBB,17300.0
2026-08-04 02:06,TV2,26450.0
2026-08-04 02:06,CTF,18000.0
2026-08-04 02:06,SVC,17050.0
2026-08-04 02:06,FCN,10900.0
2026-08-04 02:06,NTL,14000.0
2026-08-04 02:06,APF,45900.0
2026-08-04 02:06,AAS,7400.0
2026-08-04 02:06,YEG,7600.0
2026-08-04 05:44,VIC,213000.0
2026-08-04 05:44,VHM,148000.0
2026-08-04 05:44,VCB,60800.0
2026-08-04 05:44,BID,38250.0
2026-08-04 05:44,CTG,31800.0
2026-08-04 05:44,TCB,29950.0
2026-08-04 05:44,VPB,25500.0
2026-08-04 05:44,MCH,137700.0
2026-08-04 05:44,HPG,22550.0
2026-08-04 05:44,MBB,24000.0
2026-08-04 05:44,GAS,71200.0
2026-08-04 05:44,LPB,53000.0
2026-08-04 05:44,VPL,81000.0
2026-08-04 05:44,ACV,40000.0
2026-08-04 05:44,STB,71500.0
2026-08-04 05:44,VNM,60300.0
2026-08-04 05:44,ACB,22550.0
2026-08-04 05:44,BSR,25500.0
2026-08-04 05:44,HDB,26000.0
2026-08-04 05:44,FPT,71700.0
2026-08-04 05:44,TCX,40900.0
2026-08-04 05:44,GVR,28200.0
2026-08-04 05:44,MWG,72500.0
2026-08-04 05:44,MSN,68200.0
2026-08-04 05:44,VJC,126600.0
2026-08-04 05:44,VCK,31350.0
2026-08-04 05:44,KSF,79000.0
2026-08-04 05:44,HVN,23000.0
2026-08-04 05:44,SSI,24550.0
2026-08-04 05:44,SHB,11900.0
2026-08-04 05:44,VRE,25200.0
2026-08-04 05:44,SAB,44800.0
2026-08-04 05:44,SSB,15550.0
2026-08-04 05:44,MSB,16100.0
2026-08-04 05:44,VIB,14850.0
2026-08-04 05:44,VPX,26250.0
2026-08-04 05:44,FOX,66500.0
2026-08-04 05:44,THD,131600.0
2026-08-04 05:44,VEA,34700.0
2026-08-04 05:44,BVH,64300.0
2026-08-04 05:44,GEE,67800.0
2026-08-04 05:44,PLX,34700.0
2026-08-04 05:44,POW,13950.0
2026-08-04 05:44,TPB,14400.0
2026-08-04 05:44,BCM,36900.0
2026-08-04 05:44,HCM,25150.0
2026-08-04 05:44,KSV,114000.0
2026-08-04 05:44,EIB,18250.0
2026-08-04 05:44,MSR,37300.0
2026-08-04 05:44,GMD,77100.0
2026-08-04 05:44,VIX,13400.0
2026-08-04 05:44,NVL,13150.0
2026-08-04 05:44,OCB,10300.0
2026-08-04 05:44,GEX,23350.0
2026-08-04 05:44,REE,48400.0
2026-08-04 05:44,NAB,12200.0
2026-08-04 05:44,KBC,28250.0
2026-08-04 05:44,PGV,23000.0
2026-08-04 05:44,VND,16850.0
2026-08-04 05:44,VCI,21750.0
2026-08-04 05:44,FRT,133100.0
2026-08-04 05:44,NVB,11600.0
2026-08-04 05:44,ABB,17300.0
2026-08-04 05:44,VPI,65000.0
2026-08-04 05:44,KDH,18000.0
2026-08-04 05:44,SBT,21300.0
2026-08-04 05:44,CRV,26700.0
2026-08-04 05:44,MBS,18500.0
2026-08-04 05:44,HAG,14000.0
2026-08-04 05:44,PVS,34500.0
2026-08-04 05:44,VGC,38300.0
2026-08-04 05:44,QNS,46900.0
2026-08-04 05:44,PVD,18100.0
2026-08-04 05:44,PVI,72000.0
2026-08-04 05:44,DCM,31050.0
2026-08-04 05:44,DPM,22200.0
2026-08-04 05:44,PNJ,33150.0
2026-08-04 05:44,F88,71900.0
2026-08-04 05:44,HUT,14300.0
2026-08-04 05:44,VBB,13050.0
2026-08-04 05:44,DGC,39400.0
2026-08-04 05:44,SJS,47150.0
2026-08-04 05:44,KDC,52000.0
2026-08-04 05:44,VSF,28000.0
2026-08-04 05:44,SHS,15600.0
2026-08-04 05:44,IDC,33300.0
2026-08-04 05:44,DXG,10850.0
2026-08-04 05:44,BMP,151600.0
2026-08-04 05:44,PHP,38800.0
2026-08-04 05:44,DHG,93000.0
2026-08-04 05:44,BAB,10700.0
2026-08-04 05:44,SIP,49650.0
2026-08-04 05:44,PDR,11800.0
2026-08-04 05:44,TAL,23800.0
2026-08-04 05:44,VHC,53000.0
2026-08-04 05:44,BWE,43800.0
2026-08-04 05:44,BAF,30550.0
2026-08-04 05:44,VCG,15750.0
2026-08-04 05:44,NLG,21700.0
2026-08-04 05:44,TCH,12150.0
2026-08-04 05:44,VSH,42550.0
2026-08-04 05:44,NTP,48600.0
2026-08-04 05:44,VTP,49050.0
2026-08-04 05:44,DSE,22350.0
2026-08-04 05:44,PVT,18600.0
2026-08-04 05:44,EVF,12400.0
2026-08-04 05:44,CTR,74300.0
2026-08-04 05:44,HPA,32400.0
2026-08-04 05:44,CII,13950.0
2026-08-04 05:44,PC1,21500.0
2026-08-04 05:44,ORS,14100.0
2026-08-04 05:44,HSG,10950.0
2026-08-04 05:44,HAH,46050.0
2026-08-04 05:44,KLB,11500.0
2026-08-04 05:44,SJG,19300.0
2026-08-04 05:44,VAB,10100.0
2026-08-04 05:44,FTS,22100.0
2026-08-04 05:44,DGW,37050.0
2026-08-04 05:44,DIG,10600.0
2026-08-04 05:44,AIG,52100.0
2026-08-04 05:44,PHR,59500.0
2026-08-04 05:44,KOS,35100.0
2026-08-04 05:44,VCF,289000.0
2026-08-04 05:44,BSI,28200.0
2026-08-04 05:44,DTK,10700.0
2026-08-04 05:44,TDM,59500.0
2026-08-04 05:44,DBC,16550.0
2026-08-04 05:44,BHN,29900.0
2026-08-04 05:44,CTD,62600.0
2026-08-04 05:44,CEO,12000.0
2026-08-04 05:44,HDG,16400.0
2026-08-04 05:44,TMS,36750.0
2026-08-04 05:44,NT2,21550.0
2026-08-04 05:44,VGR,94000.0
2026-08-04 05:44,CTS,22300.0
2026-08-04 05:44,MPC,15100.0
2026-08-04 05:44,PET,38000.0
2026-08-04 05:44,HHV,10150.0
2026-08-04 05:44,CMG,25600.0
2026-08-04 05:44,VIF,15800.0
2026-08-04 05:44,SCG,65000.0
2026-08-04 05:44,PDN,96200.0
2026-08-04 05:44,IMP,36700.0
2026-08-04 05:44,VGT,11000.0
2026-08-04 05:44,NKG,11250.0
2026-08-04 05:44,DHT,58900.0
2026-08-04 05:44,VCS,33200.0
2026-08-04 05:44,PAN,21250.0
2026-08-04 05:44,HNG,6900.0
2026-08-04 05:44,VSC,14200.0
2026-08-04 05:44,SAS,34000.0
2026-08-04 05:44,HNA,21700.0
2026-08-04 05:44,ACG,31750.0
2026-08-04 05:44,SBH,38500.0
2026-08-04 05:44,PGB,9600.0
2026-08-04 05:44,DBD,49450.0
2026-08-04 05:44,HT1,12450.0
2026-08-04 05:44,TLG,49100.0
2026-08-04 05:44,GEG,12200.0
2026-08-04 05:44,IJC,7410.0
2026-08-04 05:44,SCS,44550.0
2026-08-04 05:44,VVS,101900.0
2026-08-04 05:44,ANV,17350.0
2026-08-04 05:44,BIC,21250.0
2026-08-04 05:44,CHP,27500.0
2026-08-04 05:44,HHS,10150.0
2026-08-04 05:44,VNR,20100.0
2026-08-04 05:44,DNW,33400.0
2026-08-04 05:44,STG,38850.0
2026-08-04 05:44,TID,18700.0
2026-08-04 05:44,MIG,16900.0
2026-08-04 05:44,VC3,25800.0
2026-08-04 05:44,DHC,34600.0
2026-08-04 05:44,AST,63000.0
2026-08-04 05:44,MSH,31200.0
2026-08-04 05:44,PTB,34200.0
2026-08-04 05:44,DXS,6030.0
2026-08-04 05:44,DPG,29000.0
2026-08-04 05:44,IPA,15600.0
2026-08-04 05:44,TMP,46100.0
2026-08-04 05:44,CRE,7280.0
2026-08-04 05:44,VDS,12150.0
2026-08-04 05:44,SZC,18600.0
2026-08-04 05:44,TRA,37900.0
2026-08-04 05:44,DPR,36400.0
2026-08-04 05:44,AVC,41100.0
2026-08-04 05:44,TVS,13850.0
2026-08-04 05:44,NTC,129000.0
2026-08-04 05:44,SHP,31100.0
2026-08-04 05:44,DVP,76100.0
2026-08-04 05:44,DSC,11000.0
2026-08-04 05:44,LSG,33000.0
2026-08-04 05:44,DNP,21000.0
2026-08-04 05:44,NAF,48300.0
2026-08-04 05:44,AGR,13200.0
2026-08-04 05:44,BFC,51600.0
2026-08-04 05:44,PRE,28200.0
2026-08-04 05:44,MCM,26450.0
2026-08-04 05:44,PGS,62000.0
2026-08-04 05:44,PPC,8880.0
2026-08-04 05:44,BMS,13400.0
2026-08-04 05:44,DCL,39200.0
2026-08-04 05:44,AAA,7200.0
2026-08-04 05:44,QCG,10250.0
2026-08-04 05:44,TDP,28200.0
2026-08-04 05:44,HDC,11850.0
2026-08-04 05:44,PRT,8900.0
2026-08-04 05:44,CDN,25100.0
2026-08-04 05:44,ASM,5970.0
2026-08-04 05:44,SHI,14000.0
2026-08-04 05:44,SAM,5800.0
2026-08-04 05:44,CSV,21700.0
2026-08-04 05:44,PGI,22300.0
2026-08-04 05:44,PTI,18800.0
2026-08-04 05:44,TNG,18300.0
2026-08-04 05:44,BWS,32900.0
2026-08-04 05:44,VPD,20900.0
2026-08-04 05:44,FMC,33900.0
2026-08-04 05:44,TRC,74500.0
2026-08-04 05:44,BGE,3000.0
2026-08-04 05:44,NCT,83400.0
2026-08-04 05:44,PGD,22200.0
2026-08-04 05:44,KHG,4740.0
2026-08-04 05:44,VIT,25000.0
2026-08-04 05:44,BMI,13800.0
2026-08-04 05:44,C4G,5700.0
2026-08-04 05:44,TBC,31500.0
2026-08-04 05:44,HBC,4300.0
2026-08-04 05:44,DMC,58900.0
2026-08-04 05:44,SCR,4620.0
2026-08-04 05:44,TCM,16600.0
2026-08-04 05:44,CDC,18500.0
2026-08-04 05:44,VFG,46250.0
2026-08-04 05:44,ABI,18900.0
2026-08-04 05:44,TTA,10700.0
2026-08-04 05:44,FIC,14900.0
2026-08-04 05:44,SGN,55600.0
2026-08-04 05:44,AGG,11550.0
2026-08-04 05:44,RAL,79700.0
2026-08-04 05:44,PHS,9400.0
2026-08-04 05:44,BVS,26400.0
2026-08-04 05:44,PVP,17050.0
2026-08-04 05:44,NBB,17300.0
2026-08-04 05:44,TV2,26450.0
2026-08-04 05:44,CTF,18000.0
2026-08-04 05:44,SVC,17050.0
2026-08-04 05:44,FCN,10900.0
2026-08-04 05:44,NTL,14000.0
2026-08-04 05:44,APF,45900.0
2026-08-04 05:44,AAS,7400.0
2026-08-04 05:44,YEG,7600.0
2026-08-04 15:09,VIC,218000.0
2026-08-04 15:09,VHM,152900.0
2026-08-04 15:09,VCB,60000.0
2026-08-04 15:09,BID,38000.0
2026-08-04 15:09,CTG,31850.0
2026-08-04 15:09,TCB,29650.0
2026-08-04 15:09,VPB,25650.0
2026-08-04 15:09,MCH,138000.0
2026-08-04 15:09,HPG,22150.0
2026-08-04 15:09,MBB,24400.0
2026-08-04 15:09,GAS,69900.0
2026-08-04 15:09,LPB,53800.0
2026-08-04 15:09,VPL,81200.0
2026-08-04 15:09,ACV,39300.0
2026-08-04 15:09,STB,74100.0
2026-08-04 15:09,VNM,59500.0
2026-08-04 15:09,ACB,22450.0
2026-08-04 15:09,BSR,25000.0
2026-08-04 15:09,HDB,26700.0
2026-08-04 15:09,FPT,71500.0
2026-08-04 15:09,TCX,40650.0
2026-08-04 15:09,GVR,28500.0
2026-08-04 15:09,MWG,72100.0
2026-08-04 15:09,MSN,68400.0
2026-08-04 15:09,VJC,126500.0
2026-08-04 15:09,VCK,31350.0
2026-08-04 15:09,KSF,80400.0
2026-08-04 15:09,HVN,23750.0
2026-08-04 15:09,SSI,24550.0
2026-08-04 15:09,SHB,11800.0
2026-08-04 15:09,VRE,26400.0
2026-08-04 15:09,SAB,45100.0
2026-08-04 15:09,SSB,15450.0
2026-08-04 15:09,MSB,16200.0
2026-08-04 15:09,VIB,14800.0
2026-08-04 15:09,VPX,26000.0
2026-08-04 15:09,FOX,65500.0
2026-08-04 15:09,THD,144700.0
2026-08-04 15:09,VEA,34700.0
2026-08-04 15:09,BVH,63000.0
2026-08-04 15:09,GEE,70000.0
2026-08-04 15:09,PLX,33450.0
2026-08-04 15:09,POW,13900.0
2026-08-04 15:09,TPB,14550.0
2026-08-04 15:09,BCM,37000.0
2026-08-04 15:09,HCM,25100.0
2026-08-04 15:09,KSV,111000.0
2026-08-04 15:09,EIB,18200.0
2026-08-04 15:09,MSR,39100.0
2026-08-04 15:09,GMD,76500.0
2026-08-04 15:09,VIX,13900.0
2026-08-04 15:09,NVL,13400.0
2026-08-04 15:09,OCB,10300.0
2026-08-04 15:09,GEX,24850.0
2026-08-04 15:09,REE,48350.0
2026-08-04 15:09,NAB,12100.0
2026-08-04 15:09,KBC,28400.0
2026-08-04 15:09,PGV,23050.0
2026-08-04 15:09,VND,16950.0
2026-08-04 15:09,VCI,21850.0
2026-08-04 15:09,FRT,133100.0
2026-08-04 15:09,NVB,11700.0
2026-08-04 15:09,ABB,17200.0
2026-08-04 15:09,VPI,63500.0
2026-08-04 15:09,KDH,18000.0
2026-08-04 15:09,SBT,21300.0
2026-08-04 15:09,CRV,26700.0
2026-08-04 15:09,MBS,18600.0
2026-08-04 15:09,HAG,14150.0
2026-08-04 15:09,PVS,34500.0
2026-08-04 15:09,VGC,38300.0
2026-08-04 15:09,QNS,47200.0
2026-08-04 15:09,PVD,18100.0
2026-08-04 15:09,PVI,73800.0
2026-08-04 15:09,DCM,30950.0
2026-08-04 15:09,DPM,22200.0
2026-08-04 15:09,PNJ,35450.0
2026-08-04 15:09,F88,71400.0
2026-08-04 15:09,HUT,14200.0
2026-08-04 15:09,VBB,13050.0
2026-08-04 15:09,DGC,39600.0
2026-08-04 15:09,SJS,47150.0
2026-08-04 15:09,KDC,51900.0
2026-08-04 15:09,VSF,27000.0
2026-08-04 15:09,SHS,15800.0
2026-08-04 15:09,IDC,33300.0
2026-08-04 15:09,DXG,10900.0
2026-08-04 15:09,BMP,149800.0
2026-08-04 15:09,PHP,40700.0
2026-08-04 15:09,DHG,93500.0
2026-08-04 15:09,BAB,10600.0
2026-08-04 15:09,SIP,51000.0
2026-08-04 15:09,PDR,12100.0
2026-08-04 15:09,TAL,25450.0
2026-08-04 15:09,VHC,53500.0
2026-08-04 15:09,BWE,43800.0
2026-08-04 15:09,BAF,31550.0
2026-08-04 15:09,VCG,15900.0
2026-08-04 15:09,NLG,21850.0
2026-08-04 15:09,TCH,12300.0
2026-08-04 15:09,VSH,42550.0
2026-08-04 15:09,NTP,49200.0
2026-08-04 15:09,VTP,48800.0
2026-08-04 15:09,DSE,22400.0
2026-08-04 15:09,PVT,18700.0
2026-08-04 15:09,EVF,12500.0
2026-08-04 15:09,CTR,74300.0
2026-08-04 15:09,HPA,32000.0
2026-08-04 15:09,CII,13950.0
2026-08-04 15:09,PC1,21500.0
2026-08-04 15:09,ORS,14250.0
2026-08-04 15:09,HSG,10850.0
2026-08-04 15:09,HAH,46050.0
2026-08-04 15:09,KLB,12050.0
2026-08-04 15:09,SJG,21900.0
2026-08-04 15:09,VAB,10100.0
2026-08-04 15:09,FTS,22100.0
2026-08-04 15:09,DGW,39600.0
2026-08-04 15:09,DIG,10700.0
2026-08-04 15:09,AIG,46900.0
2026-08-04 15:09,PHR,59800.0
2026-08-04 15:09,KOS,34500.0
2026-08-04 15:09,VCF,291100.0
2026-08-04 15:09,BSI,28500.0
2026-08-04 15:09,DTK,11000.0
2026-08-04 15:09,TDM,59300.0
2026-08-04 15:09,DBC,16600.0
2026-08-04 15:09,BHN,30350.0
2026-08-04 15:09,CTD,63600.0
2026-08-04 15:09,CEO,12000.0
2026-08-04 15:09,HDG,16650.0
2026-08-04 15:09,TMS,36750.0
2026-08-04 15:09,NT2,21450.0
2026-08-04 15:09,VGR,94000.0
2026-08-04 15:09,CTS,22250.0
2026-08-04 15:09,MPC,15000.0
2026-08-04 15:09,PET,40000.0
2026-08-04 15:09,HHV,10200.0
2026-08-04 15:09,CMG,25400.0
2026-08-04 15:09,VIF,15000.0
2026-08-04 15:09,SCG,64600.0
2026-08-04 15:09,PDN,96500.0
2026-08-04 15:09,IMP,36100.0
2026-08-04 15:09,VGT,11200.0
2026-08-04 15:09,NKG,11050.0
2026-08-04 15:09,DHT,58300.0
2026-08-04 15:09,VCS,33200.0
2026-08-04 15:09,PAN,21250.0
2026-08-04 15:09,HNG,6600.0
2026-08-04 15:09,VSC,14850.0
2026-08-04 15:09,SAS,33800.0
2026-08-04 15:09,HNA,22000.0
2026-08-04 15:09,ACG,31600.0
2026-08-04 15:09,SBH,38500.0
2026-08-04 15:09,PGB,9600.0
2026-08-04 15:09,DBD,49200.0
2026-08-04 15:09,HT1,13200.0
2026-08-04 15:09,TLG,48650.0
2026-08-04 15:09,GEG,12200.0
2026-08-04 15:09,IJC,7380.0
2026-08-04 15:09,SCS,44700.0
2026-08-04 15:09,VVS,103500.0
2026-08-04 15:09,ANV,17400.0
2026-08-04 15:09,BIC,21400.0
2026-08-04 15:09,CHP,27400.0
2026-08-04 15:09,HHS,10250.0
2026-08-04 15:09,VNR,20100.0
2026-08-04 15:09,DNW,33000.0
2026-08-04 15:09,STG,40650.0
2026-08-04 15:09,TID,20900.0
2026-08-04 15:09,MIG,16800.0
2026-08-04 15:09,VC3,25600.0
2026-08-04 15:09,DHC,34100.0
2026-08-04 15:09,AST,63800.0
2026-08-04 15:09,MSH,31000.0
2026-08-04 15:09,PTB,34500.0
2026-08-04 15:09,DXS,5880.0
2026-08-04 15:09,DPG,31000.0
2026-08-04 15:09,IPA,15400.0
2026-08-04 15:09,TMP,46500.0
2026-08-04 15:09,CRE,7150.0
2026-08-04 15:09,VDS,12100.0
2026-08-04 15:09,SZC,18650.0
2026-08-04 15:09,TRA,37900.0
2026-08-04 15:09,DPR,36000.0
2026-08-04 15:09,AVC,40200.0
2026-08-04 15:09,TVS,13800.0
2026-08-04 15:09,NTC,130400.0
2026-08-04 15:09,SHP,30500.0
2026-08-04 15:09,DVP,77200.0
2026-08-04 15:09,DSC,10800.0
2026-08-04 15:09,LSG,32300.0
2026-08-04 15:09,DNP,21000.0
2026-08-04 15:09,NAF,48350.0
2026-08-04 15:09,AGR,13300.0
2026-08-04 15:09,BFC,51800.0
2026-08-04 15:09,PRE,28300.0
2026-08-04 15:09,MCM,26400.0
2026-08-04 15:09,PGS,61000.0
2026-08-04 15:09,PPC,8880.0
2026-08-04 15:09,BMS,13200.0
2026-08-04 15:09,DCL,41900.0
2026-08-04 15:09,AAA,7210.0
2026-08-04 15:09,QCG,10300.0
2026-08-04 15:09,TDP,28300.0
2026-08-04 15:09,HDC,11900.0
2026-08-04 15:09,PRT,9000.0
2026-08-04 15:09,CDN,25900.0
2026-08-04 15:09,ASM,5930.0
2026-08-04 15:09,SHI,14000.0
2026-08-04 15:09,SAM,5810.0
2026-08-04 15:09,CSV,21800.0
2026-08-04 15:09,PGI,23400.0
2026-08-04 15:09,PTI,18900.0
2026-08-04 15:09,TNG,18200.0
2026-08-04 15:09,BWS,32500.0
2026-08-04 15:09,VPD,20800.0
2026-08-04 15:09,FMC,33950.0
2026-08-04 15:09,TRC,76000.0
2026-08-04 15:09,BGE,3000.0
2026-08-04 15:09,NCT,82900.0
2026-08-04 15:09,PGD,22650.0
2026-08-04 15:09,KHG,4750.0
2026-08-04 15:09,VIT,25000.0
2026-08-04 15:09,BMI,13600.0
2026-08-04 15:09,C4G,5700.0
2026-08-04 15:09,TBC,31500.0
2026-08-04 15:09,HBC,4300.0
2026-08-04 15:09,DMC,58000.0
2026-08-04 15:09,SCR,4640.0
2026-08-04 15:09,TCM,16500.0
2026-08-04 15:09,CDC,18600.0
2026-08-04 15:09,VFG,45950.0
2026-08-04 15:09,ABI,18800.0
2026-08-04 15:09,TTA,11000.0
2026-08-04 15:09,FIC,14400.0
2026-08-04 15:09,SGN,55400.0
2026-08-04 15:09,AGG,11400.0
2026-08-04 15:09,RAL,80700.0
2026-08-04 15:09,PHS,9400.0
2026-08-04 15:09,BVS,27200.0
2026-08-04 15:09,PVP,16950.0
2026-08-04 15:09,NBB,17250.0
2026-08-04 15:09,TV2,26400.0
2026-08-04 15:09,CTF,18400.0
2026-08-04 15:09,SVC,17050.0
2026-08-04 15:09,FCN,10700.0
2026-08-04 15:09,NTL,13850.0
2026-08-04 15:09,APF,45800.0
2026-08-04 15:09,AAS,7400.0
2026-08-04 15:09,YEG,7610.0
